2025-11-13 00:00:01 [http-nio-8088-exec-4] DEBUG o.s.security.web.FilterChainProxy - Securing POST /api/v1/orders
2025-11-13 00:00:01 [http-nio-8088-exec-4] DEBUG org.hibernate.SQL - 
    select
        u1_0.id,
        u1_0.created_at,
        u1_0.email,
        u1_0.full_name,
        u1_0.password,
        u1_0.phone,
        u1_0.status,
        u1_0.updated_at,
        u1_0.username 
    from
        users u1_0 
    where
        u1_0.username=?
2025-11-13 00:00:01 [http-nio-8088-exec-4] DEBUG org.hibernate.SQL - 
    select
        r1_0.user_id,
        r1_1.id,
        r1_1.name 
    from
        user_roles r1_0 
    join
        roles r1_1 
            on r1_1.id=r1_0.role_id 
    where
        r1_0.user_id=?
2025-11-13 00:00:01 [http-nio-8088-exec-4] DEBUG o.s.security.web.FilterChainProxy - Secured POST /api/v1/orders
2025-11-13 00:00:01 [http-nio-8088-exec-4] DEBUG o.s.s.a.m.AuthorizationManagerBeforeMethodInterceptor - Authorizing method invocation ReflectiveMethodInvocation: public org.springframework.http.ResponseEntity com.giapho.coffee_shop_backend.controller.OrderController.createOrder(com.giapho.coffee_shop_backend.dto.OrderCreateRequestDTO); target is of class [com.giapho.coffee_shop_backend.controller.OrderController]
2025-11-13 00:00:01 [http-nio-8088-exec-4] DEBUG o.s.s.a.m.AuthorizationManagerBeforeMethodInterceptor - Authorized method invocation ReflectiveMethodInvocation: public org.springframework.http.ResponseEntity com.giapho.coffee_shop_backend.controller.OrderController.createOrder(com.giapho.coffee_shop_backend.dto.OrderCreateRequestDTO); target is of class [com.giapho.coffee_shop_backend.controller.OrderController]
2025-11-13 00:00:01 [http-nio-8088-exec-4] DEBUG org.hibernate.SQL - 
    select
        u1_0.id,
        u1_0.created_at,
        u1_0.email,
        u1_0.full_name,
        u1_0.password,
        u1_0.phone,
        u1_0.status,
        u1_0.updated_at,
        u1_0.username 
    from
        users u1_0 
    where
        u1_0.username=?
2025-11-13 00:00:01 [http-nio-8088-exec-4] DEBUG org.hibernate.SQL - 
    select
        r1_0.user_id,
        r1_1.id,
        r1_1.name 
    from
        user_roles r1_0 
    join
        roles r1_1 
            on r1_1.id=r1_0.role_id 
    where
        r1_0.user_id=?
2025-11-13 00:00:01 [http-nio-8088-exec-4] INFO  c.g.c.service.OrderService - No customer associated with new order
2025-11-13 00:00:01 [http-nio-8088-exec-4] DEBUG org.hibernate.SQL - 
    select
        p1_0.id,
        p1_0.category_id,
        p1_0.code,
        p1_0.cost,
        p1_0.created_at,
        p1_0.description,
        p1_0.image_url,
        p1_0.is_available,
        p1_0.name,
        p1_0.price,
        p1_0.updated_at 
    from
        products p1_0 
    where
        p1_0.id=?
2025-11-13 00:00:01 [http-nio-8088-exec-4] DEBUG org.hibernate.SQL - 
    insert 
    into
        orders
        (voucher_id, table_id, created_at, customer_id, discount_amount, paid_at, payment_method, status, sub_total, total_amount, type, user_id, voucher_code) 
    values
        (?, ?, ?, ?, ?, ?, ?, ?, ?, ?, ?, ?, ?)
2025-11-13 00:00:01 [http-nio-8088-exec-4] DEBUG org.hibernate.SQL - 
    insert 
    into
        order_details
        (notes, order_id, price_at_order, product_id, quantity) 
    values
        (?, ?, ?, ?, ?)
2025-11-13 00:00:01 [http-nio-8088-exec-4] DEBUG org.hibernate.SQL - 
    select
        o1_0.id,
        o1_0.voucher_id,
        ct1_0.id,
        ct1_0.capacity,
        ct1_0.name,
        ct1_0.status,
        o1_0.created_at,
        c1_0.id,
        c1_0.created_at,
        c1_0.email,
        c1_0.full_name,
        c1_0.loyalty_points,
        c1_0.phone,
        c1_0.updated_at,
        o1_0.discount_amount,
        od1_0.order_id,
        od1_0.id,
        od1_0.notes,
        od1_0.price_at_order,
        od1_0.product_id,
        od1_0.quantity,
        o1_0.paid_at,
        o1_0.payment_method,
        o1_0.status,
        o1_0.sub_total,
        o1_0.total_amount,
        o1_0.type,
        o1_0.user_id,
        u1_0.id,
        u1_0.created_at,
        u1_0.email,
        u1_0.full_name,
        u1_0.password,
        u1_0.phone,
        u1_0.status,
        u1_0.updated_at,
        u1_0.username,
        o1_0.voucher_code 
    from
        orders o1_0 
    left join
        order_details od1_0 
            on o1_0.id=od1_0.order_id 
    left join
        tables ct1_0 
            on ct1_0.id=o1_0.table_id 
    left join
        users u1_0 
            on u1_0.id=o1_0.user_id 
    left join
        customers c1_0 
            on c1_0.id=o1_0.customer_id 
    where
        o1_0.id=?
2025-11-13 00:00:01 [http-nio-8088-exec-8] DEBUG o.s.security.web.FilterChainProxy - Securing GET /api/v1/tables
2025-11-13 00:00:01 [http-nio-8088-exec-8] DEBUG org.hibernate.SQL - 
    select
        u1_0.id,
        u1_0.created_at,
        u1_0.email,
        u1_0.full_name,
        u1_0.password,
        u1_0.phone,
        u1_0.status,
        u1_0.updated_at,
        u1_0.username 
    from
        users u1_0 
    where
        u1_0.username=?
2025-11-13 00:00:01 [http-nio-8088-exec-8] DEBUG org.hibernate.SQL - 
    select
        r1_0.user_id,
        r1_1.id,
        r1_1.name 
    from
        user_roles r1_0 
    join
        roles r1_1 
            on r1_1.id=r1_0.role_id 
    where
        r1_0.user_id=?
2025-11-13 00:00:01 [http-nio-8088-exec-8] DEBUG o.s.security.web.FilterChainProxy - Secured GET /api/v1/tables
2025-11-13 00:00:01 [http-nio-8088-exec-8] DEBUG o.s.s.a.m.AuthorizationManagerBeforeMethodInterceptor - Authorizing method invocation ReflectiveMethodInvocation: public org.springframework.http.ResponseEntity com.giapho.coffee_shop_backend.controller.CafeTableController.getAllTables(); target is of class [com.giapho.coffee_shop_backend.controller.CafeTableController]
2025-11-13 00:00:01 [http-nio-8088-exec-8] DEBUG o.s.s.a.m.AuthorizationManagerBeforeMethodInterceptor - Authorized method invocation ReflectiveMethodInvocation: public org.springframework.http.ResponseEntity com.giapho.coffee_shop_backend.controller.CafeTableController.getAllTables(); target is of class [com.giapho.coffee_shop_backend.controller.CafeTableController]
2025-11-13 00:00:01 [http-nio-8088-exec-8] DEBUG org.hibernate.SQL - 
    select
        ct1_0.id,
        ct1_0.capacity,
        ct1_0.name,
        ct1_0.status 
    from
        tables ct1_0
2025-11-13 00:00:01 [http-nio-8088-exec-6] DEBUG o.s.security.web.FilterChainProxy - Securing GET /api/v1/products?page=0&size=1000
2025-11-13 00:00:01 [http-nio-8088-exec-6] DEBUG org.hibernate.SQL - 
    select
        u1_0.id,
        u1_0.created_at,
        u1_0.email,
        u1_0.full_name,
        u1_0.password,
        u1_0.phone,
        u1_0.status,
        u1_0.updated_at,
        u1_0.username 
    from
        users u1_0 
    where
        u1_0.username=?
2025-11-13 00:00:02 [http-nio-8088-exec-6] DEBUG org.hibernate.SQL - 
    select
        r1_0.user_id,
        r1_1.id,
        r1_1.name 
    from
        user_roles r1_0 
    join
        roles r1_1 
            on r1_1.id=r1_0.role_id 
    where
        r1_0.user_id=?
2025-11-13 00:00:02 [http-nio-8088-exec-6] DEBUG o.s.security.web.FilterChainProxy - Secured GET /api/v1/products?page=0&size=1000
2025-11-13 00:00:02 [http-nio-8088-exec-6] DEBUG o.s.s.a.m.AuthorizationManagerBeforeMethodInterceptor - Authorizing method invocation ReflectiveMethodInvocation: public org.springframework.http.ResponseEntity com.giapho.coffee_shop_backend.controller.ProductController.getAllProducts(java.lang.String,java.lang.Long,org.springframework.data.domain.Pageable); target is of class [com.giapho.coffee_shop_backend.controller.ProductController]
2025-11-13 00:00:02 [http-nio-8088-exec-6] DEBUG o.s.s.a.m.AuthorizationManagerBeforeMethodInterceptor - Authorized method invocation ReflectiveMethodInvocation: public org.springframework.http.ResponseEntity com.giapho.coffee_shop_backend.controller.ProductController.getAllProducts(java.lang.String,java.lang.Long,org.springframework.data.domain.Pageable); target is of class [com.giapho.coffee_shop_backend.controller.ProductController]
2025-11-13 00:00:02 [http-nio-8088-exec-6] DEBUG org.hibernate.SQL - 
    select
        p1_0.id,
        p1_0.category_id,
        c1_0.id,
        c1_0.description,
        c1_0.name,
        p1_0.code,
        p1_0.cost,
        p1_0.created_at,
        p1_0.description,
        p1_0.image_url,
        p1_0.is_available,
        p1_0.name,
        p1_0.price,
        p1_0.updated_at 
    from
        products p1_0 
    join
        categories c1_0 
            on c1_0.id=p1_0.category_id 
    limit
        ?, ?
2025-11-13 00:00:02 [http-nio-8088-exec-7] DEBUG o.s.security.web.FilterChainProxy - Securing GET /api/v1/files/82b4818b-f0d2-4206-bfa5-298f7111d20c.jpg
2025-11-13 00:00:02 [http-nio-8088-exec-7] DEBUG o.s.s.w.a.AnonymousAuthenticationFilter - Set SecurityContextHolder to anonymous SecurityContext
2025-11-13 00:00:02 [http-nio-8088-exec-7] DEBUG o.s.security.web.FilterChainProxy - Secured GET /api/v1/files/82b4818b-f0d2-4206-bfa5-298f7111d20c.jpg
2025-11-13 00:00:02 [http-nio-8088-exec-2] DEBUG o.s.security.web.FilterChainProxy - Securing GET /api/v1/files/80cf5e3d-5d4c-4d1b-9e7d-0a0b8bfa00eb.jpg
2025-11-13 00:00:02 [http-nio-8088-exec-10] DEBUG o.s.security.web.FilterChainProxy - Securing GET /api/v1/files/e267ade1-780a-4a34-adf1-ecb1b2948e21.jpg
2025-11-13 00:00:02 [http-nio-8088-exec-2] DEBUG o.s.s.w.a.AnonymousAuthenticationFilter - Set SecurityContextHolder to anonymous SecurityContext
2025-11-13 00:00:02 [http-nio-8088-exec-10] DEBUG o.s.s.w.a.AnonymousAuthenticationFilter - Set SecurityContextHolder to anonymous SecurityContext
2025-11-13 00:00:02 [http-nio-8088-exec-1] DEBUG o.s.security.web.FilterChainProxy - Securing GET /api/v1/files/56de7c12-082e-4eb3-b6cb-d84d8cc38775.jpg
2025-11-13 00:00:02 [http-nio-8088-exec-10] DEBUG o.s.security.web.FilterChainProxy - Secured GET /api/v1/files/e267ade1-780a-4a34-adf1-ecb1b2948e21.jpg
2025-11-13 00:00:02 [http-nio-8088-exec-1] DEBUG o.s.s.w.a.AnonymousAuthenticationFilter - Set SecurityContextHolder to anonymous SecurityContext
2025-11-13 00:00:02 [http-nio-8088-exec-1] DEBUG o.s.security.web.FilterChainProxy - Secured GET /api/v1/files/56de7c12-082e-4eb3-b6cb-d84d8cc38775.jpg
2025-11-13 00:00:02 [http-nio-8088-exec-10] DEBUG c.g.c.controller.FileController - Downloading file: e267ade1-780a-4a34-adf1-ecb1b2948e21.jpg
2025-11-13 00:00:02 [http-nio-8088-exec-3] DEBUG o.s.security.web.FilterChainProxy - Securing GET /api/v1/files/358e5aef-6b26-4cb1-a997-97ac999d9dc1.jpg
2025-11-13 00:00:02 [http-nio-8088-exec-3] DEBUG o.s.s.w.a.AnonymousAuthenticationFilter - Set SecurityContextHolder to anonymous SecurityContext
2025-11-13 00:00:02 [http-nio-8088-exec-3] DEBUG o.s.security.web.FilterChainProxy - Secured GET /api/v1/files/358e5aef-6b26-4cb1-a997-97ac999d9dc1.jpg
2025-11-13 00:00:02 [http-nio-8088-exec-7] DEBUG c.g.c.controller.FileController - Downloading file: 82b4818b-f0d2-4206-bfa5-298f7111d20c.jpg
2025-11-13 00:00:02 [http-nio-8088-exec-2] DEBUG o.s.security.web.FilterChainProxy - Secured GET /api/v1/files/80cf5e3d-5d4c-4d1b-9e7d-0a0b8bfa00eb.jpg
2025-11-13 00:00:02 [http-nio-8088-exec-3] DEBUG c.g.c.controller.FileController - Downloading file: 358e5aef-6b26-4cb1-a997-97ac999d9dc1.jpg
2025-11-13 00:00:02 [http-nio-8088-exec-2] DEBUG c.g.c.controller.FileController - Downloading file: 80cf5e3d-5d4c-4d1b-9e7d-0a0b8bfa00eb.jpg
2025-11-13 00:00:02 [http-nio-8088-exec-1] DEBUG c.g.c.controller.FileController - Downloading file: 56de7c12-082e-4eb3-b6cb-d84d8cc38775.jpg
2025-11-13 00:00:02 [http-nio-8088-exec-5] DEBUG o.s.security.web.FilterChainProxy - Securing GET /api/v1/files/b0fcea8f-74ab-4ff1-bd62-6557e0ccb1f2.jpg
2025-11-13 00:00:02 [http-nio-8088-exec-9] DEBUG o.s.security.web.FilterChainProxy - Securing GET /api/v1/categories
2025-11-13 00:00:02 [http-nio-8088-exec-5] DEBUG o.s.s.w.a.AnonymousAuthenticationFilter - Set SecurityContextHolder to anonymous SecurityContext
2025-11-13 00:00:02 [http-nio-8088-exec-5] DEBUG o.s.security.web.FilterChainProxy - Secured GET /api/v1/files/b0fcea8f-74ab-4ff1-bd62-6557e0ccb1f2.jpg
2025-11-13 00:00:02 [http-nio-8088-exec-5] DEBUG c.g.c.controller.FileController - Downloading file: b0fcea8f-74ab-4ff1-bd62-6557e0ccb1f2.jpg
2025-11-13 00:00:02 [http-nio-8088-exec-4] DEBUG o.s.security.web.FilterChainProxy - Securing GET /api/v1/files/fc284af6-76c3-40fc-b6ab-245bf05af010.jpg
2025-11-13 00:00:02 [http-nio-8088-exec-4] DEBUG o.s.s.w.a.AnonymousAuthenticationFilter - Set SecurityContextHolder to anonymous SecurityContext
2025-11-13 00:00:02 [http-nio-8088-exec-4] DEBUG o.s.security.web.FilterChainProxy - Secured GET /api/v1/files/fc284af6-76c3-40fc-b6ab-245bf05af010.jpg
2025-11-13 00:00:02 [http-nio-8088-exec-4] DEBUG c.g.c.controller.FileController - Downloading file: fc284af6-76c3-40fc-b6ab-245bf05af010.jpg
2025-11-13 00:00:02 [http-nio-8088-exec-2] DEBUG o.s.security.web.FilterChainProxy - Securing GET /api/v1/files/a10447e0-1a57-4b12-837d-218f6d3a6706.jpg
2025-11-13 00:00:02 [http-nio-8088-exec-2] DEBUG o.s.s.w.a.AnonymousAuthenticationFilter - Set SecurityContextHolder to anonymous SecurityContext
2025-11-13 00:00:02 [http-nio-8088-exec-6] DEBUG o.s.security.web.FilterChainProxy - Securing GET /api/v1/files/01377e1e-70ed-48ba-bd4a-6379aeff4856.jpg
2025-11-13 00:00:02 [http-nio-8088-exec-8] DEBUG o.s.security.web.FilterChainProxy - Securing GET /api/v1/files/399710fc-be76-468d-be99-161396dbd4a4.jpg
2025-11-13 00:00:02 [http-nio-8088-exec-9] DEBUG org.hibernate.SQL - 
    select
        u1_0.id,
        u1_0.created_at,
        u1_0.email,
        u1_0.full_name,
        u1_0.password,
        u1_0.phone,
        u1_0.status,
        u1_0.updated_at,
        u1_0.username 
    from
        users u1_0 
    where
        u1_0.username=?
2025-11-13 00:00:02 [http-nio-8088-exec-2] DEBUG o.s.security.web.FilterChainProxy - Secured GET /api/v1/files/a10447e0-1a57-4b12-837d-218f6d3a6706.jpg
2025-11-13 00:00:02 [http-nio-8088-exec-8] DEBUG o.s.s.w.a.AnonymousAuthenticationFilter - Set SecurityContextHolder to anonymous SecurityContext
2025-11-13 00:00:02 [http-nio-8088-exec-8] DEBUG o.s.security.web.FilterChainProxy - Secured GET /api/v1/files/399710fc-be76-468d-be99-161396dbd4a4.jpg
2025-11-13 00:00:02 [http-nio-8088-exec-2] DEBUG c.g.c.controller.FileController - Downloading file: a10447e0-1a57-4b12-837d-218f6d3a6706.jpg
2025-11-13 00:00:02 [http-nio-8088-exec-8] DEBUG c.g.c.controller.FileController - Downloading file: 399710fc-be76-468d-be99-161396dbd4a4.jpg
2025-11-13 00:00:02 [http-nio-8088-exec-10] DEBUG o.s.security.web.FilterChainProxy - Securing GET /api/v1/files/587ac1e2-1a65-4144-bbb7-faff4eac57bd.jpg
2025-11-13 00:00:02 [http-nio-8088-exec-6] DEBUG o.s.s.w.a.AnonymousAuthenticationFilter - Set SecurityContextHolder to anonymous SecurityContext
2025-11-13 00:00:02 [http-nio-8088-exec-6] DEBUG o.s.security.web.FilterChainProxy - Secured GET /api/v1/files/01377e1e-70ed-48ba-bd4a-6379aeff4856.jpg
2025-11-13 00:00:02 [http-nio-8088-exec-10] DEBUG o.s.s.w.a.AnonymousAuthenticationFilter - Set SecurityContextHolder to anonymous SecurityContext
2025-11-13 00:00:02 [http-nio-8088-exec-10] DEBUG o.s.security.web.FilterChainProxy - Secured GET /api/v1/files/587ac1e2-1a65-4144-bbb7-faff4eac57bd.jpg
2025-11-13 00:00:02 [http-nio-8088-exec-6] DEBUG c.g.c.controller.FileController - Downloading file: 01377e1e-70ed-48ba-bd4a-6379aeff4856.jpg
2025-11-13 00:00:02 [http-nio-8088-exec-10] DEBUG c.g.c.controller.FileController - Downloading file: 587ac1e2-1a65-4144-bbb7-faff4eac57bd.jpg
2025-11-13 00:00:02 [http-nio-8088-exec-1] DEBUG o.s.security.web.FilterChainProxy - Securing GET /api/v1/files/5f0d97d1-f3b4-431e-99dd-ad80499705ba.jpg
2025-11-13 00:00:02 [http-nio-8088-exec-1] DEBUG o.s.s.w.a.AnonymousAuthenticationFilter - Set SecurityContextHolder to anonymous SecurityContext
2025-11-13 00:00:02 [http-nio-8088-exec-1] DEBUG o.s.security.web.FilterChainProxy - Secured GET /api/v1/files/5f0d97d1-f3b4-431e-99dd-ad80499705ba.jpg
2025-11-13 00:00:02 [http-nio-8088-exec-1] DEBUG c.g.c.controller.FileController - Downloading file: 5f0d97d1-f3b4-431e-99dd-ad80499705ba.jpg
2025-11-13 00:00:02 [http-nio-8088-exec-3] DEBUG o.s.security.web.FilterChainProxy - Securing GET /api/v1/files/a7ad5fc9-6e6e-4d2d-bf7f-0925fb9237ec.jpg
2025-11-13 00:00:02 [http-nio-8088-exec-3] DEBUG o.s.s.w.a.AnonymousAuthenticationFilter - Set SecurityContextHolder to anonymous SecurityContext
2025-11-13 00:00:02 [http-nio-8088-exec-3] DEBUG o.s.security.web.FilterChainProxy - Secured GET /api/v1/files/a7ad5fc9-6e6e-4d2d-bf7f-0925fb9237ec.jpg
2025-11-13 00:00:02 [http-nio-8088-exec-7] DEBUG o.s.security.web.FilterChainProxy - Securing GET /api/v1/files/76508bcc-516c-4520-b640-75df6df6a0ca.jpg
2025-11-13 00:00:02 [http-nio-8088-exec-7] DEBUG o.s.s.w.a.AnonymousAuthenticationFilter - Set SecurityContextHolder to anonymous SecurityContext
2025-11-13 00:00:02 [http-nio-8088-exec-7] DEBUG o.s.security.web.FilterChainProxy - Secured GET /api/v1/files/76508bcc-516c-4520-b640-75df6df6a0ca.jpg
2025-11-13 00:00:02 [http-nio-8088-exec-5] DEBUG o.s.security.web.FilterChainProxy - Securing GET /api/v1/files/3be6958d-8594-4f88-bf4a-caed30cc8686.jpg
2025-11-13 00:00:02 [http-nio-8088-exec-5] DEBUG o.s.s.w.a.AnonymousAuthenticationFilter - Set SecurityContextHolder to anonymous SecurityContext
2025-11-13 00:00:02 [http-nio-8088-exec-5] DEBUG o.s.security.web.FilterChainProxy - Secured GET /api/v1/files/3be6958d-8594-4f88-bf4a-caed30cc8686.jpg
2025-11-13 00:00:02 [http-nio-8088-exec-9] DEBUG org.hibernate.SQL - 
    select
        r1_0.user_id,
        r1_1.id,
        r1_1.name 
    from
        user_roles r1_0 
    join
        roles r1_1 
            on r1_1.id=r1_0.role_id 
    where
        r1_0.user_id=?
2025-11-13 00:00:02 [http-nio-8088-exec-3] DEBUG c.g.c.controller.FileController - Downloading file: a7ad5fc9-6e6e-4d2d-bf7f-0925fb9237ec.jpg
2025-11-13 00:00:02 [http-nio-8088-exec-7] DEBUG c.g.c.controller.FileController - Downloading file: 76508bcc-516c-4520-b640-75df6df6a0ca.jpg
2025-11-13 00:00:02 [http-nio-8088-exec-5] DEBUG c.g.c.controller.FileController - Downloading file: 3be6958d-8594-4f88-bf4a-caed30cc8686.jpg
2025-11-13 00:00:02 [http-nio-8088-exec-2] DEBUG o.s.security.web.FilterChainProxy - Securing GET /api/v1/files/dc7eea7e-d955-4e82-947f-8f3a275d09c8.jpg
2025-11-13 00:00:02 [http-nio-8088-exec-2] DEBUG o.s.s.w.a.AnonymousAuthenticationFilter - Set SecurityContextHolder to anonymous SecurityContext
2025-11-13 00:00:02 [http-nio-8088-exec-2] DEBUG o.s.security.web.FilterChainProxy - Secured GET /api/v1/files/dc7eea7e-d955-4e82-947f-8f3a275d09c8.jpg
2025-11-13 00:00:02 [http-nio-8088-exec-2] DEBUG c.g.c.controller.FileController - Downloading file: dc7eea7e-d955-4e82-947f-8f3a275d09c8.jpg
2025-11-13 00:00:02 [http-nio-8088-exec-4] DEBUG o.s.security.web.FilterChainProxy - Securing GET /api/v1/files/257f1822-ec96-40c8-850e-a304cffa37fd.jpg
2025-11-13 00:00:02 [http-nio-8088-exec-4] DEBUG o.s.s.w.a.AnonymousAuthenticationFilter - Set SecurityContextHolder to anonymous SecurityContext
2025-11-13 00:00:02 [http-nio-8088-exec-4] DEBUG o.s.security.web.FilterChainProxy - Secured GET /api/v1/files/257f1822-ec96-40c8-850e-a304cffa37fd.jpg
2025-11-13 00:00:02 [http-nio-8088-exec-4] DEBUG c.g.c.controller.FileController - Downloading file: 257f1822-ec96-40c8-850e-a304cffa37fd.jpg
2025-11-13 00:00:02 [http-nio-8088-exec-8] DEBUG o.s.security.web.FilterChainProxy - Securing GET /api/v1/files/4b9dcaa8-0825-4ee8-badc-86529e305d2a.jpg
2025-11-13 00:00:02 [http-nio-8088-exec-8] DEBUG o.s.s.w.a.AnonymousAuthenticationFilter - Set SecurityContextHolder to anonymous SecurityContext
2025-11-13 00:00:02 [http-nio-8088-exec-8] DEBUG o.s.security.web.FilterChainProxy - Secured GET /api/v1/files/4b9dcaa8-0825-4ee8-badc-86529e305d2a.jpg
2025-11-13 00:00:02 [http-nio-8088-exec-8] DEBUG c.g.c.controller.FileController - Downloading file: 4b9dcaa8-0825-4ee8-badc-86529e305d2a.jpg
2025-11-13 00:00:02 [http-nio-8088-exec-9] DEBUG o.s.security.web.FilterChainProxy - Secured GET /api/v1/categories
2025-11-13 00:00:02 [http-nio-8088-exec-9] DEBUG o.s.s.a.m.AuthorizationManagerBeforeMethodInterceptor - Authorizing method invocation ReflectiveMethodInvocation: public org.springframework.http.ResponseEntity com.giapho.coffee_shop_backend.controller.CategoryController.getAllCategories(); target is of class [com.giapho.coffee_shop_backend.controller.CategoryController]
2025-11-13 00:00:02 [http-nio-8088-exec-9] DEBUG o.s.s.a.m.AuthorizationManagerBeforeMethodInterceptor - Authorized method invocation ReflectiveMethodInvocation: public org.springframework.http.ResponseEntity com.giapho.coffee_shop_backend.controller.CategoryController.getAllCategories(); target is of class [com.giapho.coffee_shop_backend.controller.CategoryController]
2025-11-13 00:00:02 [http-nio-8088-exec-9] DEBUG org.hibernate.SQL - 
    select
        c1_0.id,
        c1_0.description,
        c1_0.name 
    from
        categories c1_0
2025-11-13 00:00:08 [http-nio-8088-exec-6] DEBUG o.s.security.web.FilterChainProxy - Securing POST /api/v1/orders
2025-11-13 00:00:08 [http-nio-8088-exec-6] DEBUG org.hibernate.SQL - 
    select
        u1_0.id,
        u1_0.created_at,
        u1_0.email,
        u1_0.full_name,
        u1_0.password,
        u1_0.phone,
        u1_0.status,
        u1_0.updated_at,
        u1_0.username 
    from
        users u1_0 
    where
        u1_0.username=?
2025-11-13 00:00:08 [http-nio-8088-exec-6] DEBUG org.hibernate.SQL - 
    select
        r1_0.user_id,
        r1_1.id,
        r1_1.name 
    from
        user_roles r1_0 
    join
        roles r1_1 
            on r1_1.id=r1_0.role_id 
    where
        r1_0.user_id=?
2025-11-13 00:00:08 [http-nio-8088-exec-6] DEBUG o.s.security.web.FilterChainProxy - Secured POST /api/v1/orders
2025-11-13 00:00:08 [http-nio-8088-exec-6] DEBUG o.s.s.a.m.AuthorizationManagerBeforeMethodInterceptor - Authorizing method invocation ReflectiveMethodInvocation: public org.springframework.http.ResponseEntity com.giapho.coffee_shop_backend.controller.OrderController.createOrder(com.giapho.coffee_shop_backend.dto.OrderCreateRequestDTO); target is of class [com.giapho.coffee_shop_backend.controller.OrderController]
2025-11-13 00:00:08 [http-nio-8088-exec-6] DEBUG o.s.s.a.m.AuthorizationManagerBeforeMethodInterceptor - Authorized method invocation ReflectiveMethodInvocation: public org.springframework.http.ResponseEntity com.giapho.coffee_shop_backend.controller.OrderController.createOrder(com.giapho.coffee_shop_backend.dto.OrderCreateRequestDTO); target is of class [com.giapho.coffee_shop_backend.controller.OrderController]
2025-11-13 00:00:08 [http-nio-8088-exec-6] DEBUG org.hibernate.SQL - 
    select
        u1_0.id,
        u1_0.created_at,
        u1_0.email,
        u1_0.full_name,
        u1_0.password,
        u1_0.phone,
        u1_0.status,
        u1_0.updated_at,
        u1_0.username 
    from
        users u1_0 
    where
        u1_0.username=?
2025-11-13 00:00:08 [http-nio-8088-exec-6] DEBUG org.hibernate.SQL - 
    select
        r1_0.user_id,
        r1_1.id,
        r1_1.name 
    from
        user_roles r1_0 
    join
        roles r1_1 
            on r1_1.id=r1_0.role_id 
    where
        r1_0.user_id=?
2025-11-13 00:00:08 [http-nio-8088-exec-6] INFO  c.g.c.service.OrderService - No customer associated with new order
2025-11-13 00:00:08 [http-nio-8088-exec-6] DEBUG org.hibernate.SQL - 
    select
        p1_0.id,
        p1_0.category_id,
        p1_0.code,
        p1_0.cost,
        p1_0.created_at,
        p1_0.description,
        p1_0.image_url,
        p1_0.is_available,
        p1_0.name,
        p1_0.price,
        p1_0.updated_at 
    from
        products p1_0 
    where
        p1_0.id=?
2025-11-13 00:00:08 [http-nio-8088-exec-6] DEBUG org.hibernate.SQL - 
    insert 
    into
        orders
        (voucher_id, table_id, created_at, customer_id, discount_amount, paid_at, payment_method, status, sub_total, total_amount, type, user_id, voucher_code) 
    values
        (?, ?, ?, ?, ?, ?, ?, ?, ?, ?, ?, ?, ?)
2025-11-13 00:00:08 [http-nio-8088-exec-6] DEBUG org.hibernate.SQL - 
    insert 
    into
        order_details
        (notes, order_id, price_at_order, product_id, quantity) 
    values
        (?, ?, ?, ?, ?)
2025-11-13 00:00:08 [http-nio-8088-exec-6] DEBUG org.hibernate.SQL - 
    select
        o1_0.id,
        o1_0.voucher_id,
        ct1_0.id,
        ct1_0.capacity,
        ct1_0.name,
        ct1_0.status,
        o1_0.created_at,
        c1_0.id,
        c1_0.created_at,
        c1_0.email,
        c1_0.full_name,
        c1_0.loyalty_points,
        c1_0.phone,
        c1_0.updated_at,
        o1_0.discount_amount,
        od1_0.order_id,
        od1_0.id,
        od1_0.notes,
        od1_0.price_at_order,
        od1_0.product_id,
        od1_0.quantity,
        o1_0.paid_at,
        o1_0.payment_method,
        o1_0.status,
        o1_0.sub_total,
        o1_0.total_amount,
        o1_0.type,
        o1_0.user_id,
        u1_0.id,
        u1_0.created_at,
        u1_0.email,
        u1_0.full_name,
        u1_0.password,
        u1_0.phone,
        u1_0.status,
        u1_0.updated_at,
        u1_0.username,
        o1_0.voucher_code 
    from
        orders o1_0 
    left join
        order_details od1_0 
            on o1_0.id=od1_0.order_id 
    left join
        tables ct1_0 
            on ct1_0.id=o1_0.table_id 
    left join
        users u1_0 
            on u1_0.id=o1_0.user_id 
    left join
        customers c1_0 
            on c1_0.id=o1_0.customer_id 
    where
        o1_0.id=?
2025-11-13 00:00:27 [http-nio-8088-exec-3] DEBUG o.s.security.web.FilterChainProxy - Securing GET /api/v1/tables
2025-11-13 00:00:27 [http-nio-8088-exec-5] DEBUG o.s.security.web.FilterChainProxy - Securing GET /api/v1/products?page=0&size=1000
2025-11-13 00:00:27 [http-nio-8088-exec-7] DEBUG o.s.security.web.FilterChainProxy - Securing GET /api/v1/customers?page=0&size=1000
2025-11-13 00:00:27 [http-nio-8088-exec-3] DEBUG org.hibernate.SQL - 
    select
        u1_0.id,
        u1_0.created_at,
        u1_0.email,
        u1_0.full_name,
        u1_0.password,
        u1_0.phone,
        u1_0.status,
        u1_0.updated_at,
        u1_0.username 
    from
        users u1_0 
    where
        u1_0.username=?
2025-11-13 00:00:27 [http-nio-8088-exec-5] DEBUG org.hibernate.SQL - 
    select
        u1_0.id,
        u1_0.created_at,
        u1_0.email,
        u1_0.full_name,
        u1_0.password,
        u1_0.phone,
        u1_0.status,
        u1_0.updated_at,
        u1_0.username 
    from
        users u1_0 
    where
        u1_0.username=?
2025-11-13 00:00:27 [http-nio-8088-exec-7] DEBUG org.hibernate.SQL - 
    select
        u1_0.id,
        u1_0.created_at,
        u1_0.email,
        u1_0.full_name,
        u1_0.password,
        u1_0.phone,
        u1_0.status,
        u1_0.updated_at,
        u1_0.username 
    from
        users u1_0 
    where
        u1_0.username=?
2025-11-13 00:00:27 [http-nio-8088-exec-3] DEBUG org.hibernate.SQL - 
    select
        r1_0.user_id,
        r1_1.id,
        r1_1.name 
    from
        user_roles r1_0 
    join
        roles r1_1 
            on r1_1.id=r1_0.role_id 
    where
        r1_0.user_id=?
2025-11-13 00:00:27 [http-nio-8088-exec-7] DEBUG org.hibernate.SQL - 
    select
        r1_0.user_id,
        r1_1.id,
        r1_1.name 
    from
        user_roles r1_0 
    join
        roles r1_1 
            on r1_1.id=r1_0.role_id 
    where
        r1_0.user_id=?
2025-11-13 00:00:27 [http-nio-8088-exec-5] DEBUG org.hibernate.SQL - 
    select
        r1_0.user_id,
        r1_1.id,
        r1_1.name 
    from
        user_roles r1_0 
    join
        roles r1_1 
            on r1_1.id=r1_0.role_id 
    where
        r1_0.user_id=?
2025-11-13 00:00:27 [http-nio-8088-exec-5] DEBUG o.s.security.web.FilterChainProxy - Secured GET /api/v1/products?page=0&size=1000
2025-11-13 00:00:27 [http-nio-8088-exec-7] DEBUG o.s.security.web.FilterChainProxy - Secured GET /api/v1/customers?page=0&size=1000
2025-11-13 00:00:27 [http-nio-8088-exec-3] DEBUG o.s.security.web.FilterChainProxy - Secured GET /api/v1/tables
2025-11-13 00:00:27 [http-nio-8088-exec-3] DEBUG o.s.s.a.m.AuthorizationManagerBeforeMethodInterceptor - Authorizing method invocation ReflectiveMethodInvocation: public org.springframework.http.ResponseEntity com.giapho.coffee_shop_backend.controller.CafeTableController.getAllTables(); target is of class [com.giapho.coffee_shop_backend.controller.CafeTableController]
2025-11-13 00:00:27 [http-nio-8088-exec-7] DEBUG o.s.s.a.m.AuthorizationManagerBeforeMethodInterceptor - Authorizing method invocation ReflectiveMethodInvocation: public org.springframework.http.ResponseEntity com.giapho.coffee_shop_backend.controller.CustomerController.searchCustomers(java.lang.String,org.springframework.data.domain.Pageable); target is of class [com.giapho.coffee_shop_backend.controller.CustomerController]
2025-11-13 00:00:27 [http-nio-8088-exec-5] DEBUG o.s.s.a.m.AuthorizationManagerBeforeMethodInterceptor - Authorizing method invocation ReflectiveMethodInvocation: public org.springframework.http.ResponseEntity com.giapho.coffee_shop_backend.controller.ProductController.getAllProducts(java.lang.String,java.lang.Long,org.springframework.data.domain.Pageable); target is of class [com.giapho.coffee_shop_backend.controller.ProductController]
2025-11-13 00:00:27 [http-nio-8088-exec-7] DEBUG o.s.s.a.m.AuthorizationManagerBeforeMethodInterceptor - Authorized method invocation ReflectiveMethodInvocation: public org.springframework.http.ResponseEntity com.giapho.coffee_shop_backend.controller.CustomerController.searchCustomers(java.lang.String,org.springframework.data.domain.Pageable); target is of class [com.giapho.coffee_shop_backend.controller.CustomerController]
2025-11-13 00:00:27 [http-nio-8088-exec-5] DEBUG o.s.s.a.m.AuthorizationManagerBeforeMethodInterceptor - Authorized method invocation ReflectiveMethodInvocation: public org.springframework.http.ResponseEntity com.giapho.coffee_shop_backend.controller.ProductController.getAllProducts(java.lang.String,java.lang.Long,org.springframework.data.domain.Pageable); target is of class [com.giapho.coffee_shop_backend.controller.ProductController]
2025-11-13 00:00:27 [http-nio-8088-exec-3] DEBUG o.s.s.a.m.AuthorizationManagerBeforeMethodInterceptor - Authorized method invocation ReflectiveMethodInvocation: public org.springframework.http.ResponseEntity com.giapho.coffee_shop_backend.controller.CafeTableController.getAllTables(); target is of class [com.giapho.coffee_shop_backend.controller.CafeTableController]
2025-11-13 00:00:27 [http-nio-8088-exec-3] DEBUG org.hibernate.SQL - 
    select
        ct1_0.id,
        ct1_0.capacity,
        ct1_0.name,
        ct1_0.status 
    from
        tables ct1_0
2025-11-13 00:00:27 [http-nio-8088-exec-7] DEBUG org.hibernate.SQL - 
    select
        c1_0.id,
        c1_0.created_at,
        c1_0.email,
        c1_0.full_name,
        c1_0.loyalty_points,
        c1_0.phone,
        c1_0.updated_at 
    from
        customers c1_0 
    order by
        c1_0.full_name 
    limit
        ?, ?
2025-11-13 00:00:27 [http-nio-8088-exec-5] DEBUG org.hibernate.SQL - 
    select
        p1_0.id,
        p1_0.category_id,
        c1_0.id,
        c1_0.description,
        c1_0.name,
        p1_0.code,
        p1_0.cost,
        p1_0.created_at,
        p1_0.description,
        p1_0.image_url,
        p1_0.is_available,
        p1_0.name,
        p1_0.price,
        p1_0.updated_at 
    from
        products p1_0 
    join
        categories c1_0 
            on c1_0.id=p1_0.category_id 
    limit
        ?, ?
2025-11-13 00:00:27 [http-nio-8088-exec-2] DEBUG o.s.security.web.FilterChainProxy - Securing GET /api/v1/files/82b4818b-f0d2-4206-bfa5-298f7111d20c.jpg
2025-11-13 00:00:27 [http-nio-8088-exec-8] DEBUG o.s.security.web.FilterChainProxy - Securing GET /api/v1/files/56de7c12-082e-4eb3-b6cb-d84d8cc38775.jpg
2025-11-13 00:00:27 [http-nio-8088-exec-8] DEBUG o.s.s.w.a.AnonymousAuthenticationFilter - Set SecurityContextHolder to anonymous SecurityContext
2025-11-13 00:00:27 [http-nio-8088-exec-8] DEBUG o.s.security.web.FilterChainProxy - Secured GET /api/v1/files/56de7c12-082e-4eb3-b6cb-d84d8cc38775.jpg
2025-11-13 00:00:27 [http-nio-8088-exec-8] DEBUG c.g.c.controller.FileController - Downloading file: 56de7c12-082e-4eb3-b6cb-d84d8cc38775.jpg
2025-11-13 00:00:27 [http-nio-8088-exec-9] DEBUG o.s.security.web.FilterChainProxy - Securing GET /api/v1/files/e267ade1-780a-4a34-adf1-ecb1b2948e21.jpg
2025-11-13 00:00:27 [http-nio-8088-exec-9] DEBUG o.s.s.w.a.AnonymousAuthenticationFilter - Set SecurityContextHolder to anonymous SecurityContext
2025-11-13 00:00:27 [http-nio-8088-exec-9] DEBUG o.s.security.web.FilterChainProxy - Secured GET /api/v1/files/e267ade1-780a-4a34-adf1-ecb1b2948e21.jpg
2025-11-13 00:00:27 [http-nio-8088-exec-9] DEBUG c.g.c.controller.FileController - Downloading file: e267ade1-780a-4a34-adf1-ecb1b2948e21.jpg
2025-11-13 00:00:27 [http-nio-8088-exec-2] DEBUG o.s.s.w.a.AnonymousAuthenticationFilter - Set SecurityContextHolder to anonymous SecurityContext
2025-11-13 00:00:27 [http-nio-8088-exec-2] DEBUG o.s.security.web.FilterChainProxy - Secured GET /api/v1/files/82b4818b-f0d2-4206-bfa5-298f7111d20c.jpg
2025-11-13 00:00:27 [http-nio-8088-exec-2] DEBUG c.g.c.controller.FileController - Downloading file: 82b4818b-f0d2-4206-bfa5-298f7111d20c.jpg
2025-11-13 00:00:27 [http-nio-8088-exec-4] DEBUG o.s.security.web.FilterChainProxy - Securing GET /api/v1/files/b0fcea8f-74ab-4ff1-bd62-6557e0ccb1f2.jpg
2025-11-13 00:00:27 [http-nio-8088-exec-4] DEBUG o.s.s.w.a.AnonymousAuthenticationFilter - Set SecurityContextHolder to anonymous SecurityContext
2025-11-13 00:00:27 [http-nio-8088-exec-4] DEBUG o.s.security.web.FilterChainProxy - Secured GET /api/v1/files/b0fcea8f-74ab-4ff1-bd62-6557e0ccb1f2.jpg
2025-11-13 00:00:27 [http-nio-8088-exec-4] DEBUG c.g.c.controller.FileController - Downloading file: b0fcea8f-74ab-4ff1-bd62-6557e0ccb1f2.jpg
2025-11-13 00:00:27 [http-nio-8088-exec-6] DEBUG o.s.security.web.FilterChainProxy - Securing GET /api/v1/files/358e5aef-6b26-4cb1-a997-97ac999d9dc1.jpg
2025-11-13 00:00:27 [http-nio-8088-exec-1] DEBUG o.s.security.web.FilterChainProxy - Securing GET /api/v1/categories
2025-11-13 00:00:27 [http-nio-8088-exec-6] DEBUG o.s.s.w.a.AnonymousAuthenticationFilter - Set SecurityContextHolder to anonymous SecurityContext
2025-11-13 00:00:27 [http-nio-8088-exec-6] DEBUG o.s.security.web.FilterChainProxy - Secured GET /api/v1/files/358e5aef-6b26-4cb1-a997-97ac999d9dc1.jpg
2025-11-13 00:00:27 [http-nio-8088-exec-6] DEBUG c.g.c.controller.FileController - Downloading file: 358e5aef-6b26-4cb1-a997-97ac999d9dc1.jpg
2025-11-13 00:00:27 [http-nio-8088-exec-10] DEBUG o.s.security.web.FilterChainProxy - Securing GET /api/v1/files/80cf5e3d-5d4c-4d1b-9e7d-0a0b8bfa00eb.jpg
2025-11-13 00:00:27 [http-nio-8088-exec-10] DEBUG o.s.s.w.a.AnonymousAuthenticationFilter - Set SecurityContextHolder to anonymous SecurityContext
2025-11-13 00:00:27 [http-nio-8088-exec-10] DEBUG o.s.security.web.FilterChainProxy - Secured GET /api/v1/files/80cf5e3d-5d4c-4d1b-9e7d-0a0b8bfa00eb.jpg
2025-11-13 00:00:27 [http-nio-8088-exec-10] DEBUG c.g.c.controller.FileController - Downloading file: 80cf5e3d-5d4c-4d1b-9e7d-0a0b8bfa00eb.jpg
2025-11-13 00:00:27 [http-nio-8088-exec-7] DEBUG o.s.security.web.FilterChainProxy - Securing GET /api/v1/files/01377e1e-70ed-48ba-bd4a-6379aeff4856.jpg
2025-11-13 00:00:27 [http-nio-8088-exec-7] DEBUG o.s.s.w.a.AnonymousAuthenticationFilter - Set SecurityContextHolder to anonymous SecurityContext
2025-11-13 00:00:27 [http-nio-8088-exec-7] DEBUG o.s.security.web.FilterChainProxy - Secured GET /api/v1/files/01377e1e-70ed-48ba-bd4a-6379aeff4856.jpg
2025-11-13 00:00:27 [http-nio-8088-exec-7] DEBUG c.g.c.controller.FileController - Downloading file: 01377e1e-70ed-48ba-bd4a-6379aeff4856.jpg
2025-11-13 00:00:27 [http-nio-8088-exec-3] DEBUG o.s.security.web.FilterChainProxy - Securing GET /api/v1/files/fc284af6-76c3-40fc-b6ab-245bf05af010.jpg
2025-11-13 00:00:27 [http-nio-8088-exec-5] DEBUG o.s.security.web.FilterChainProxy - Securing GET /api/v1/files/587ac1e2-1a65-4144-bbb7-faff4eac57bd.jpg
2025-11-13 00:00:27 [http-nio-8088-exec-5] DEBUG o.s.s.w.a.AnonymousAuthenticationFilter - Set SecurityContextHolder to anonymous SecurityContext
2025-11-13 00:00:27 [http-nio-8088-exec-5] DEBUG o.s.security.web.FilterChainProxy - Secured GET /api/v1/files/587ac1e2-1a65-4144-bbb7-faff4eac57bd.jpg
2025-11-13 00:00:27 [http-nio-8088-exec-3] DEBUG o.s.s.w.a.AnonymousAuthenticationFilter - Set SecurityContextHolder to anonymous SecurityContext
2025-11-13 00:00:27 [http-nio-8088-exec-3] DEBUG o.s.security.web.FilterChainProxy - Secured GET /api/v1/files/fc284af6-76c3-40fc-b6ab-245bf05af010.jpg
2025-11-13 00:00:27 [http-nio-8088-exec-5] DEBUG c.g.c.controller.FileController - Downloading file: 587ac1e2-1a65-4144-bbb7-faff4eac57bd.jpg
2025-11-13 00:00:27 [http-nio-8088-exec-3] DEBUG c.g.c.controller.FileController - Downloading file: fc284af6-76c3-40fc-b6ab-245bf05af010.jpg
2025-11-13 00:00:27 [http-nio-8088-exec-9] DEBUG o.s.security.web.FilterChainProxy - Securing GET /api/v1/files/5f0d97d1-f3b4-431e-99dd-ad80499705ba.jpg
2025-11-13 00:00:27 [http-nio-8088-exec-9] DEBUG o.s.s.w.a.AnonymousAuthenticationFilter - Set SecurityContextHolder to anonymous SecurityContext
2025-11-13 00:00:27 [http-nio-8088-exec-9] DEBUG o.s.security.web.FilterChainProxy - Secured GET /api/v1/files/5f0d97d1-f3b4-431e-99dd-ad80499705ba.jpg
2025-11-13 00:00:27 [http-nio-8088-exec-8] DEBUG o.s.security.web.FilterChainProxy - Securing GET /api/v1/files/a10447e0-1a57-4b12-837d-218f6d3a6706.jpg
2025-11-13 00:00:27 [http-nio-8088-exec-10] DEBUG o.s.security.web.FilterChainProxy - Securing GET /api/v1/files/399710fc-be76-468d-be99-161396dbd4a4.jpg
2025-11-13 00:00:27 [http-nio-8088-exec-10] DEBUG o.s.s.w.a.AnonymousAuthenticationFilter - Set SecurityContextHolder to anonymous SecurityContext
2025-11-13 00:00:27 [http-nio-8088-exec-10] DEBUG o.s.security.web.FilterChainProxy - Secured GET /api/v1/files/399710fc-be76-468d-be99-161396dbd4a4.jpg
2025-11-13 00:00:27 [http-nio-8088-exec-8] DEBUG o.s.s.w.a.AnonymousAuthenticationFilter - Set SecurityContextHolder to anonymous SecurityContext
2025-11-13 00:00:27 [http-nio-8088-exec-1] DEBUG org.hibernate.SQL - 
    select
        u1_0.id,
        u1_0.created_at,
        u1_0.email,
        u1_0.full_name,
        u1_0.password,
        u1_0.phone,
        u1_0.status,
        u1_0.updated_at,
        u1_0.username 
    from
        users u1_0 
    where
        u1_0.username=?
2025-11-13 00:00:27 [http-nio-8088-exec-10] DEBUG c.g.c.controller.FileController - Downloading file: 399710fc-be76-468d-be99-161396dbd4a4.jpg
2025-11-13 00:00:27 [http-nio-8088-exec-9] DEBUG c.g.c.controller.FileController - Downloading file: 5f0d97d1-f3b4-431e-99dd-ad80499705ba.jpg
2025-11-13 00:00:27 [http-nio-8088-exec-8] DEBUG o.s.security.web.FilterChainProxy - Secured GET /api/v1/files/a10447e0-1a57-4b12-837d-218f6d3a6706.jpg
2025-11-13 00:00:27 [http-nio-8088-exec-2] DEBUG o.s.security.web.FilterChainProxy - Securing GET /api/v1/files/76508bcc-516c-4520-b640-75df6df6a0ca.jpg
2025-11-13 00:00:27 [http-nio-8088-exec-2] DEBUG o.s.s.w.a.AnonymousAuthenticationFilter - Set SecurityContextHolder to anonymous SecurityContext
2025-11-13 00:00:27 [http-nio-8088-exec-2] DEBUG o.s.security.web.FilterChainProxy - Secured GET /api/v1/files/76508bcc-516c-4520-b640-75df6df6a0ca.jpg
2025-11-13 00:00:27 [http-nio-8088-exec-2] DEBUG c.g.c.controller.FileController - Downloading file: 76508bcc-516c-4520-b640-75df6df6a0ca.jpg
2025-11-13 00:00:27 [http-nio-8088-exec-8] DEBUG c.g.c.controller.FileController - Downloading file: a10447e0-1a57-4b12-837d-218f6d3a6706.jpg
2025-11-13 00:00:27 [http-nio-8088-exec-7] DEBUG o.s.security.web.FilterChainProxy - Securing GET /api/v1/files/a7ad5fc9-6e6e-4d2d-bf7f-0925fb9237ec.jpg
2025-11-13 00:00:27 [http-nio-8088-exec-7] DEBUG o.s.s.w.a.AnonymousAuthenticationFilter - Set SecurityContextHolder to anonymous SecurityContext
2025-11-13 00:00:27 [http-nio-8088-exec-7] DEBUG o.s.security.web.FilterChainProxy - Secured GET /api/v1/files/a7ad5fc9-6e6e-4d2d-bf7f-0925fb9237ec.jpg
2025-11-13 00:00:27 [http-nio-8088-exec-7] DEBUG c.g.c.controller.FileController - Downloading file: a7ad5fc9-6e6e-4d2d-bf7f-0925fb9237ec.jpg
2025-11-13 00:00:27 [http-nio-8088-exec-6] DEBUG o.s.security.web.FilterChainProxy - Securing GET /api/v1/files/3be6958d-8594-4f88-bf4a-caed30cc8686.jpg
2025-11-13 00:00:27 [http-nio-8088-exec-6] DEBUG o.s.s.w.a.AnonymousAuthenticationFilter - Set SecurityContextHolder to anonymous SecurityContext
2025-11-13 00:00:27 [http-nio-8088-exec-6] DEBUG o.s.security.web.FilterChainProxy - Secured GET /api/v1/files/3be6958d-8594-4f88-bf4a-caed30cc8686.jpg
2025-11-13 00:00:27 [http-nio-8088-exec-6] DEBUG c.g.c.controller.FileController - Downloading file: 3be6958d-8594-4f88-bf4a-caed30cc8686.jpg
2025-11-13 00:00:27 [http-nio-8088-exec-8] DEBUG o.s.security.web.FilterChainProxy - Securing GET /api/v1/files/dc7eea7e-d955-4e82-947f-8f3a275d09c8.jpg
2025-11-13 00:00:27 [http-nio-8088-exec-8] DEBUG o.s.s.w.a.AnonymousAuthenticationFilter - Set SecurityContextHolder to anonymous SecurityContext
2025-11-13 00:00:27 [http-nio-8088-exec-8] DEBUG o.s.security.web.FilterChainProxy - Secured GET /api/v1/files/dc7eea7e-d955-4e82-947f-8f3a275d09c8.jpg
2025-11-13 00:00:27 [http-nio-8088-exec-3] DEBUG o.s.security.web.FilterChainProxy - Securing GET /api/v1/files/4b9dcaa8-0825-4ee8-badc-86529e305d2a.jpg
2025-11-13 00:00:27 [http-nio-8088-exec-8] DEBUG c.g.c.controller.FileController - Downloading file: dc7eea7e-d955-4e82-947f-8f3a275d09c8.jpg
2025-11-13 00:00:27 [http-nio-8088-exec-3] DEBUG o.s.s.w.a.AnonymousAuthenticationFilter - Set SecurityContextHolder to anonymous SecurityContext
2025-11-13 00:00:27 [http-nio-8088-exec-3] DEBUG o.s.security.web.FilterChainProxy - Secured GET /api/v1/files/4b9dcaa8-0825-4ee8-badc-86529e305d2a.jpg
2025-11-13 00:00:27 [http-nio-8088-exec-3] DEBUG c.g.c.controller.FileController - Downloading file: 4b9dcaa8-0825-4ee8-badc-86529e305d2a.jpg
2025-11-13 00:00:27 [http-nio-8088-exec-1] DEBUG org.hibernate.SQL - 
    select
        r1_0.user_id,
        r1_1.id,
        r1_1.name 
    from
        user_roles r1_0 
    join
        roles r1_1 
            on r1_1.id=r1_0.role_id 
    where
        r1_0.user_id=?
2025-11-13 00:00:27 [http-nio-8088-exec-5] DEBUG o.s.security.web.FilterChainProxy - Securing GET /api/v1/files/257f1822-ec96-40c8-850e-a304cffa37fd.jpg
2025-11-13 00:00:27 [http-nio-8088-exec-5] DEBUG o.s.s.w.a.AnonymousAuthenticationFilter - Set SecurityContextHolder to anonymous SecurityContext
2025-11-13 00:00:27 [http-nio-8088-exec-5] DEBUG o.s.security.web.FilterChainProxy - Secured GET /api/v1/files/257f1822-ec96-40c8-850e-a304cffa37fd.jpg
2025-11-13 00:00:27 [http-nio-8088-exec-5] DEBUG c.g.c.controller.FileController - Downloading file: 257f1822-ec96-40c8-850e-a304cffa37fd.jpg
2025-11-13 00:00:27 [http-nio-8088-exec-1] DEBUG o.s.security.web.FilterChainProxy - Secured GET /api/v1/categories
2025-11-13 00:00:27 [http-nio-8088-exec-1] DEBUG o.s.s.a.m.AuthorizationManagerBeforeMethodInterceptor - Authorizing method invocation ReflectiveMethodInvocation: public org.springframework.http.ResponseEntity com.giapho.coffee_shop_backend.controller.CategoryController.getAllCategories(); target is of class [com.giapho.coffee_shop_backend.controller.CategoryController]
2025-11-13 00:00:27 [http-nio-8088-exec-1] DEBUG o.s.s.a.m.AuthorizationManagerBeforeMethodInterceptor - Authorized method invocation ReflectiveMethodInvocation: public org.springframework.http.ResponseEntity com.giapho.coffee_shop_backend.controller.CategoryController.getAllCategories(); target is of class [com.giapho.coffee_shop_backend.controller.CategoryController]
2025-11-13 00:00:27 [http-nio-8088-exec-1] DEBUG org.hibernate.SQL - 
    select
        c1_0.id,
        c1_0.description,
        c1_0.name 
    from
        categories c1_0
2025-11-13 00:00:52 [http-nio-8088-exec-10] DEBUG o.s.security.web.FilterChainProxy - Securing POST /api/v1/orders
2025-11-13 00:00:52 [http-nio-8088-exec-10] DEBUG org.hibernate.SQL - 
    select
        u1_0.id,
        u1_0.created_at,
        u1_0.email,
        u1_0.full_name,
        u1_0.password,
        u1_0.phone,
        u1_0.status,
        u1_0.updated_at,
        u1_0.username 
    from
        users u1_0 
    where
        u1_0.username=?
2025-11-13 00:00:52 [http-nio-8088-exec-10] DEBUG org.hibernate.SQL - 
    select
        r1_0.user_id,
        r1_1.id,
        r1_1.name 
    from
        user_roles r1_0 
    join
        roles r1_1 
            on r1_1.id=r1_0.role_id 
    where
        r1_0.user_id=?
2025-11-13 00:00:52 [http-nio-8088-exec-10] DEBUG o.s.security.web.FilterChainProxy - Secured POST /api/v1/orders
2025-11-13 00:00:52 [http-nio-8088-exec-10] DEBUG o.s.s.a.m.AuthorizationManagerBeforeMethodInterceptor - Authorizing method invocation ReflectiveMethodInvocation: public org.springframework.http.ResponseEntity com.giapho.coffee_shop_backend.controller.OrderController.createOrder(com.giapho.coffee_shop_backend.dto.OrderCreateRequestDTO); target is of class [com.giapho.coffee_shop_backend.controller.OrderController]
2025-11-13 00:00:52 [http-nio-8088-exec-10] DEBUG o.s.s.a.m.AuthorizationManagerBeforeMethodInterceptor - Authorized method invocation ReflectiveMethodInvocation: public org.springframework.http.ResponseEntity com.giapho.coffee_shop_backend.controller.OrderController.createOrder(com.giapho.coffee_shop_backend.dto.OrderCreateRequestDTO); target is of class [com.giapho.coffee_shop_backend.controller.OrderController]
2025-11-13 00:00:52 [http-nio-8088-exec-10] DEBUG org.hibernate.SQL - 
    select
        u1_0.id,
        u1_0.created_at,
        u1_0.email,
        u1_0.full_name,
        u1_0.password,
        u1_0.phone,
        u1_0.status,
        u1_0.updated_at,
        u1_0.username 
    from
        users u1_0 
    where
        u1_0.username=?
2025-11-13 00:00:52 [http-nio-8088-exec-10] DEBUG org.hibernate.SQL - 
    select
        r1_0.user_id,
        r1_1.id,
        r1_1.name 
    from
        user_roles r1_0 
    join
        roles r1_1 
            on r1_1.id=r1_0.role_id 
    where
        r1_0.user_id=?
2025-11-13 00:00:52 [http-nio-8088-exec-10] INFO  c.g.c.service.OrderService - No customer associated with new order
2025-11-13 00:00:52 [http-nio-8088-exec-10] DEBUG org.hibernate.SQL - 
    select
        p1_0.id,
        p1_0.category_id,
        p1_0.code,
        p1_0.cost,
        p1_0.created_at,
        p1_0.description,
        p1_0.image_url,
        p1_0.is_available,
        p1_0.name,
        p1_0.price,
        p1_0.updated_at 
    from
        products p1_0 
    where
        p1_0.id=?
2025-11-13 00:00:52 [http-nio-8088-exec-10] DEBUG org.hibernate.SQL - 
    insert 
    into
        orders
        (voucher_id, table_id, created_at, customer_id, discount_amount, paid_at, payment_method, status, sub_total, total_amount, type, user_id, voucher_code) 
    values
        (?, ?, ?, ?, ?, ?, ?, ?, ?, ?, ?, ?, ?)
2025-11-13 00:00:52 [http-nio-8088-exec-10] DEBUG org.hibernate.SQL - 
    insert 
    into
        order_details
        (notes, order_id, price_at_order, product_id, quantity) 
    values
        (?, ?, ?, ?, ?)
2025-11-13 00:00:52 [http-nio-8088-exec-10] DEBUG org.hibernate.SQL - 
    select
        o1_0.id,
        o1_0.voucher_id,
        ct1_0.id,
        ct1_0.capacity,
        ct1_0.name,
        ct1_0.status,
        o1_0.created_at,
        c1_0.id,
        c1_0.created_at,
        c1_0.email,
        c1_0.full_name,
        c1_0.loyalty_points,
        c1_0.phone,
        c1_0.updated_at,
        o1_0.discount_amount,
        od1_0.order_id,
        od1_0.id,
        od1_0.notes,
        od1_0.price_at_order,
        od1_0.product_id,
        od1_0.quantity,
        o1_0.paid_at,
        o1_0.payment_method,
        o1_0.status,
        o1_0.sub_total,
        o1_0.total_amount,
        o1_0.type,
        o1_0.user_id,
        u1_0.id,
        u1_0.created_at,
        u1_0.email,
        u1_0.full_name,
        u1_0.password,
        u1_0.phone,
        u1_0.status,
        u1_0.updated_at,
        u1_0.username,
        o1_0.voucher_code 
    from
        orders o1_0 
    left join
        order_details od1_0 
            on o1_0.id=od1_0.order_id 
    left join
        tables ct1_0 
            on ct1_0.id=o1_0.table_id 
    left join
        users u1_0 
            on u1_0.id=o1_0.user_id 
    left join
        customers c1_0 
            on c1_0.id=o1_0.customer_id 
    where
        o1_0.id=?
2025-11-13 00:00:52 [http-nio-8088-exec-4] DEBUG o.s.security.web.FilterChainProxy - Securing GET /api/v1/tables
2025-11-13 00:00:52 [http-nio-8088-exec-4] DEBUG org.hibernate.SQL - 
    select
        u1_0.id,
        u1_0.created_at,
        u1_0.email,
        u1_0.full_name,
        u1_0.password,
        u1_0.phone,
        u1_0.status,
        u1_0.updated_at,
        u1_0.username 
    from
        users u1_0 
    where
        u1_0.username=?
2025-11-13 00:00:52 [http-nio-8088-exec-4] DEBUG org.hibernate.SQL - 
    select
        r1_0.user_id,
        r1_1.id,
        r1_1.name 
    from
        user_roles r1_0 
    join
        roles r1_1 
            on r1_1.id=r1_0.role_id 
    where
        r1_0.user_id=?
2025-11-13 00:00:52 [http-nio-8088-exec-4] DEBUG o.s.security.web.FilterChainProxy - Secured GET /api/v1/tables
2025-11-13 00:00:52 [http-nio-8088-exec-4] DEBUG o.s.s.a.m.AuthorizationManagerBeforeMethodInterceptor - Authorizing method invocation ReflectiveMethodInvocation: public org.springframework.http.ResponseEntity com.giapho.coffee_shop_backend.controller.CafeTableController.getAllTables(); target is of class [com.giapho.coffee_shop_backend.controller.CafeTableController]
2025-11-13 00:00:52 [http-nio-8088-exec-4] DEBUG o.s.s.a.m.AuthorizationManagerBeforeMethodInterceptor - Authorized method invocation ReflectiveMethodInvocation: public org.springframework.http.ResponseEntity com.giapho.coffee_shop_backend.controller.CafeTableController.getAllTables(); target is of class [com.giapho.coffee_shop_backend.controller.CafeTableController]
2025-11-13 00:00:52 [http-nio-8088-exec-4] DEBUG org.hibernate.SQL - 
    select
        ct1_0.id,
        ct1_0.capacity,
        ct1_0.name,
        ct1_0.status 
    from
        tables ct1_0
2025-11-13 00:00:53 [http-nio-8088-exec-9] DEBUG o.s.security.web.FilterChainProxy - Securing GET /api/v1/products?page=0&size=1000
2025-11-13 00:00:53 [http-nio-8088-exec-9] DEBUG org.hibernate.SQL - 
    select
        u1_0.id,
        u1_0.created_at,
        u1_0.email,
        u1_0.full_name,
        u1_0.password,
        u1_0.phone,
        u1_0.status,
        u1_0.updated_at,
        u1_0.username 
    from
        users u1_0 
    where
        u1_0.username=?
2025-11-13 00:00:53 [http-nio-8088-exec-9] DEBUG org.hibernate.SQL - 
    select
        r1_0.user_id,
        r1_1.id,
        r1_1.name 
    from
        user_roles r1_0 
    join
        roles r1_1 
            on r1_1.id=r1_0.role_id 
    where
        r1_0.user_id=?
2025-11-13 00:00:53 [http-nio-8088-exec-9] DEBUG o.s.security.web.FilterChainProxy - Secured GET /api/v1/products?page=0&size=1000
2025-11-13 00:00:53 [http-nio-8088-exec-9] DEBUG o.s.s.a.m.AuthorizationManagerBeforeMethodInterceptor - Authorizing method invocation ReflectiveMethodInvocation: public org.springframework.http.ResponseEntity com.giapho.coffee_shop_backend.controller.ProductController.getAllProducts(java.lang.String,java.lang.Long,org.springframework.data.domain.Pageable); target is of class [com.giapho.coffee_shop_backend.controller.ProductController]
2025-11-13 00:00:53 [http-nio-8088-exec-9] DEBUG o.s.s.a.m.AuthorizationManagerBeforeMethodInterceptor - Authorized method invocation ReflectiveMethodInvocation: public org.springframework.http.ResponseEntity com.giapho.coffee_shop_backend.controller.ProductController.getAllProducts(java.lang.String,java.lang.Long,org.springframework.data.domain.Pageable); target is of class [com.giapho.coffee_shop_backend.controller.ProductController]
2025-11-13 00:00:53 [http-nio-8088-exec-9] DEBUG org.hibernate.SQL - 
    select
        p1_0.id,
        p1_0.category_id,
        c1_0.id,
        c1_0.description,
        c1_0.name,
        p1_0.code,
        p1_0.cost,
        p1_0.created_at,
        p1_0.description,
        p1_0.image_url,
        p1_0.is_available,
        p1_0.name,
        p1_0.price,
        p1_0.updated_at 
    from
        products p1_0 
    join
        categories c1_0 
            on c1_0.id=p1_0.category_id 
    limit
        ?, ?
2025-11-13 00:00:53 [http-nio-8088-exec-2] DEBUG o.s.security.web.FilterChainProxy - Securing GET /api/v1/files/56de7c12-082e-4eb3-b6cb-d84d8cc38775.jpg
2025-11-13 00:00:53 [http-nio-8088-exec-6] DEBUG o.s.security.web.FilterChainProxy - Securing GET /api/v1/files/82b4818b-f0d2-4206-bfa5-298f7111d20c.jpg
2025-11-13 00:00:53 [http-nio-8088-exec-6] DEBUG o.s.s.w.a.AnonymousAuthenticationFilter - Set SecurityContextHolder to anonymous SecurityContext
2025-11-13 00:00:53 [http-nio-8088-exec-2] DEBUG o.s.s.w.a.AnonymousAuthenticationFilter - Set SecurityContextHolder to anonymous SecurityContext
2025-11-13 00:00:53 [http-nio-8088-exec-6] DEBUG o.s.security.web.FilterChainProxy - Secured GET /api/v1/files/82b4818b-f0d2-4206-bfa5-298f7111d20c.jpg
2025-11-13 00:00:53 [http-nio-8088-exec-6] DEBUG c.g.c.controller.FileController - Downloading file: 82b4818b-f0d2-4206-bfa5-298f7111d20c.jpg
2025-11-13 00:00:53 [http-nio-8088-exec-2] DEBUG o.s.security.web.FilterChainProxy - Secured GET /api/v1/files/56de7c12-082e-4eb3-b6cb-d84d8cc38775.jpg
2025-11-13 00:00:53 [http-nio-8088-exec-8] DEBUG o.s.security.web.FilterChainProxy - Securing GET /api/v1/files/e267ade1-780a-4a34-adf1-ecb1b2948e21.jpg
2025-11-13 00:00:53 [http-nio-8088-exec-8] DEBUG o.s.s.w.a.AnonymousAuthenticationFilter - Set SecurityContextHolder to anonymous SecurityContext
2025-11-13 00:00:53 [http-nio-8088-exec-8] DEBUG o.s.security.web.FilterChainProxy - Secured GET /api/v1/files/e267ade1-780a-4a34-adf1-ecb1b2948e21.jpg
2025-11-13 00:00:53 [http-nio-8088-exec-8] DEBUG c.g.c.controller.FileController - Downloading file: e267ade1-780a-4a34-adf1-ecb1b2948e21.jpg
2025-11-13 00:00:53 [http-nio-8088-exec-3] DEBUG o.s.security.web.FilterChainProxy - Securing GET /api/v1/files/358e5aef-6b26-4cb1-a997-97ac999d9dc1.jpg
2025-11-13 00:00:53 [http-nio-8088-exec-3] DEBUG o.s.s.w.a.AnonymousAuthenticationFilter - Set SecurityContextHolder to anonymous SecurityContext
2025-11-13 00:00:53 [http-nio-8088-exec-3] DEBUG o.s.security.web.FilterChainProxy - Secured GET /api/v1/files/358e5aef-6b26-4cb1-a997-97ac999d9dc1.jpg
2025-11-13 00:00:53 [http-nio-8088-exec-3] DEBUG c.g.c.controller.FileController - Downloading file: 358e5aef-6b26-4cb1-a997-97ac999d9dc1.jpg
2025-11-13 00:00:53 [http-nio-8088-exec-7] DEBUG o.s.security.web.FilterChainProxy - Securing GET /api/v1/files/b0fcea8f-74ab-4ff1-bd62-6557e0ccb1f2.jpg
2025-11-13 00:00:53 [http-nio-8088-exec-7] DEBUG o.s.s.w.a.AnonymousAuthenticationFilter - Set SecurityContextHolder to anonymous SecurityContext
2025-11-13 00:00:53 [http-nio-8088-exec-7] DEBUG o.s.security.web.FilterChainProxy - Secured GET /api/v1/files/b0fcea8f-74ab-4ff1-bd62-6557e0ccb1f2.jpg
2025-11-13 00:00:53 [http-nio-8088-exec-7] DEBUG c.g.c.controller.FileController - Downloading file: b0fcea8f-74ab-4ff1-bd62-6557e0ccb1f2.jpg
2025-11-13 00:00:53 [http-nio-8088-exec-5] DEBUG o.s.security.web.FilterChainProxy - Securing GET /api/v1/files/80cf5e3d-5d4c-4d1b-9e7d-0a0b8bfa00eb.jpg
2025-11-13 00:00:53 [http-nio-8088-exec-5] DEBUG o.s.s.w.a.AnonymousAuthenticationFilter - Set SecurityContextHolder to anonymous SecurityContext
2025-11-13 00:00:53 [http-nio-8088-exec-5] DEBUG o.s.security.web.FilterChainProxy - Secured GET /api/v1/files/80cf5e3d-5d4c-4d1b-9e7d-0a0b8bfa00eb.jpg
2025-11-13 00:00:53 [http-nio-8088-exec-5] DEBUG c.g.c.controller.FileController - Downloading file: 80cf5e3d-5d4c-4d1b-9e7d-0a0b8bfa00eb.jpg
2025-11-13 00:00:53 [http-nio-8088-exec-1] DEBUG o.s.security.web.FilterChainProxy - Securing GET /api/v1/categories
2025-11-13 00:00:53 [http-nio-8088-exec-2] DEBUG c.g.c.controller.FileController - Downloading file: 56de7c12-082e-4eb3-b6cb-d84d8cc38775.jpg
2025-11-13 00:00:53 [http-nio-8088-exec-8] DEBUG o.s.security.web.FilterChainProxy - Securing GET /api/v1/files/a10447e0-1a57-4b12-837d-218f6d3a6706.jpg
2025-11-13 00:00:53 [http-nio-8088-exec-8] DEBUG o.s.s.w.a.AnonymousAuthenticationFilter - Set SecurityContextHolder to anonymous SecurityContext
2025-11-13 00:00:53 [http-nio-8088-exec-8] DEBUG o.s.security.web.FilterChainProxy - Secured GET /api/v1/files/a10447e0-1a57-4b12-837d-218f6d3a6706.jpg
2025-11-13 00:00:53 [http-nio-8088-exec-8] DEBUG c.g.c.controller.FileController - Downloading file: a10447e0-1a57-4b12-837d-218f6d3a6706.jpg
2025-11-13 00:00:53 [http-nio-8088-exec-10] DEBUG o.s.security.web.FilterChainProxy - Securing GET /api/v1/files/399710fc-be76-468d-be99-161396dbd4a4.jpg
2025-11-13 00:00:53 [http-nio-8088-exec-10] DEBUG o.s.s.w.a.AnonymousAuthenticationFilter - Set SecurityContextHolder to anonymous SecurityContext
2025-11-13 00:00:53 [http-nio-8088-exec-10] DEBUG o.s.security.web.FilterChainProxy - Secured GET /api/v1/files/399710fc-be76-468d-be99-161396dbd4a4.jpg
2025-11-13 00:00:53 [http-nio-8088-exec-10] DEBUG c.g.c.controller.FileController - Downloading file: 399710fc-be76-468d-be99-161396dbd4a4.jpg
2025-11-13 00:00:53 [http-nio-8088-exec-4] DEBUG o.s.security.web.FilterChainProxy - Securing GET /api/v1/files/5f0d97d1-f3b4-431e-99dd-ad80499705ba.jpg
2025-11-13 00:00:53 [http-nio-8088-exec-4] DEBUG o.s.s.w.a.AnonymousAuthenticationFilter - Set SecurityContextHolder to anonymous SecurityContext
2025-11-13 00:00:53 [http-nio-8088-exec-4] DEBUG o.s.security.web.FilterChainProxy - Secured GET /api/v1/files/5f0d97d1-f3b4-431e-99dd-ad80499705ba.jpg
2025-11-13 00:00:53 [http-nio-8088-exec-6] DEBUG o.s.security.web.FilterChainProxy - Securing GET /api/v1/files/587ac1e2-1a65-4144-bbb7-faff4eac57bd.jpg
2025-11-13 00:00:53 [http-nio-8088-exec-4] DEBUG c.g.c.controller.FileController - Downloading file: 5f0d97d1-f3b4-431e-99dd-ad80499705ba.jpg
2025-11-13 00:00:53 [http-nio-8088-exec-6] DEBUG o.s.s.w.a.AnonymousAuthenticationFilter - Set SecurityContextHolder to anonymous SecurityContext
2025-11-13 00:00:53 [http-nio-8088-exec-6] DEBUG o.s.security.web.FilterChainProxy - Secured GET /api/v1/files/587ac1e2-1a65-4144-bbb7-faff4eac57bd.jpg
2025-11-13 00:00:53 [http-nio-8088-exec-3] DEBUG o.s.security.web.FilterChainProxy - Securing GET /api/v1/files/fc284af6-76c3-40fc-b6ab-245bf05af010.jpg
2025-11-13 00:00:53 [http-nio-8088-exec-8] DEBUG o.s.security.web.FilterChainProxy - Securing GET /api/v1/files/01377e1e-70ed-48ba-bd4a-6379aeff4856.jpg
2025-11-13 00:00:53 [http-nio-8088-exec-6] DEBUG c.g.c.controller.FileController - Downloading file: 587ac1e2-1a65-4144-bbb7-faff4eac57bd.jpg
2025-11-13 00:00:53 [http-nio-8088-exec-8] DEBUG o.s.s.w.a.AnonymousAuthenticationFilter - Set SecurityContextHolder to anonymous SecurityContext
2025-11-13 00:00:53 [http-nio-8088-exec-3] DEBUG o.s.s.w.a.AnonymousAuthenticationFilter - Set SecurityContextHolder to anonymous SecurityContext
2025-11-13 00:00:53 [http-nio-8088-exec-8] DEBUG o.s.security.web.FilterChainProxy - Secured GET /api/v1/files/01377e1e-70ed-48ba-bd4a-6379aeff4856.jpg
2025-11-13 00:00:53 [http-nio-8088-exec-3] DEBUG o.s.security.web.FilterChainProxy - Secured GET /api/v1/files/fc284af6-76c3-40fc-b6ab-245bf05af010.jpg
2025-11-13 00:00:53 [http-nio-8088-exec-8] DEBUG c.g.c.controller.FileController - Downloading file: 01377e1e-70ed-48ba-bd4a-6379aeff4856.jpg
2025-11-13 00:00:53 [http-nio-8088-exec-5] DEBUG o.s.security.web.FilterChainProxy - Securing GET /api/v1/files/76508bcc-516c-4520-b640-75df6df6a0ca.jpg
2025-11-13 00:00:53 [http-nio-8088-exec-5] DEBUG o.s.s.w.a.AnonymousAuthenticationFilter - Set SecurityContextHolder to anonymous SecurityContext
2025-11-13 00:00:53 [http-nio-8088-exec-5] DEBUG o.s.security.web.FilterChainProxy - Secured GET /api/v1/files/76508bcc-516c-4520-b640-75df6df6a0ca.jpg
2025-11-13 00:00:53 [http-nio-8088-exec-3] DEBUG c.g.c.controller.FileController - Downloading file: fc284af6-76c3-40fc-b6ab-245bf05af010.jpg
2025-11-13 00:00:53 [http-nio-8088-exec-9] DEBUG o.s.security.web.FilterChainProxy - Securing GET /api/v1/files/a7ad5fc9-6e6e-4d2d-bf7f-0925fb9237ec.jpg
2025-11-13 00:00:53 [http-nio-8088-exec-9] DEBUG o.s.s.w.a.AnonymousAuthenticationFilter - Set SecurityContextHolder to anonymous SecurityContext
2025-11-13 00:00:53 [http-nio-8088-exec-9] DEBUG o.s.security.web.FilterChainProxy - Secured GET /api/v1/files/a7ad5fc9-6e6e-4d2d-bf7f-0925fb9237ec.jpg
2025-11-13 00:00:53 [http-nio-8088-exec-9] DEBUG c.g.c.controller.FileController - Downloading file: a7ad5fc9-6e6e-4d2d-bf7f-0925fb9237ec.jpg
2025-11-13 00:00:53 [http-nio-8088-exec-10] DEBUG o.s.security.web.FilterChainProxy - Securing GET /api/v1/files/3be6958d-8594-4f88-bf4a-caed30cc8686.jpg
2025-11-13 00:00:53 [http-nio-8088-exec-10] DEBUG o.s.s.w.a.AnonymousAuthenticationFilter - Set SecurityContextHolder to anonymous SecurityContext
2025-11-13 00:00:53 [http-nio-8088-exec-10] DEBUG o.s.security.web.FilterChainProxy - Secured GET /api/v1/files/3be6958d-8594-4f88-bf4a-caed30cc8686.jpg
2025-11-13 00:00:53 [http-nio-8088-exec-5] DEBUG c.g.c.controller.FileController - Downloading file: 76508bcc-516c-4520-b640-75df6df6a0ca.jpg
2025-11-13 00:00:53 [http-nio-8088-exec-1] DEBUG org.hibernate.SQL - 
    select
        u1_0.id,
        u1_0.created_at,
        u1_0.email,
        u1_0.full_name,
        u1_0.password,
        u1_0.phone,
        u1_0.status,
        u1_0.updated_at,
        u1_0.username 
    from
        users u1_0 
    where
        u1_0.username=?
2025-11-13 00:00:53 [http-nio-8088-exec-2] DEBUG o.s.security.web.FilterChainProxy - Securing GET /api/v1/files/4b9dcaa8-0825-4ee8-badc-86529e305d2a.jpg
2025-11-13 00:00:53 [http-nio-8088-exec-2] DEBUG o.s.s.w.a.AnonymousAuthenticationFilter - Set SecurityContextHolder to anonymous SecurityContext
2025-11-13 00:00:53 [http-nio-8088-exec-2] DEBUG o.s.security.web.FilterChainProxy - Secured GET /api/v1/files/4b9dcaa8-0825-4ee8-badc-86529e305d2a.jpg
2025-11-13 00:00:53 [http-nio-8088-exec-2] DEBUG c.g.c.controller.FileController - Downloading file: 4b9dcaa8-0825-4ee8-badc-86529e305d2a.jpg
2025-11-13 00:00:53 [http-nio-8088-exec-7] DEBUG o.s.security.web.FilterChainProxy - Securing GET /api/v1/files/dc7eea7e-d955-4e82-947f-8f3a275d09c8.jpg
2025-11-13 00:00:53 [http-nio-8088-exec-7] DEBUG o.s.s.w.a.AnonymousAuthenticationFilter - Set SecurityContextHolder to anonymous SecurityContext
2025-11-13 00:00:53 [http-nio-8088-exec-7] DEBUG o.s.security.web.FilterChainProxy - Secured GET /api/v1/files/dc7eea7e-d955-4e82-947f-8f3a275d09c8.jpg
2025-11-13 00:00:53 [http-nio-8088-exec-7] DEBUG c.g.c.controller.FileController - Downloading file: dc7eea7e-d955-4e82-947f-8f3a275d09c8.jpg
2025-11-13 00:00:53 [http-nio-8088-exec-6] DEBUG o.s.security.web.FilterChainProxy - Securing GET /api/v1/files/257f1822-ec96-40c8-850e-a304cffa37fd.jpg
2025-11-13 00:00:53 [http-nio-8088-exec-6] DEBUG o.s.s.w.a.AnonymousAuthenticationFilter - Set SecurityContextHolder to anonymous SecurityContext
2025-11-13 00:00:53 [http-nio-8088-exec-6] DEBUG o.s.security.web.FilterChainProxy - Secured GET /api/v1/files/257f1822-ec96-40c8-850e-a304cffa37fd.jpg
2025-11-13 00:00:53 [http-nio-8088-exec-6] DEBUG c.g.c.controller.FileController - Downloading file: 257f1822-ec96-40c8-850e-a304cffa37fd.jpg
2025-11-13 00:00:53 [http-nio-8088-exec-10] DEBUG c.g.c.controller.FileController - Downloading file: 3be6958d-8594-4f88-bf4a-caed30cc8686.jpg
2025-11-13 00:00:53 [http-nio-8088-exec-1] DEBUG org.hibernate.SQL - 
    select
        r1_0.user_id,
        r1_1.id,
        r1_1.name 
    from
        user_roles r1_0 
    join
        roles r1_1 
            on r1_1.id=r1_0.role_id 
    where
        r1_0.user_id=?
2025-11-13 00:00:53 [http-nio-8088-exec-1] DEBUG o.s.security.web.FilterChainProxy - Secured GET /api/v1/categories
2025-11-13 00:00:53 [http-nio-8088-exec-1] DEBUG o.s.s.a.m.AuthorizationManagerBeforeMethodInterceptor - Authorizing method invocation ReflectiveMethodInvocation: public org.springframework.http.ResponseEntity com.giapho.coffee_shop_backend.controller.CategoryController.getAllCategories(); target is of class [com.giapho.coffee_shop_backend.controller.CategoryController]
2025-11-13 00:00:53 [http-nio-8088-exec-1] DEBUG o.s.s.a.m.AuthorizationManagerBeforeMethodInterceptor - Authorized method invocation ReflectiveMethodInvocation: public org.springframework.http.ResponseEntity com.giapho.coffee_shop_backend.controller.CategoryController.getAllCategories(); target is of class [com.giapho.coffee_shop_backend.controller.CategoryController]
2025-11-13 00:00:53 [http-nio-8088-exec-1] DEBUG org.hibernate.SQL - 
    select
        c1_0.id,
        c1_0.description,
        c1_0.name 
    from
        categories c1_0
2025-11-13 00:01:10 [http-nio-8088-exec-4] DEBUG o.s.security.web.FilterChainProxy - Securing POST /api/v1/orders
2025-11-13 00:01:10 [http-nio-8088-exec-4] DEBUG org.hibernate.SQL - 
    select
        u1_0.id,
        u1_0.created_at,
        u1_0.email,
        u1_0.full_name,
        u1_0.password,
        u1_0.phone,
        u1_0.status,
        u1_0.updated_at,
        u1_0.username 
    from
        users u1_0 
    where
        u1_0.username=?
2025-11-13 00:01:10 [http-nio-8088-exec-4] DEBUG org.hibernate.SQL - 
    select
        r1_0.user_id,
        r1_1.id,
        r1_1.name 
    from
        user_roles r1_0 
    join
        roles r1_1 
            on r1_1.id=r1_0.role_id 
    where
        r1_0.user_id=?
2025-11-13 00:01:10 [http-nio-8088-exec-4] DEBUG o.s.security.web.FilterChainProxy - Secured POST /api/v1/orders
2025-11-13 00:01:10 [http-nio-8088-exec-4] DEBUG o.s.s.a.m.AuthorizationManagerBeforeMethodInterceptor - Authorizing method invocation ReflectiveMethodInvocation: public org.springframework.http.ResponseEntity com.giapho.coffee_shop_backend.controller.OrderController.createOrder(com.giapho.coffee_shop_backend.dto.OrderCreateRequestDTO); target is of class [com.giapho.coffee_shop_backend.controller.OrderController]
2025-11-13 00:01:10 [http-nio-8088-exec-4] DEBUG o.s.s.a.m.AuthorizationManagerBeforeMethodInterceptor - Authorized method invocation ReflectiveMethodInvocation: public org.springframework.http.ResponseEntity com.giapho.coffee_shop_backend.controller.OrderController.createOrder(com.giapho.coffee_shop_backend.dto.OrderCreateRequestDTO); target is of class [com.giapho.coffee_shop_backend.controller.OrderController]
2025-11-13 00:01:10 [http-nio-8088-exec-4] DEBUG org.hibernate.SQL - 
    select
        u1_0.id,
        u1_0.created_at,
        u1_0.email,
        u1_0.full_name,
        u1_0.password,
        u1_0.phone,
        u1_0.status,
        u1_0.updated_at,
        u1_0.username 
    from
        users u1_0 
    where
        u1_0.username=?
2025-11-13 00:01:10 [http-nio-8088-exec-4] DEBUG org.hibernate.SQL - 
    select
        r1_0.user_id,
        r1_1.id,
        r1_1.name 
    from
        user_roles r1_0 
    join
        roles r1_1 
            on r1_1.id=r1_0.role_id 
    where
        r1_0.user_id=?
2025-11-13 00:01:10 [http-nio-8088-exec-4] INFO  c.g.c.service.OrderService - No customer associated with new order
2025-11-13 00:01:10 [http-nio-8088-exec-4] DEBUG org.hibernate.SQL - 
    select
        p1_0.id,
        p1_0.category_id,
        p1_0.code,
        p1_0.cost,
        p1_0.created_at,
        p1_0.description,
        p1_0.image_url,
        p1_0.is_available,
        p1_0.name,
        p1_0.price,
        p1_0.updated_at 
    from
        products p1_0 
    where
        p1_0.id=?
2025-11-13 00:01:10 [http-nio-8088-exec-4] DEBUG org.hibernate.SQL - 
    insert 
    into
        orders
        (voucher_id, table_id, created_at, customer_id, discount_amount, paid_at, payment_method, status, sub_total, total_amount, type, user_id, voucher_code) 
    values
        (?, ?, ?, ?, ?, ?, ?, ?, ?, ?, ?, ?, ?)
2025-11-13 00:01:10 [http-nio-8088-exec-4] DEBUG org.hibernate.SQL - 
    insert 
    into
        order_details
        (notes, order_id, price_at_order, product_id, quantity) 
    values
        (?, ?, ?, ?, ?)
2025-11-13 00:01:10 [http-nio-8088-exec-4] DEBUG org.hibernate.SQL - 
    select
        o1_0.id,
        o1_0.voucher_id,
        ct1_0.id,
        ct1_0.capacity,
        ct1_0.name,
        ct1_0.status,
        o1_0.created_at,
        c1_0.id,
        c1_0.created_at,
        c1_0.email,
        c1_0.full_name,
        c1_0.loyalty_points,
        c1_0.phone,
        c1_0.updated_at,
        o1_0.discount_amount,
        od1_0.order_id,
        od1_0.id,
        od1_0.notes,
        od1_0.price_at_order,
        od1_0.product_id,
        od1_0.quantity,
        o1_0.paid_at,
        o1_0.payment_method,
        o1_0.status,
        o1_0.sub_total,
        o1_0.total_amount,
        o1_0.type,
        o1_0.user_id,
        u1_0.id,
        u1_0.created_at,
        u1_0.email,
        u1_0.full_name,
        u1_0.password,
        u1_0.phone,
        u1_0.status,
        u1_0.updated_at,
        u1_0.username,
        o1_0.voucher_code 
    from
        orders o1_0 
    left join
        order_details od1_0 
            on o1_0.id=od1_0.order_id 
    left join
        tables ct1_0 
            on ct1_0.id=o1_0.table_id 
    left join
        users u1_0 
            on u1_0.id=o1_0.user_id 
    left join
        customers c1_0 
            on c1_0.id=o1_0.customer_id 
    where
        o1_0.id=?
2025-11-13 00:01:35 [http-nio-8088-exec-3] DEBUG o.s.security.web.FilterChainProxy - Securing OPTIONS /api/v1/orders/144/cancel
2025-11-13 00:01:35 [http-nio-8088-exec-2] DEBUG o.s.security.web.FilterChainProxy - Securing POST /api/v1/orders/144/cancel
2025-11-13 00:01:35 [http-nio-8088-exec-2] DEBUG org.hibernate.SQL - 
    select
        u1_0.id,
        u1_0.created_at,
        u1_0.email,
        u1_0.full_name,
        u1_0.password,
        u1_0.phone,
        u1_0.status,
        u1_0.updated_at,
        u1_0.username 
    from
        users u1_0 
    where
        u1_0.username=?
2025-11-13 00:01:35 [http-nio-8088-exec-2] DEBUG org.hibernate.SQL - 
    select
        r1_0.user_id,
        r1_1.id,
        r1_1.name 
    from
        user_roles r1_0 
    join
        roles r1_1 
            on r1_1.id=r1_0.role_id 
    where
        r1_0.user_id=?
2025-11-13 00:01:35 [http-nio-8088-exec-2] DEBUG o.s.security.web.FilterChainProxy - Secured POST /api/v1/orders/144/cancel
2025-11-13 00:01:35 [http-nio-8088-exec-2] DEBUG o.s.s.a.m.AuthorizationManagerBeforeMethodInterceptor - Authorizing method invocation ReflectiveMethodInvocation: public org.springframework.http.ResponseEntity com.giapho.coffee_shop_backend.controller.OrderController.cancelOrder(java.lang.Long); target is of class [com.giapho.coffee_shop_backend.controller.OrderController]
2025-11-13 00:01:35 [http-nio-8088-exec-2] DEBUG o.s.s.a.m.AuthorizationManagerBeforeMethodInterceptor - Authorized method invocation ReflectiveMethodInvocation: public org.springframework.http.ResponseEntity com.giapho.coffee_shop_backend.controller.OrderController.cancelOrder(java.lang.Long); target is of class [com.giapho.coffee_shop_backend.controller.OrderController]
2025-11-13 00:01:35 [http-nio-8088-exec-2] DEBUG org.hibernate.SQL - 
    select
        o1_0.id,
        o1_0.voucher_id,
        ct1_0.id,
        ct1_0.capacity,
        ct1_0.name,
        ct1_0.status,
        o1_0.created_at,
        c1_0.id,
        c1_0.created_at,
        c1_0.email,
        c1_0.full_name,
        c1_0.loyalty_points,
        c1_0.phone,
        c1_0.updated_at,
        o1_0.discount_amount,
        od1_0.order_id,
        od1_0.id,
        od1_0.notes,
        od1_0.price_at_order,
        od1_0.product_id,
        od1_0.quantity,
        o1_0.paid_at,
        o1_0.payment_method,
        o1_0.status,
        o1_0.sub_total,
        o1_0.total_amount,
        o1_0.type,
        o1_0.user_id,
        u1_0.id,
        u1_0.created_at,
        u1_0.email,
        u1_0.full_name,
        u1_0.password,
        u1_0.phone,
        u1_0.status,
        u1_0.updated_at,
        u1_0.username,
        o1_0.voucher_code 
    from
        orders o1_0 
    left join
        order_details od1_0 
            on o1_0.id=od1_0.order_id 
    left join
        tables ct1_0 
            on ct1_0.id=o1_0.table_id 
    left join
        users u1_0 
            on u1_0.id=o1_0.user_id 
    left join
        customers c1_0 
            on c1_0.id=o1_0.customer_id 
    where
        o1_0.id=? 
        and o1_0.status='PENDING'
2025-11-13 00:01:35 [http-nio-8088-exec-2] DEBUG org.hibernate.SQL - 
    select
        r1_0.user_id,
        r1_1.id,
        r1_1.name 
    from
        user_roles r1_0 
    join
        roles r1_1 
            on r1_1.id=r1_0.role_id 
    where
        r1_0.user_id=?
2025-11-13 00:01:35 [http-nio-8088-exec-2] DEBUG org.hibernate.SQL - 
    update
        orders 
    set
        voucher_id=?,
        table_id=?,
        customer_id=?,
        discount_amount=?,
        paid_at=?,
        payment_method=?,
        status=?,
        sub_total=?,
        total_amount=?,
        type=?,
        user_id=?,
        voucher_code=? 
    where
        id=?
2025-11-13 00:01:35 [http-nio-8088-exec-2] DEBUG org.hibernate.SQL - 
    select
        o1_0.id,
        o1_0.voucher_id,
        ct1_0.id,
        ct1_0.capacity,
        ct1_0.name,
        ct1_0.status,
        o1_0.created_at,
        c1_0.id,
        c1_0.created_at,
        c1_0.email,
        c1_0.full_name,
        c1_0.loyalty_points,
        c1_0.phone,
        c1_0.updated_at,
        o1_0.discount_amount,
        od1_0.order_id,
        od1_0.id,
        od1_0.notes,
        od1_0.price_at_order,
        od1_0.product_id,
        od1_0.quantity,
        o1_0.paid_at,
        o1_0.payment_method,
        o1_0.status,
        o1_0.sub_total,
        o1_0.total_amount,
        o1_0.type,
        o1_0.user_id,
        u1_0.id,
        u1_0.created_at,
        u1_0.email,
        u1_0.full_name,
        u1_0.password,
        u1_0.phone,
        u1_0.status,
        u1_0.updated_at,
        u1_0.username,
        o1_0.voucher_code 
    from
        orders o1_0 
    left join
        order_details od1_0 
            on o1_0.id=od1_0.order_id 
    left join
        tables ct1_0 
            on ct1_0.id=o1_0.table_id 
    left join
        users u1_0 
            on u1_0.id=o1_0.user_id 
    left join
        customers c1_0 
            on c1_0.id=o1_0.customer_id 
    where
        o1_0.id=?
2025-11-13 00:01:35 [http-nio-8088-exec-2] DEBUG org.hibernate.SQL - 
    select
        p1_0.id,
        p1_0.category_id,
        p1_0.code,
        p1_0.cost,
        p1_0.created_at,
        p1_0.description,
        p1_0.image_url,
        p1_0.is_available,
        p1_0.name,
        p1_0.price,
        p1_0.updated_at 
    from
        products p1_0 
    where
        p1_0.id=?
2025-11-13 00:01:35 [http-nio-8088-exec-9] DEBUG o.s.security.web.FilterChainProxy - Securing GET /api/v1/tables
2025-11-13 00:01:35 [http-nio-8088-exec-9] DEBUG org.hibernate.SQL - 
    select
        u1_0.id,
        u1_0.created_at,
        u1_0.email,
        u1_0.full_name,
        u1_0.password,
        u1_0.phone,
        u1_0.status,
        u1_0.updated_at,
        u1_0.username 
    from
        users u1_0 
    where
        u1_0.username=?
2025-11-13 00:01:35 [http-nio-8088-exec-9] DEBUG org.hibernate.SQL - 
    select
        r1_0.user_id,
        r1_1.id,
        r1_1.name 
    from
        user_roles r1_0 
    join
        roles r1_1 
            on r1_1.id=r1_0.role_id 
    where
        r1_0.user_id=?
2025-11-13 00:01:35 [http-nio-8088-exec-9] DEBUG o.s.security.web.FilterChainProxy - Secured GET /api/v1/tables
2025-11-13 00:01:35 [http-nio-8088-exec-9] DEBUG o.s.s.a.m.AuthorizationManagerBeforeMethodInterceptor - Authorizing method invocation ReflectiveMethodInvocation: public org.springframework.http.ResponseEntity com.giapho.coffee_shop_backend.controller.CafeTableController.getAllTables(); target is of class [com.giapho.coffee_shop_backend.controller.CafeTableController]
2025-11-13 00:01:35 [http-nio-8088-exec-9] DEBUG o.s.s.a.m.AuthorizationManagerBeforeMethodInterceptor - Authorized method invocation ReflectiveMethodInvocation: public org.springframework.http.ResponseEntity com.giapho.coffee_shop_backend.controller.CafeTableController.getAllTables(); target is of class [com.giapho.coffee_shop_backend.controller.CafeTableController]
2025-11-13 00:01:35 [http-nio-8088-exec-9] DEBUG org.hibernate.SQL - 
    select
        ct1_0.id,
        ct1_0.capacity,
        ct1_0.name,
        ct1_0.status 
    from
        tables ct1_0
2025-11-13 00:02:13 [http-nio-8088-exec-8] DEBUG o.s.security.web.FilterChainProxy - Securing POST /api/v1/orders
2025-11-13 00:02:13 [http-nio-8088-exec-8] DEBUG org.hibernate.SQL - 
    select
        u1_0.id,
        u1_0.created_at,
        u1_0.email,
        u1_0.full_name,
        u1_0.password,
        u1_0.phone,
        u1_0.status,
        u1_0.updated_at,
        u1_0.username 
    from
        users u1_0 
    where
        u1_0.username=?
2025-11-13 00:02:13 [http-nio-8088-exec-8] DEBUG org.hibernate.SQL - 
    select
        r1_0.user_id,
        r1_1.id,
        r1_1.name 
    from
        user_roles r1_0 
    join
        roles r1_1 
            on r1_1.id=r1_0.role_id 
    where
        r1_0.user_id=?
2025-11-13 00:02:13 [http-nio-8088-exec-8] DEBUG o.s.security.web.FilterChainProxy - Secured POST /api/v1/orders
2025-11-13 00:02:13 [http-nio-8088-exec-8] DEBUG o.s.s.a.m.AuthorizationManagerBeforeMethodInterceptor - Authorizing method invocation ReflectiveMethodInvocation: public org.springframework.http.ResponseEntity com.giapho.coffee_shop_backend.controller.OrderController.createOrder(com.giapho.coffee_shop_backend.dto.OrderCreateRequestDTO); target is of class [com.giapho.coffee_shop_backend.controller.OrderController]
2025-11-13 00:02:13 [http-nio-8088-exec-8] DEBUG o.s.s.a.m.AuthorizationManagerBeforeMethodInterceptor - Authorized method invocation ReflectiveMethodInvocation: public org.springframework.http.ResponseEntity com.giapho.coffee_shop_backend.controller.OrderController.createOrder(com.giapho.coffee_shop_backend.dto.OrderCreateRequestDTO); target is of class [com.giapho.coffee_shop_backend.controller.OrderController]
2025-11-13 00:02:13 [http-nio-8088-exec-8] DEBUG org.hibernate.SQL - 
    select
        u1_0.id,
        u1_0.created_at,
        u1_0.email,
        u1_0.full_name,
        u1_0.password,
        u1_0.phone,
        u1_0.status,
        u1_0.updated_at,
        u1_0.username 
    from
        users u1_0 
    where
        u1_0.username=?
2025-11-13 00:02:13 [http-nio-8088-exec-8] DEBUG org.hibernate.SQL - 
    select
        r1_0.user_id,
        r1_1.id,
        r1_1.name 
    from
        user_roles r1_0 
    join
        roles r1_1 
            on r1_1.id=r1_0.role_id 
    where
        r1_0.user_id=?
2025-11-13 00:02:13 [http-nio-8088-exec-8] INFO  c.g.c.service.OrderService - No customer associated with new order
2025-11-13 00:02:13 [http-nio-8088-exec-8] DEBUG org.hibernate.SQL - 
    select
        p1_0.id,
        p1_0.category_id,
        p1_0.code,
        p1_0.cost,
        p1_0.created_at,
        p1_0.description,
        p1_0.image_url,
        p1_0.is_available,
        p1_0.name,
        p1_0.price,
        p1_0.updated_at 
    from
        products p1_0 
    where
        p1_0.id=?
2025-11-13 00:02:13 [http-nio-8088-exec-8] DEBUG org.hibernate.SQL - 
    insert 
    into
        orders
        (voucher_id, table_id, created_at, customer_id, discount_amount, paid_at, payment_method, status, sub_total, total_amount, type, user_id, voucher_code) 
    values
        (?, ?, ?, ?, ?, ?, ?, ?, ?, ?, ?, ?, ?)
2025-11-13 00:02:13 [http-nio-8088-exec-8] DEBUG org.hibernate.SQL - 
    insert 
    into
        order_details
        (notes, order_id, price_at_order, product_id, quantity) 
    values
        (?, ?, ?, ?, ?)
2025-11-13 00:02:13 [http-nio-8088-exec-8] DEBUG org.hibernate.SQL - 
    select
        o1_0.id,
        o1_0.voucher_id,
        ct1_0.id,
        ct1_0.capacity,
        ct1_0.name,
        ct1_0.status,
        o1_0.created_at,
        c1_0.id,
        c1_0.created_at,
        c1_0.email,
        c1_0.full_name,
        c1_0.loyalty_points,
        c1_0.phone,
        c1_0.updated_at,
        o1_0.discount_amount,
        od1_0.order_id,
        od1_0.id,
        od1_0.notes,
        od1_0.price_at_order,
        od1_0.product_id,
        od1_0.quantity,
        o1_0.paid_at,
        o1_0.payment_method,
        o1_0.status,
        o1_0.sub_total,
        o1_0.total_amount,
        o1_0.type,
        o1_0.user_id,
        u1_0.id,
        u1_0.created_at,
        u1_0.email,
        u1_0.full_name,
        u1_0.password,
        u1_0.phone,
        u1_0.status,
        u1_0.updated_at,
        u1_0.username,
        o1_0.voucher_code 
    from
        orders o1_0 
    left join
        order_details od1_0 
            on o1_0.id=od1_0.order_id 
    left join
        tables ct1_0 
            on ct1_0.id=o1_0.table_id 
    left join
        users u1_0 
            on u1_0.id=o1_0.user_id 
    left join
        customers c1_0 
            on c1_0.id=o1_0.customer_id 
    where
        o1_0.id=?
2025-11-13 00:02:13 [http-nio-8088-exec-3] DEBUG o.s.security.web.FilterChainProxy - Securing GET /api/v1/tables
2025-11-13 00:02:13 [http-nio-8088-exec-3] DEBUG org.hibernate.SQL - 
    select
        u1_0.id,
        u1_0.created_at,
        u1_0.email,
        u1_0.full_name,
        u1_0.password,
        u1_0.phone,
        u1_0.status,
        u1_0.updated_at,
        u1_0.username 
    from
        users u1_0 
    where
        u1_0.username=?
2025-11-13 00:02:13 [http-nio-8088-exec-3] DEBUG org.hibernate.SQL - 
    select
        r1_0.user_id,
        r1_1.id,
        r1_1.name 
    from
        user_roles r1_0 
    join
        roles r1_1 
            on r1_1.id=r1_0.role_id 
    where
        r1_0.user_id=?
2025-11-13 00:02:13 [http-nio-8088-exec-3] DEBUG o.s.security.web.FilterChainProxy - Secured GET /api/v1/tables
2025-11-13 00:02:13 [http-nio-8088-exec-3] DEBUG o.s.s.a.m.AuthorizationManagerBeforeMethodInterceptor - Authorizing method invocation ReflectiveMethodInvocation: public org.springframework.http.ResponseEntity com.giapho.coffee_shop_backend.controller.CafeTableController.getAllTables(); target is of class [com.giapho.coffee_shop_backend.controller.CafeTableController]
2025-11-13 00:02:13 [http-nio-8088-exec-3] DEBUG o.s.s.a.m.AuthorizationManagerBeforeMethodInterceptor - Authorized method invocation ReflectiveMethodInvocation: public org.springframework.http.ResponseEntity com.giapho.coffee_shop_backend.controller.CafeTableController.getAllTables(); target is of class [com.giapho.coffee_shop_backend.controller.CafeTableController]
2025-11-13 00:02:13 [http-nio-8088-exec-3] DEBUG org.hibernate.SQL - 
    select
        ct1_0.id,
        ct1_0.capacity,
        ct1_0.name,
        ct1_0.status 
    from
        tables ct1_0
2025-11-13 00:02:13 [http-nio-8088-exec-2] DEBUG o.s.security.web.FilterChainProxy - Securing GET /api/v1/products?page=0&size=1000
2025-11-13 00:02:13 [http-nio-8088-exec-2] DEBUG org.hibernate.SQL - 
    select
        u1_0.id,
        u1_0.created_at,
        u1_0.email,
        u1_0.full_name,
        u1_0.password,
        u1_0.phone,
        u1_0.status,
        u1_0.updated_at,
        u1_0.username 
    from
        users u1_0 
    where
        u1_0.username=?
2025-11-13 00:02:13 [http-nio-8088-exec-2] DEBUG org.hibernate.SQL - 
    select
        r1_0.user_id,
        r1_1.id,
        r1_1.name 
    from
        user_roles r1_0 
    join
        roles r1_1 
            on r1_1.id=r1_0.role_id 
    where
        r1_0.user_id=?
2025-11-13 00:02:13 [http-nio-8088-exec-2] DEBUG o.s.security.web.FilterChainProxy - Secured GET /api/v1/products?page=0&size=1000
2025-11-13 00:02:13 [http-nio-8088-exec-2] DEBUG o.s.s.a.m.AuthorizationManagerBeforeMethodInterceptor - Authorizing method invocation ReflectiveMethodInvocation: public org.springframework.http.ResponseEntity com.giapho.coffee_shop_backend.controller.ProductController.getAllProducts(java.lang.String,java.lang.Long,org.springframework.data.domain.Pageable); target is of class [com.giapho.coffee_shop_backend.controller.ProductController]
2025-11-13 00:02:13 [http-nio-8088-exec-2] DEBUG o.s.s.a.m.AuthorizationManagerBeforeMethodInterceptor - Authorized method invocation ReflectiveMethodInvocation: public org.springframework.http.ResponseEntity com.giapho.coffee_shop_backend.controller.ProductController.getAllProducts(java.lang.String,java.lang.Long,org.springframework.data.domain.Pageable); target is of class [com.giapho.coffee_shop_backend.controller.ProductController]
2025-11-13 00:02:13 [http-nio-8088-exec-2] DEBUG org.hibernate.SQL - 
    select
        p1_0.id,
        p1_0.category_id,
        c1_0.id,
        c1_0.description,
        c1_0.name,
        p1_0.code,
        p1_0.cost,
        p1_0.created_at,
        p1_0.description,
        p1_0.image_url,
        p1_0.is_available,
        p1_0.name,
        p1_0.price,
        p1_0.updated_at 
    from
        products p1_0 
    join
        categories c1_0 
            on c1_0.id=p1_0.category_id 
    limit
        ?, ?
2025-11-13 00:02:13 [http-nio-8088-exec-7] DEBUG o.s.security.web.FilterChainProxy - Securing GET /api/v1/files/56de7c12-082e-4eb3-b6cb-d84d8cc38775.jpg
2025-11-13 00:02:13 [http-nio-8088-exec-9] DEBUG o.s.security.web.FilterChainProxy - Securing GET /api/v1/files/82b4818b-f0d2-4206-bfa5-298f7111d20c.jpg
2025-11-13 00:02:13 [http-nio-8088-exec-7] DEBUG o.s.s.w.a.AnonymousAuthenticationFilter - Set SecurityContextHolder to anonymous SecurityContext
2025-11-13 00:02:13 [http-nio-8088-exec-9] DEBUG o.s.s.w.a.AnonymousAuthenticationFilter - Set SecurityContextHolder to anonymous SecurityContext
2025-11-13 00:02:13 [http-nio-8088-exec-7] DEBUG o.s.security.web.FilterChainProxy - Secured GET /api/v1/files/56de7c12-082e-4eb3-b6cb-d84d8cc38775.jpg
2025-11-13 00:02:13 [http-nio-8088-exec-9] DEBUG o.s.security.web.FilterChainProxy - Secured GET /api/v1/files/82b4818b-f0d2-4206-bfa5-298f7111d20c.jpg
2025-11-13 00:02:13 [http-nio-8088-exec-9] DEBUG c.g.c.controller.FileController - Downloading file: 82b4818b-f0d2-4206-bfa5-298f7111d20c.jpg
2025-11-13 00:02:13 [http-nio-8088-exec-7] DEBUG c.g.c.controller.FileController - Downloading file: 56de7c12-082e-4eb3-b6cb-d84d8cc38775.jpg
2025-11-13 00:02:13 [http-nio-8088-exec-1] DEBUG o.s.security.web.FilterChainProxy - Securing GET /api/v1/files/b0fcea8f-74ab-4ff1-bd62-6557e0ccb1f2.jpg
2025-11-13 00:02:13 [http-nio-8088-exec-1] DEBUG o.s.s.w.a.AnonymousAuthenticationFilter - Set SecurityContextHolder to anonymous SecurityContext
2025-11-13 00:02:13 [http-nio-8088-exec-1] DEBUG o.s.security.web.FilterChainProxy - Secured GET /api/v1/files/b0fcea8f-74ab-4ff1-bd62-6557e0ccb1f2.jpg
2025-11-13 00:02:13 [http-nio-8088-exec-4] DEBUG o.s.security.web.FilterChainProxy - Securing GET /api/v1/files/80cf5e3d-5d4c-4d1b-9e7d-0a0b8bfa00eb.jpg
2025-11-13 00:02:13 [http-nio-8088-exec-1] DEBUG c.g.c.controller.FileController - Downloading file: b0fcea8f-74ab-4ff1-bd62-6557e0ccb1f2.jpg
2025-11-13 00:02:13 [http-nio-8088-exec-4] DEBUG o.s.s.w.a.AnonymousAuthenticationFilter - Set SecurityContextHolder to anonymous SecurityContext
2025-11-13 00:02:13 [http-nio-8088-exec-4] DEBUG o.s.security.web.FilterChainProxy - Secured GET /api/v1/files/80cf5e3d-5d4c-4d1b-9e7d-0a0b8bfa00eb.jpg
2025-11-13 00:02:13 [http-nio-8088-exec-4] DEBUG c.g.c.controller.FileController - Downloading file: 80cf5e3d-5d4c-4d1b-9e7d-0a0b8bfa00eb.jpg
2025-11-13 00:02:13 [http-nio-8088-exec-10] DEBUG o.s.security.web.FilterChainProxy - Securing GET /api/v1/files/e267ade1-780a-4a34-adf1-ecb1b2948e21.jpg
2025-11-13 00:02:13 [http-nio-8088-exec-10] DEBUG o.s.s.w.a.AnonymousAuthenticationFilter - Set SecurityContextHolder to anonymous SecurityContext
2025-11-13 00:02:13 [http-nio-8088-exec-10] DEBUG o.s.security.web.FilterChainProxy - Secured GET /api/v1/files/e267ade1-780a-4a34-adf1-ecb1b2948e21.jpg
2025-11-13 00:02:13 [http-nio-8088-exec-10] DEBUG c.g.c.controller.FileController - Downloading file: e267ade1-780a-4a34-adf1-ecb1b2948e21.jpg
2025-11-13 00:02:13 [http-nio-8088-exec-5] DEBUG o.s.security.web.FilterChainProxy - Securing GET /api/v1/files/358e5aef-6b26-4cb1-a997-97ac999d9dc1.jpg
2025-11-13 00:02:13 [http-nio-8088-exec-5] DEBUG o.s.s.w.a.AnonymousAuthenticationFilter - Set SecurityContextHolder to anonymous SecurityContext
2025-11-13 00:02:13 [http-nio-8088-exec-5] DEBUG o.s.security.web.FilterChainProxy - Secured GET /api/v1/files/358e5aef-6b26-4cb1-a997-97ac999d9dc1.jpg
2025-11-13 00:02:13 [http-nio-8088-exec-5] DEBUG c.g.c.controller.FileController - Downloading file: 358e5aef-6b26-4cb1-a997-97ac999d9dc1.jpg
2025-11-13 00:02:13 [http-nio-8088-exec-6] DEBUG o.s.security.web.FilterChainProxy - Securing GET /api/v1/categories
2025-11-13 00:02:13 [http-nio-8088-exec-8] DEBUG o.s.security.web.FilterChainProxy - Securing GET /api/v1/files/01377e1e-70ed-48ba-bd4a-6379aeff4856.jpg
2025-11-13 00:02:13 [http-nio-8088-exec-8] DEBUG o.s.s.w.a.AnonymousAuthenticationFilter - Set SecurityContextHolder to anonymous SecurityContext
2025-11-13 00:02:13 [http-nio-8088-exec-8] DEBUG o.s.security.web.FilterChainProxy - Secured GET /api/v1/files/01377e1e-70ed-48ba-bd4a-6379aeff4856.jpg
2025-11-13 00:02:13 [http-nio-8088-exec-8] DEBUG c.g.c.controller.FileController - Downloading file: 01377e1e-70ed-48ba-bd4a-6379aeff4856.jpg
2025-11-13 00:02:13 [http-nio-8088-exec-3] DEBUG o.s.security.web.FilterChainProxy - Securing GET /api/v1/files/a10447e0-1a57-4b12-837d-218f6d3a6706.jpg
2025-11-13 00:02:13 [http-nio-8088-exec-3] DEBUG o.s.s.w.a.AnonymousAuthenticationFilter - Set SecurityContextHolder to anonymous SecurityContext
2025-11-13 00:02:13 [http-nio-8088-exec-3] DEBUG o.s.security.web.FilterChainProxy - Secured GET /api/v1/files/a10447e0-1a57-4b12-837d-218f6d3a6706.jpg
2025-11-13 00:02:13 [http-nio-8088-exec-3] DEBUG c.g.c.controller.FileController - Downloading file: a10447e0-1a57-4b12-837d-218f6d3a6706.jpg
2025-11-13 00:02:13 [http-nio-8088-exec-2] DEBUG o.s.security.web.FilterChainProxy - Securing GET /api/v1/files/fc284af6-76c3-40fc-b6ab-245bf05af010.jpg
2025-11-13 00:02:13 [http-nio-8088-exec-2] DEBUG o.s.s.w.a.AnonymousAuthenticationFilter - Set SecurityContextHolder to anonymous SecurityContext
2025-11-13 00:02:13 [http-nio-8088-exec-2] DEBUG o.s.security.web.FilterChainProxy - Secured GET /api/v1/files/fc284af6-76c3-40fc-b6ab-245bf05af010.jpg
2025-11-13 00:02:13 [http-nio-8088-exec-2] DEBUG c.g.c.controller.FileController - Downloading file: fc284af6-76c3-40fc-b6ab-245bf05af010.jpg
2025-11-13 00:02:13 [http-nio-8088-exec-7] DEBUG o.s.security.web.FilterChainProxy - Securing GET /api/v1/files/399710fc-be76-468d-be99-161396dbd4a4.jpg
2025-11-13 00:02:13 [http-nio-8088-exec-7] DEBUG o.s.s.w.a.AnonymousAuthenticationFilter - Set SecurityContextHolder to anonymous SecurityContext
2025-11-13 00:02:13 [http-nio-8088-exec-7] DEBUG o.s.security.web.FilterChainProxy - Secured GET /api/v1/files/399710fc-be76-468d-be99-161396dbd4a4.jpg
2025-11-13 00:02:13 [http-nio-8088-exec-7] DEBUG c.g.c.controller.FileController - Downloading file: 399710fc-be76-468d-be99-161396dbd4a4.jpg
2025-11-13 00:02:13 [http-nio-8088-exec-6] DEBUG org.hibernate.SQL - 
    select
        u1_0.id,
        u1_0.created_at,
        u1_0.email,
        u1_0.full_name,
        u1_0.password,
        u1_0.phone,
        u1_0.status,
        u1_0.updated_at,
        u1_0.username 
    from
        users u1_0 
    where
        u1_0.username=?
2025-11-13 00:02:13 [http-nio-8088-exec-10] DEBUG o.s.security.web.FilterChainProxy - Securing GET /api/v1/files/5f0d97d1-f3b4-431e-99dd-ad80499705ba.jpg
2025-11-13 00:02:13 [http-nio-8088-exec-10] DEBUG o.s.s.w.a.AnonymousAuthenticationFilter - Set SecurityContextHolder to anonymous SecurityContext
2025-11-13 00:02:13 [http-nio-8088-exec-10] DEBUG o.s.security.web.FilterChainProxy - Secured GET /api/v1/files/5f0d97d1-f3b4-431e-99dd-ad80499705ba.jpg
2025-11-13 00:02:13 [http-nio-8088-exec-10] DEBUG c.g.c.controller.FileController - Downloading file: 5f0d97d1-f3b4-431e-99dd-ad80499705ba.jpg
2025-11-13 00:02:13 [http-nio-8088-exec-7] DEBUG o.s.security.web.FilterChainProxy - Securing GET /api/v1/files/587ac1e2-1a65-4144-bbb7-faff4eac57bd.jpg
2025-11-13 00:02:13 [http-nio-8088-exec-9] DEBUG o.s.security.web.FilterChainProxy - Securing GET /api/v1/files/76508bcc-516c-4520-b640-75df6df6a0ca.jpg
2025-11-13 00:02:13 [http-nio-8088-exec-9] DEBUG o.s.s.w.a.AnonymousAuthenticationFilter - Set SecurityContextHolder to anonymous SecurityContext
2025-11-13 00:02:13 [http-nio-8088-exec-9] DEBUG o.s.security.web.FilterChainProxy - Secured GET /api/v1/files/76508bcc-516c-4520-b640-75df6df6a0ca.jpg
2025-11-13 00:02:13 [http-nio-8088-exec-7] DEBUG o.s.s.w.a.AnonymousAuthenticationFilter - Set SecurityContextHolder to anonymous SecurityContext
2025-11-13 00:02:13 [http-nio-8088-exec-7] DEBUG o.s.security.web.FilterChainProxy - Secured GET /api/v1/files/587ac1e2-1a65-4144-bbb7-faff4eac57bd.jpg
2025-11-13 00:02:13 [http-nio-8088-exec-7] DEBUG c.g.c.controller.FileController - Downloading file: 587ac1e2-1a65-4144-bbb7-faff4eac57bd.jpg
2025-11-13 00:02:13 [http-nio-8088-exec-4] DEBUG o.s.security.web.FilterChainProxy - Securing GET /api/v1/files/a7ad5fc9-6e6e-4d2d-bf7f-0925fb9237ec.jpg
2025-11-13 00:02:13 [http-nio-8088-exec-4] DEBUG o.s.s.w.a.AnonymousAuthenticationFilter - Set SecurityContextHolder to anonymous SecurityContext
2025-11-13 00:02:13 [http-nio-8088-exec-4] DEBUG o.s.security.web.FilterChainProxy - Secured GET /api/v1/files/a7ad5fc9-6e6e-4d2d-bf7f-0925fb9237ec.jpg
2025-11-13 00:02:13 [http-nio-8088-exec-9] DEBUG c.g.c.controller.FileController - Downloading file: 76508bcc-516c-4520-b640-75df6df6a0ca.jpg
2025-11-13 00:02:13 [http-nio-8088-exec-4] DEBUG c.g.c.controller.FileController - Downloading file: a7ad5fc9-6e6e-4d2d-bf7f-0925fb9237ec.jpg
2025-11-13 00:02:13 [http-nio-8088-exec-6] DEBUG org.hibernate.SQL - 
    select
        r1_0.user_id,
        r1_1.id,
        r1_1.name 
    from
        user_roles r1_0 
    join
        roles r1_1 
            on r1_1.id=r1_0.role_id 
    where
        r1_0.user_id=?
2025-11-13 00:02:13 [http-nio-8088-exec-5] DEBUG o.s.security.web.FilterChainProxy - Securing GET /api/v1/files/3be6958d-8594-4f88-bf4a-caed30cc8686.jpg
2025-11-13 00:02:13 [http-nio-8088-exec-5] DEBUG o.s.s.w.a.AnonymousAuthenticationFilter - Set SecurityContextHolder to anonymous SecurityContext
2025-11-13 00:02:13 [http-nio-8088-exec-5] DEBUG o.s.security.web.FilterChainProxy - Secured GET /api/v1/files/3be6958d-8594-4f88-bf4a-caed30cc8686.jpg
2025-11-13 00:02:13 [http-nio-8088-exec-5] DEBUG c.g.c.controller.FileController - Downloading file: 3be6958d-8594-4f88-bf4a-caed30cc8686.jpg
2025-11-13 00:02:13 [http-nio-8088-exec-1] DEBUG o.s.security.web.FilterChainProxy - Securing GET /api/v1/files/dc7eea7e-d955-4e82-947f-8f3a275d09c8.jpg
2025-11-13 00:02:13 [http-nio-8088-exec-1] DEBUG o.s.s.w.a.AnonymousAuthenticationFilter - Set SecurityContextHolder to anonymous SecurityContext
2025-11-13 00:02:13 [http-nio-8088-exec-1] DEBUG o.s.security.web.FilterChainProxy - Secured GET /api/v1/files/dc7eea7e-d955-4e82-947f-8f3a275d09c8.jpg
2025-11-13 00:02:13 [http-nio-8088-exec-1] DEBUG c.g.c.controller.FileController - Downloading file: dc7eea7e-d955-4e82-947f-8f3a275d09c8.jpg
2025-11-13 00:02:13 [http-nio-8088-exec-7] DEBUG o.s.security.web.FilterChainProxy - Securing GET /api/v1/files/4b9dcaa8-0825-4ee8-badc-86529e305d2a.jpg
2025-11-13 00:02:13 [http-nio-8088-exec-2] DEBUG o.s.security.web.FilterChainProxy - Securing GET /api/v1/files/257f1822-ec96-40c8-850e-a304cffa37fd.jpg
2025-11-13 00:02:13 [http-nio-8088-exec-2] DEBUG o.s.s.w.a.AnonymousAuthenticationFilter - Set SecurityContextHolder to anonymous SecurityContext
2025-11-13 00:02:13 [http-nio-8088-exec-7] DEBUG o.s.s.w.a.AnonymousAuthenticationFilter - Set SecurityContextHolder to anonymous SecurityContext
2025-11-13 00:02:13 [http-nio-8088-exec-7] DEBUG o.s.security.web.FilterChainProxy - Secured GET /api/v1/files/4b9dcaa8-0825-4ee8-badc-86529e305d2a.jpg
2025-11-13 00:02:13 [http-nio-8088-exec-2] DEBUG o.s.security.web.FilterChainProxy - Secured GET /api/v1/files/257f1822-ec96-40c8-850e-a304cffa37fd.jpg
2025-11-13 00:02:13 [http-nio-8088-exec-2] DEBUG c.g.c.controller.FileController - Downloading file: 257f1822-ec96-40c8-850e-a304cffa37fd.jpg
2025-11-13 00:02:13 [http-nio-8088-exec-7] DEBUG c.g.c.controller.FileController - Downloading file: 4b9dcaa8-0825-4ee8-badc-86529e305d2a.jpg
2025-11-13 00:02:13 [http-nio-8088-exec-6] DEBUG o.s.security.web.FilterChainProxy - Secured GET /api/v1/categories
2025-11-13 00:02:13 [http-nio-8088-exec-6] DEBUG o.s.s.a.m.AuthorizationManagerBeforeMethodInterceptor - Authorizing method invocation ReflectiveMethodInvocation: public org.springframework.http.ResponseEntity com.giapho.coffee_shop_backend.controller.CategoryController.getAllCategories(); target is of class [com.giapho.coffee_shop_backend.controller.CategoryController]
2025-11-13 00:02:13 [http-nio-8088-exec-6] DEBUG o.s.s.a.m.AuthorizationManagerBeforeMethodInterceptor - Authorized method invocation ReflectiveMethodInvocation: public org.springframework.http.ResponseEntity com.giapho.coffee_shop_backend.controller.CategoryController.getAllCategories(); target is of class [com.giapho.coffee_shop_backend.controller.CategoryController]
2025-11-13 00:02:13 [http-nio-8088-exec-6] DEBUG org.hibernate.SQL - 
    select
        c1_0.id,
        c1_0.description,
        c1_0.name 
    from
        categories c1_0
2025-11-13 00:02:42 [http-nio-8088-exec-10] DEBUG o.s.security.web.FilterChainProxy - Securing GET /api/v1/tables
2025-11-13 00:02:42 [http-nio-8088-exec-10] DEBUG org.hibernate.SQL - 
    select
        u1_0.id,
        u1_0.created_at,
        u1_0.email,
        u1_0.full_name,
        u1_0.password,
        u1_0.phone,
        u1_0.status,
        u1_0.updated_at,
        u1_0.username 
    from
        users u1_0 
    where
        u1_0.username=?
2025-11-13 00:02:42 [http-nio-8088-exec-10] DEBUG org.hibernate.SQL - 
    select
        r1_0.user_id,
        r1_1.id,
        r1_1.name 
    from
        user_roles r1_0 
    join
        roles r1_1 
            on r1_1.id=r1_0.role_id 
    where
        r1_0.user_id=?
2025-11-13 00:02:42 [http-nio-8088-exec-10] DEBUG o.s.security.web.FilterChainProxy - Secured GET /api/v1/tables
2025-11-13 00:02:42 [http-nio-8088-exec-10] DEBUG o.s.s.a.m.AuthorizationManagerBeforeMethodInterceptor - Authorizing method invocation ReflectiveMethodInvocation: public org.springframework.http.ResponseEntity com.giapho.coffee_shop_backend.controller.CafeTableController.getAllTables(); target is of class [com.giapho.coffee_shop_backend.controller.CafeTableController]
2025-11-13 00:02:42 [http-nio-8088-exec-10] DEBUG o.s.s.a.m.AuthorizationManagerBeforeMethodInterceptor - Authorized method invocation ReflectiveMethodInvocation: public org.springframework.http.ResponseEntity com.giapho.coffee_shop_backend.controller.CafeTableController.getAllTables(); target is of class [com.giapho.coffee_shop_backend.controller.CafeTableController]
2025-11-13 00:02:42 [http-nio-8088-exec-10] DEBUG org.hibernate.SQL - 
    select
        ct1_0.id,
        ct1_0.capacity,
        ct1_0.name,
        ct1_0.status 
    from
        tables ct1_0
2025-11-13 00:03:17 [http-nio-8088-exec-7] DEBUG o.s.security.web.FilterChainProxy - Securing POST /api/v1/orders
2025-11-13 00:03:17 [http-nio-8088-exec-7] DEBUG org.hibernate.SQL - 
    select
        u1_0.id,
        u1_0.created_at,
        u1_0.email,
        u1_0.full_name,
        u1_0.password,
        u1_0.phone,
        u1_0.status,
        u1_0.updated_at,
        u1_0.username 
    from
        users u1_0 
    where
        u1_0.username=?
2025-11-13 00:03:17 [http-nio-8088-exec-7] DEBUG org.hibernate.SQL - 
    select
        r1_0.user_id,
        r1_1.id,
        r1_1.name 
    from
        user_roles r1_0 
    join
        roles r1_1 
            on r1_1.id=r1_0.role_id 
    where
        r1_0.user_id=?
2025-11-13 00:03:17 [http-nio-8088-exec-7] DEBUG o.s.security.web.FilterChainProxy - Secured POST /api/v1/orders
2025-11-13 00:03:17 [http-nio-8088-exec-7] DEBUG o.s.s.a.m.AuthorizationManagerBeforeMethodInterceptor - Authorizing method invocation ReflectiveMethodInvocation: public org.springframework.http.ResponseEntity com.giapho.coffee_shop_backend.controller.OrderController.createOrder(com.giapho.coffee_shop_backend.dto.OrderCreateRequestDTO); target is of class [com.giapho.coffee_shop_backend.controller.OrderController]
2025-11-13 00:03:17 [http-nio-8088-exec-7] DEBUG o.s.s.a.m.AuthorizationManagerBeforeMethodInterceptor - Authorized method invocation ReflectiveMethodInvocation: public org.springframework.http.ResponseEntity com.giapho.coffee_shop_backend.controller.OrderController.createOrder(com.giapho.coffee_shop_backend.dto.OrderCreateRequestDTO); target is of class [com.giapho.coffee_shop_backend.controller.OrderController]
2025-11-13 00:03:17 [http-nio-8088-exec-7] DEBUG org.hibernate.SQL - 
    select
        u1_0.id,
        u1_0.created_at,
        u1_0.email,
        u1_0.full_name,
        u1_0.password,
        u1_0.phone,
        u1_0.status,
        u1_0.updated_at,
        u1_0.username 
    from
        users u1_0 
    where
        u1_0.username=?
2025-11-13 00:03:17 [http-nio-8088-exec-7] DEBUG org.hibernate.SQL - 
    select
        r1_0.user_id,
        r1_1.id,
        r1_1.name 
    from
        user_roles r1_0 
    join
        roles r1_1 
            on r1_1.id=r1_0.role_id 
    where
        r1_0.user_id=?
2025-11-13 00:03:17 [http-nio-8088-exec-7] INFO  c.g.c.service.OrderService - No customer associated with new order
2025-11-13 00:03:17 [http-nio-8088-exec-7] DEBUG org.hibernate.SQL - 
    select
        p1_0.id,
        p1_0.category_id,
        p1_0.code,
        p1_0.cost,
        p1_0.created_at,
        p1_0.description,
        p1_0.image_url,
        p1_0.is_available,
        p1_0.name,
        p1_0.price,
        p1_0.updated_at 
    from
        products p1_0 
    where
        p1_0.id=?
2025-11-13 00:03:17 [http-nio-8088-exec-7] DEBUG org.hibernate.SQL - 
    insert 
    into
        orders
        (voucher_id, table_id, created_at, customer_id, discount_amount, paid_at, payment_method, status, sub_total, total_amount, type, user_id, voucher_code) 
    values
        (?, ?, ?, ?, ?, ?, ?, ?, ?, ?, ?, ?, ?)
2025-11-13 00:03:17 [http-nio-8088-exec-7] DEBUG org.hibernate.SQL - 
    insert 
    into
        order_details
        (notes, order_id, price_at_order, product_id, quantity) 
    values
        (?, ?, ?, ?, ?)
2025-11-13 00:03:17 [http-nio-8088-exec-7] DEBUG org.hibernate.SQL - 
    select
        o1_0.id,
        o1_0.voucher_id,
        ct1_0.id,
        ct1_0.capacity,
        ct1_0.name,
        ct1_0.status,
        o1_0.created_at,
        c1_0.id,
        c1_0.created_at,
        c1_0.email,
        c1_0.full_name,
        c1_0.loyalty_points,
        c1_0.phone,
        c1_0.updated_at,
        o1_0.discount_amount,
        od1_0.order_id,
        od1_0.id,
        od1_0.notes,
        od1_0.price_at_order,
        od1_0.product_id,
        od1_0.quantity,
        o1_0.paid_at,
        o1_0.payment_method,
        o1_0.status,
        o1_0.sub_total,
        o1_0.total_amount,
        o1_0.type,
        o1_0.user_id,
        u1_0.id,
        u1_0.created_at,
        u1_0.email,
        u1_0.full_name,
        u1_0.password,
        u1_0.phone,
        u1_0.status,
        u1_0.updated_at,
        u1_0.username,
        o1_0.voucher_code 
    from
        orders o1_0 
    left join
        order_details od1_0 
            on o1_0.id=od1_0.order_id 
    left join
        tables ct1_0 
            on ct1_0.id=o1_0.table_id 
    left join
        users u1_0 
            on u1_0.id=o1_0.user_id 
    left join
        customers c1_0 
            on c1_0.id=o1_0.customer_id 
    where
        o1_0.id=?
2025-11-13 00:03:17 [http-nio-8088-exec-2] DEBUG o.s.security.web.FilterChainProxy - Securing GET /api/v1/tables
2025-11-13 00:03:17 [http-nio-8088-exec-2] DEBUG org.hibernate.SQL - 
    select
        u1_0.id,
        u1_0.created_at,
        u1_0.email,
        u1_0.full_name,
        u1_0.password,
        u1_0.phone,
        u1_0.status,
        u1_0.updated_at,
        u1_0.username 
    from
        users u1_0 
    where
        u1_0.username=?
2025-11-13 00:03:17 [http-nio-8088-exec-2] DEBUG org.hibernate.SQL - 
    select
        r1_0.user_id,
        r1_1.id,
        r1_1.name 
    from
        user_roles r1_0 
    join
        roles r1_1 
            on r1_1.id=r1_0.role_id 
    where
        r1_0.user_id=?
2025-11-13 00:03:17 [http-nio-8088-exec-2] DEBUG o.s.security.web.FilterChainProxy - Secured GET /api/v1/tables
2025-11-13 00:03:17 [http-nio-8088-exec-2] DEBUG o.s.s.a.m.AuthorizationManagerBeforeMethodInterceptor - Authorizing method invocation ReflectiveMethodInvocation: public org.springframework.http.ResponseEntity com.giapho.coffee_shop_backend.controller.CafeTableController.getAllTables(); target is of class [com.giapho.coffee_shop_backend.controller.CafeTableController]
2025-11-13 00:03:17 [http-nio-8088-exec-2] DEBUG o.s.s.a.m.AuthorizationManagerBeforeMethodInterceptor - Authorized method invocation ReflectiveMethodInvocation: public org.springframework.http.ResponseEntity com.giapho.coffee_shop_backend.controller.CafeTableController.getAllTables(); target is of class [com.giapho.coffee_shop_backend.controller.CafeTableController]
2025-11-13 00:03:17 [http-nio-8088-exec-2] DEBUG org.hibernate.SQL - 
    select
        ct1_0.id,
        ct1_0.capacity,
        ct1_0.name,
        ct1_0.status 
    from
        tables ct1_0
2025-11-13 00:03:17 [http-nio-8088-exec-6] DEBUG o.s.security.web.FilterChainProxy - Securing GET /api/v1/products?page=0&size=1000
2025-11-13 00:03:17 [http-nio-8088-exec-6] DEBUG org.hibernate.SQL - 
    select
        u1_0.id,
        u1_0.created_at,
        u1_0.email,
        u1_0.full_name,
        u1_0.password,
        u1_0.phone,
        u1_0.status,
        u1_0.updated_at,
        u1_0.username 
    from
        users u1_0 
    where
        u1_0.username=?
2025-11-13 00:03:17 [http-nio-8088-exec-6] DEBUG org.hibernate.SQL - 
    select
        r1_0.user_id,
        r1_1.id,
        r1_1.name 
    from
        user_roles r1_0 
    join
        roles r1_1 
            on r1_1.id=r1_0.role_id 
    where
        r1_0.user_id=?
2025-11-13 00:03:17 [http-nio-8088-exec-6] DEBUG o.s.security.web.FilterChainProxy - Secured GET /api/v1/products?page=0&size=1000
2025-11-13 00:03:17 [http-nio-8088-exec-6] DEBUG o.s.s.a.m.AuthorizationManagerBeforeMethodInterceptor - Authorizing method invocation ReflectiveMethodInvocation: public org.springframework.http.ResponseEntity com.giapho.coffee_shop_backend.controller.ProductController.getAllProducts(java.lang.String,java.lang.Long,org.springframework.data.domain.Pageable); target is of class [com.giapho.coffee_shop_backend.controller.ProductController]
2025-11-13 00:03:17 [http-nio-8088-exec-6] DEBUG o.s.s.a.m.AuthorizationManagerBeforeMethodInterceptor - Authorized method invocation ReflectiveMethodInvocation: public org.springframework.http.ResponseEntity com.giapho.coffee_shop_backend.controller.ProductController.getAllProducts(java.lang.String,java.lang.Long,org.springframework.data.domain.Pageable); target is of class [com.giapho.coffee_shop_backend.controller.ProductController]
2025-11-13 00:03:17 [http-nio-8088-exec-6] DEBUG org.hibernate.SQL - 
    select
        p1_0.id,
        p1_0.category_id,
        c1_0.id,
        c1_0.description,
        c1_0.name,
        p1_0.code,
        p1_0.cost,
        p1_0.created_at,
        p1_0.description,
        p1_0.image_url,
        p1_0.is_available,
        p1_0.name,
        p1_0.price,
        p1_0.updated_at 
    from
        products p1_0 
    join
        categories c1_0 
            on c1_0.id=p1_0.category_id 
    limit
        ?, ?
2025-11-13 00:03:17 [http-nio-8088-exec-5] DEBUG o.s.security.web.FilterChainProxy - Securing GET /api/v1/files/56de7c12-082e-4eb3-b6cb-d84d8cc38775.jpg
2025-11-13 00:03:17 [http-nio-8088-exec-10] DEBUG o.s.security.web.FilterChainProxy - Securing GET /api/v1/files/82b4818b-f0d2-4206-bfa5-298f7111d20c.jpg
2025-11-13 00:03:17 [http-nio-8088-exec-5] DEBUG o.s.s.w.a.AnonymousAuthenticationFilter - Set SecurityContextHolder to anonymous SecurityContext
2025-11-13 00:03:17 [http-nio-8088-exec-1] DEBUG o.s.security.web.FilterChainProxy - Securing GET /api/v1/files/b0fcea8f-74ab-4ff1-bd62-6557e0ccb1f2.jpg
2025-11-13 00:03:17 [http-nio-8088-exec-5] DEBUG o.s.security.web.FilterChainProxy - Secured GET /api/v1/files/56de7c12-082e-4eb3-b6cb-d84d8cc38775.jpg
2025-11-13 00:03:17 [http-nio-8088-exec-10] DEBUG o.s.s.w.a.AnonymousAuthenticationFilter - Set SecurityContextHolder to anonymous SecurityContext
2025-11-13 00:03:17 [http-nio-8088-exec-1] DEBUG o.s.s.w.a.AnonymousAuthenticationFilter - Set SecurityContextHolder to anonymous SecurityContext
2025-11-13 00:03:17 [http-nio-8088-exec-10] DEBUG o.s.security.web.FilterChainProxy - Secured GET /api/v1/files/82b4818b-f0d2-4206-bfa5-298f7111d20c.jpg
2025-11-13 00:03:17 [http-nio-8088-exec-1] DEBUG o.s.security.web.FilterChainProxy - Secured GET /api/v1/files/b0fcea8f-74ab-4ff1-bd62-6557e0ccb1f2.jpg
2025-11-13 00:03:17 [http-nio-8088-exec-10] DEBUG c.g.c.controller.FileController - Downloading file: 82b4818b-f0d2-4206-bfa5-298f7111d20c.jpg
2025-11-13 00:03:17 [http-nio-8088-exec-5] DEBUG c.g.c.controller.FileController - Downloading file: 56de7c12-082e-4eb3-b6cb-d84d8cc38775.jpg
2025-11-13 00:03:17 [http-nio-8088-exec-1] DEBUG c.g.c.controller.FileController - Downloading file: b0fcea8f-74ab-4ff1-bd62-6557e0ccb1f2.jpg
2025-11-13 00:03:17 [http-nio-8088-exec-9] DEBUG o.s.security.web.FilterChainProxy - Securing GET /api/v1/files/80cf5e3d-5d4c-4d1b-9e7d-0a0b8bfa00eb.jpg
2025-11-13 00:03:17 [http-nio-8088-exec-9] DEBUG o.s.s.w.a.AnonymousAuthenticationFilter - Set SecurityContextHolder to anonymous SecurityContext
2025-11-13 00:03:17 [http-nio-8088-exec-9] DEBUG o.s.security.web.FilterChainProxy - Secured GET /api/v1/files/80cf5e3d-5d4c-4d1b-9e7d-0a0b8bfa00eb.jpg
2025-11-13 00:03:17 [http-nio-8088-exec-3] DEBUG o.s.security.web.FilterChainProxy - Securing GET /api/v1/files/358e5aef-6b26-4cb1-a997-97ac999d9dc1.jpg
2025-11-13 00:03:17 [http-nio-8088-exec-3] DEBUG o.s.s.w.a.AnonymousAuthenticationFilter - Set SecurityContextHolder to anonymous SecurityContext
2025-11-13 00:03:17 [http-nio-8088-exec-9] DEBUG c.g.c.controller.FileController - Downloading file: 80cf5e3d-5d4c-4d1b-9e7d-0a0b8bfa00eb.jpg
2025-11-13 00:03:17 [http-nio-8088-exec-3] DEBUG o.s.security.web.FilterChainProxy - Secured GET /api/v1/files/358e5aef-6b26-4cb1-a997-97ac999d9dc1.jpg
2025-11-13 00:03:17 [http-nio-8088-exec-4] DEBUG o.s.security.web.FilterChainProxy - Securing GET /api/v1/categories
2025-11-13 00:03:17 [http-nio-8088-exec-3] DEBUG c.g.c.controller.FileController - Downloading file: 358e5aef-6b26-4cb1-a997-97ac999d9dc1.jpg
2025-11-13 00:03:17 [http-nio-8088-exec-8] DEBUG o.s.security.web.FilterChainProxy - Securing GET /api/v1/files/e267ade1-780a-4a34-adf1-ecb1b2948e21.jpg
2025-11-13 00:03:17 [http-nio-8088-exec-8] DEBUG o.s.s.w.a.AnonymousAuthenticationFilter - Set SecurityContextHolder to anonymous SecurityContext
2025-11-13 00:03:17 [http-nio-8088-exec-8] DEBUG o.s.security.web.FilterChainProxy - Secured GET /api/v1/files/e267ade1-780a-4a34-adf1-ecb1b2948e21.jpg
2025-11-13 00:03:17 [http-nio-8088-exec-8] DEBUG c.g.c.controller.FileController - Downloading file: e267ade1-780a-4a34-adf1-ecb1b2948e21.jpg
2025-11-13 00:03:17 [http-nio-8088-exec-7] DEBUG o.s.security.web.FilterChainProxy - Securing GET /api/v1/files/a10447e0-1a57-4b12-837d-218f6d3a6706.jpg
2025-11-13 00:03:17 [http-nio-8088-exec-2] DEBUG o.s.security.web.FilterChainProxy - Securing GET /api/v1/files/01377e1e-70ed-48ba-bd4a-6379aeff4856.jpg
2025-11-13 00:03:17 [http-nio-8088-exec-7] DEBUG o.s.s.w.a.AnonymousAuthenticationFilter - Set SecurityContextHolder to anonymous SecurityContext
2025-11-13 00:03:17 [http-nio-8088-exec-2] DEBUG o.s.s.w.a.AnonymousAuthenticationFilter - Set SecurityContextHolder to anonymous SecurityContext
2025-11-13 00:03:17 [http-nio-8088-exec-2] DEBUG o.s.security.web.FilterChainProxy - Secured GET /api/v1/files/01377e1e-70ed-48ba-bd4a-6379aeff4856.jpg
2025-11-13 00:03:17 [http-nio-8088-exec-7] DEBUG o.s.security.web.FilterChainProxy - Secured GET /api/v1/files/a10447e0-1a57-4b12-837d-218f6d3a6706.jpg
2025-11-13 00:03:17 [http-nio-8088-exec-6] DEBUG o.s.security.web.FilterChainProxy - Securing GET /api/v1/files/587ac1e2-1a65-4144-bbb7-faff4eac57bd.jpg
2025-11-13 00:03:17 [http-nio-8088-exec-6] DEBUG o.s.s.w.a.AnonymousAuthenticationFilter - Set SecurityContextHolder to anonymous SecurityContext
2025-11-13 00:03:17 [http-nio-8088-exec-2] DEBUG c.g.c.controller.FileController - Downloading file: 01377e1e-70ed-48ba-bd4a-6379aeff4856.jpg
2025-11-13 00:03:17 [http-nio-8088-exec-6] DEBUG o.s.security.web.FilterChainProxy - Secured GET /api/v1/files/587ac1e2-1a65-4144-bbb7-faff4eac57bd.jpg
2025-11-13 00:03:17 [http-nio-8088-exec-6] DEBUG c.g.c.controller.FileController - Downloading file: 587ac1e2-1a65-4144-bbb7-faff4eac57bd.jpg
2025-11-13 00:03:17 [http-nio-8088-exec-10] DEBUG o.s.security.web.FilterChainProxy - Securing GET /api/v1/files/fc284af6-76c3-40fc-b6ab-245bf05af010.jpg
2025-11-13 00:03:17 [http-nio-8088-exec-10] DEBUG o.s.s.w.a.AnonymousAuthenticationFilter - Set SecurityContextHolder to anonymous SecurityContext
2025-11-13 00:03:17 [http-nio-8088-exec-10] DEBUG o.s.security.web.FilterChainProxy - Secured GET /api/v1/files/fc284af6-76c3-40fc-b6ab-245bf05af010.jpg
2025-11-13 00:03:17 [http-nio-8088-exec-7] DEBUG c.g.c.controller.FileController - Downloading file: a10447e0-1a57-4b12-837d-218f6d3a6706.jpg
2025-11-13 00:03:17 [http-nio-8088-exec-4] DEBUG org.hibernate.SQL - 
    select
        u1_0.id,
        u1_0.created_at,
        u1_0.email,
        u1_0.full_name,
        u1_0.password,
        u1_0.phone,
        u1_0.status,
        u1_0.updated_at,
        u1_0.username 
    from
        users u1_0 
    where
        u1_0.username=?
2025-11-13 00:03:17 [http-nio-8088-exec-9] DEBUG o.s.security.web.FilterChainProxy - Securing GET /api/v1/files/76508bcc-516c-4520-b640-75df6df6a0ca.jpg
2025-11-13 00:03:17 [http-nio-8088-exec-10] DEBUG c.g.c.controller.FileController - Downloading file: fc284af6-76c3-40fc-b6ab-245bf05af010.jpg
2025-11-13 00:03:17 [http-nio-8088-exec-9] DEBUG o.s.s.w.a.AnonymousAuthenticationFilter - Set SecurityContextHolder to anonymous SecurityContext
2025-11-13 00:03:17 [http-nio-8088-exec-9] DEBUG o.s.security.web.FilterChainProxy - Secured GET /api/v1/files/76508bcc-516c-4520-b640-75df6df6a0ca.jpg
2025-11-13 00:03:17 [http-nio-8088-exec-5] DEBUG o.s.security.web.FilterChainProxy - Securing GET /api/v1/files/399710fc-be76-468d-be99-161396dbd4a4.jpg
2025-11-13 00:03:17 [http-nio-8088-exec-5] DEBUG o.s.s.w.a.AnonymousAuthenticationFilter - Set SecurityContextHolder to anonymous SecurityContext
2025-11-13 00:03:17 [http-nio-8088-exec-5] DEBUG o.s.security.web.FilterChainProxy - Secured GET /api/v1/files/399710fc-be76-468d-be99-161396dbd4a4.jpg
2025-11-13 00:03:17 [http-nio-8088-exec-5] DEBUG c.g.c.controller.FileController - Downloading file: 399710fc-be76-468d-be99-161396dbd4a4.jpg
2025-11-13 00:03:17 [http-nio-8088-exec-3] DEBUG o.s.security.web.FilterChainProxy - Securing GET /api/v1/files/a7ad5fc9-6e6e-4d2d-bf7f-0925fb9237ec.jpg
2025-11-13 00:03:17 [http-nio-8088-exec-6] DEBUG o.s.security.web.FilterChainProxy - Securing GET /api/v1/files/5f0d97d1-f3b4-431e-99dd-ad80499705ba.jpg
2025-11-13 00:03:17 [http-nio-8088-exec-3] DEBUG o.s.s.w.a.AnonymousAuthenticationFilter - Set SecurityContextHolder to anonymous SecurityContext
2025-11-13 00:03:17 [http-nio-8088-exec-3] DEBUG o.s.security.web.FilterChainProxy - Secured GET /api/v1/files/a7ad5fc9-6e6e-4d2d-bf7f-0925fb9237ec.jpg
2025-11-13 00:03:17 [http-nio-8088-exec-6] DEBUG o.s.s.w.a.AnonymousAuthenticationFilter - Set SecurityContextHolder to anonymous SecurityContext
2025-11-13 00:03:17 [http-nio-8088-exec-6] DEBUG o.s.security.web.FilterChainProxy - Secured GET /api/v1/files/5f0d97d1-f3b4-431e-99dd-ad80499705ba.jpg
2025-11-13 00:03:17 [http-nio-8088-exec-3] DEBUG c.g.c.controller.FileController - Downloading file: a7ad5fc9-6e6e-4d2d-bf7f-0925fb9237ec.jpg
2025-11-13 00:03:17 [http-nio-8088-exec-6] DEBUG c.g.c.controller.FileController - Downloading file: 5f0d97d1-f3b4-431e-99dd-ad80499705ba.jpg
2025-11-13 00:03:17 [http-nio-8088-exec-9] DEBUG c.g.c.controller.FileController - Downloading file: 76508bcc-516c-4520-b640-75df6df6a0ca.jpg
2025-11-13 00:03:17 [http-nio-8088-exec-1] DEBUG o.s.security.web.FilterChainProxy - Securing GET /api/v1/files/3be6958d-8594-4f88-bf4a-caed30cc8686.jpg
2025-11-13 00:03:17 [http-nio-8088-exec-1] DEBUG o.s.s.w.a.AnonymousAuthenticationFilter - Set SecurityContextHolder to anonymous SecurityContext
2025-11-13 00:03:17 [http-nio-8088-exec-1] DEBUG o.s.security.web.FilterChainProxy - Secured GET /api/v1/files/3be6958d-8594-4f88-bf4a-caed30cc8686.jpg
2025-11-13 00:03:17 [http-nio-8088-exec-8] DEBUG o.s.security.web.FilterChainProxy - Securing GET /api/v1/files/dc7eea7e-d955-4e82-947f-8f3a275d09c8.jpg
2025-11-13 00:03:17 [http-nio-8088-exec-8] DEBUG o.s.s.w.a.AnonymousAuthenticationFilter - Set SecurityContextHolder to anonymous SecurityContext
2025-11-13 00:03:17 [http-nio-8088-exec-8] DEBUG o.s.security.web.FilterChainProxy - Secured GET /api/v1/files/dc7eea7e-d955-4e82-947f-8f3a275d09c8.jpg
2025-11-13 00:03:17 [http-nio-8088-exec-1] DEBUG c.g.c.controller.FileController - Downloading file: 3be6958d-8594-4f88-bf4a-caed30cc8686.jpg
2025-11-13 00:03:17 [http-nio-8088-exec-8] DEBUG c.g.c.controller.FileController - Downloading file: dc7eea7e-d955-4e82-947f-8f3a275d09c8.jpg
2025-11-13 00:03:17 [http-nio-8088-exec-4] DEBUG org.hibernate.SQL - 
    select
        r1_0.user_id,
        r1_1.id,
        r1_1.name 
    from
        user_roles r1_0 
    join
        roles r1_1 
            on r1_1.id=r1_0.role_id 
    where
        r1_0.user_id=?
2025-11-13 00:03:17 [http-nio-8088-exec-3] DEBUG o.s.security.web.FilterChainProxy - Securing GET /api/v1/files/257f1822-ec96-40c8-850e-a304cffa37fd.jpg
2025-11-13 00:03:17 [http-nio-8088-exec-3] DEBUG o.s.s.w.a.AnonymousAuthenticationFilter - Set SecurityContextHolder to anonymous SecurityContext
2025-11-13 00:03:17 [http-nio-8088-exec-3] DEBUG o.s.security.web.FilterChainProxy - Secured GET /api/v1/files/257f1822-ec96-40c8-850e-a304cffa37fd.jpg
2025-11-13 00:03:17 [http-nio-8088-exec-3] DEBUG c.g.c.controller.FileController - Downloading file: 257f1822-ec96-40c8-850e-a304cffa37fd.jpg
2025-11-13 00:03:17 [http-nio-8088-exec-1] DEBUG o.s.security.web.FilterChainProxy - Securing GET /api/v1/files/4b9dcaa8-0825-4ee8-badc-86529e305d2a.jpg
2025-11-13 00:03:17 [http-nio-8088-exec-1] DEBUG o.s.s.w.a.AnonymousAuthenticationFilter - Set SecurityContextHolder to anonymous SecurityContext
2025-11-13 00:03:17 [http-nio-8088-exec-1] DEBUG o.s.security.web.FilterChainProxy - Secured GET /api/v1/files/4b9dcaa8-0825-4ee8-badc-86529e305d2a.jpg
2025-11-13 00:03:17 [http-nio-8088-exec-1] DEBUG c.g.c.controller.FileController - Downloading file: 4b9dcaa8-0825-4ee8-badc-86529e305d2a.jpg
2025-11-13 00:03:17 [http-nio-8088-exec-4] DEBUG o.s.security.web.FilterChainProxy - Secured GET /api/v1/categories
2025-11-13 00:03:17 [http-nio-8088-exec-4] DEBUG o.s.s.a.m.AuthorizationManagerBeforeMethodInterceptor - Authorizing method invocation ReflectiveMethodInvocation: public org.springframework.http.ResponseEntity com.giapho.coffee_shop_backend.controller.CategoryController.getAllCategories(); target is of class [com.giapho.coffee_shop_backend.controller.CategoryController]
2025-11-13 00:03:17 [http-nio-8088-exec-4] DEBUG o.s.s.a.m.AuthorizationManagerBeforeMethodInterceptor - Authorized method invocation ReflectiveMethodInvocation: public org.springframework.http.ResponseEntity com.giapho.coffee_shop_backend.controller.CategoryController.getAllCategories(); target is of class [com.giapho.coffee_shop_backend.controller.CategoryController]
2025-11-13 00:03:17 [http-nio-8088-exec-4] DEBUG org.hibernate.SQL - 
    select
        c1_0.id,
        c1_0.description,
        c1_0.name 
    from
        categories c1_0
2025-11-13 00:03:35 [http-nio-8088-exec-2] DEBUG o.s.security.web.FilterChainProxy - Securing GET /api/v1/tables
2025-11-13 00:03:35 [http-nio-8088-exec-6] DEBUG o.s.security.web.FilterChainProxy - Securing GET /api/v1/products?page=0&size=1000
2025-11-13 00:03:35 [http-nio-8088-exec-5] DEBUG o.s.security.web.FilterChainProxy - Securing GET /api/v1/customers?page=0&size=1000
2025-11-13 00:03:35 [http-nio-8088-exec-6] DEBUG org.hibernate.SQL - 
    select
        u1_0.id,
        u1_0.created_at,
        u1_0.email,
        u1_0.full_name,
        u1_0.password,
        u1_0.phone,
        u1_0.status,
        u1_0.updated_at,
        u1_0.username 
    from
        users u1_0 
    where
        u1_0.username=?
2025-11-13 00:03:35 [http-nio-8088-exec-5] DEBUG org.hibernate.SQL - 
    select
        u1_0.id,
        u1_0.created_at,
        u1_0.email,
        u1_0.full_name,
        u1_0.password,
        u1_0.phone,
        u1_0.status,
        u1_0.updated_at,
        u1_0.username 
    from
        users u1_0 
    where
        u1_0.username=?
2025-11-13 00:03:35 [http-nio-8088-exec-2] DEBUG org.hibernate.SQL - 
    select
        u1_0.id,
        u1_0.created_at,
        u1_0.email,
        u1_0.full_name,
        u1_0.password,
        u1_0.phone,
        u1_0.status,
        u1_0.updated_at,
        u1_0.username 
    from
        users u1_0 
    where
        u1_0.username=?
2025-11-13 00:03:35 [http-nio-8088-exec-6] DEBUG org.hibernate.SQL - 
    select
        r1_0.user_id,
        r1_1.id,
        r1_1.name 
    from
        user_roles r1_0 
    join
        roles r1_1 
            on r1_1.id=r1_0.role_id 
    where
        r1_0.user_id=?
2025-11-13 00:03:35 [http-nio-8088-exec-5] DEBUG org.hibernate.SQL - 
    select
        r1_0.user_id,
        r1_1.id,
        r1_1.name 
    from
        user_roles r1_0 
    join
        roles r1_1 
            on r1_1.id=r1_0.role_id 
    where
        r1_0.user_id=?
2025-11-13 00:03:35 [http-nio-8088-exec-2] DEBUG org.hibernate.SQL - 
    select
        r1_0.user_id,
        r1_1.id,
        r1_1.name 
    from
        user_roles r1_0 
    join
        roles r1_1 
            on r1_1.id=r1_0.role_id 
    where
        r1_0.user_id=?
2025-11-13 00:03:35 [http-nio-8088-exec-6] DEBUG o.s.security.web.FilterChainProxy - Secured GET /api/v1/products?page=0&size=1000
2025-11-13 00:03:35 [http-nio-8088-exec-5] DEBUG o.s.security.web.FilterChainProxy - Secured GET /api/v1/customers?page=0&size=1000
2025-11-13 00:03:35 [http-nio-8088-exec-6] DEBUG o.s.s.a.m.AuthorizationManagerBeforeMethodInterceptor - Authorizing method invocation ReflectiveMethodInvocation: public org.springframework.http.ResponseEntity com.giapho.coffee_shop_backend.controller.ProductController.getAllProducts(java.lang.String,java.lang.Long,org.springframework.data.domain.Pageable); target is of class [com.giapho.coffee_shop_backend.controller.ProductController]
2025-11-13 00:03:35 [http-nio-8088-exec-5] DEBUG o.s.s.a.m.AuthorizationManagerBeforeMethodInterceptor - Authorizing method invocation ReflectiveMethodInvocation: public org.springframework.http.ResponseEntity com.giapho.coffee_shop_backend.controller.CustomerController.searchCustomers(java.lang.String,org.springframework.data.domain.Pageable); target is of class [com.giapho.coffee_shop_backend.controller.CustomerController]
2025-11-13 00:03:35 [http-nio-8088-exec-5] DEBUG o.s.s.a.m.AuthorizationManagerBeforeMethodInterceptor - Authorized method invocation ReflectiveMethodInvocation: public org.springframework.http.ResponseEntity com.giapho.coffee_shop_backend.controller.CustomerController.searchCustomers(java.lang.String,org.springframework.data.domain.Pageable); target is of class [com.giapho.coffee_shop_backend.controller.CustomerController]
2025-11-13 00:03:35 [http-nio-8088-exec-6] DEBUG o.s.s.a.m.AuthorizationManagerBeforeMethodInterceptor - Authorized method invocation ReflectiveMethodInvocation: public org.springframework.http.ResponseEntity com.giapho.coffee_shop_backend.controller.ProductController.getAllProducts(java.lang.String,java.lang.Long,org.springframework.data.domain.Pageable); target is of class [com.giapho.coffee_shop_backend.controller.ProductController]
2025-11-13 00:03:35 [http-nio-8088-exec-2] DEBUG o.s.security.web.FilterChainProxy - Secured GET /api/v1/tables
2025-11-13 00:03:35 [http-nio-8088-exec-2] DEBUG o.s.s.a.m.AuthorizationManagerBeforeMethodInterceptor - Authorizing method invocation ReflectiveMethodInvocation: public org.springframework.http.ResponseEntity com.giapho.coffee_shop_backend.controller.CafeTableController.getAllTables(); target is of class [com.giapho.coffee_shop_backend.controller.CafeTableController]
2025-11-13 00:03:35 [http-nio-8088-exec-2] DEBUG o.s.s.a.m.AuthorizationManagerBeforeMethodInterceptor - Authorized method invocation ReflectiveMethodInvocation: public org.springframework.http.ResponseEntity com.giapho.coffee_shop_backend.controller.CafeTableController.getAllTables(); target is of class [com.giapho.coffee_shop_backend.controller.CafeTableController]
2025-11-13 00:03:35 [http-nio-8088-exec-5] DEBUG org.hibernate.SQL - 
    select
        c1_0.id,
        c1_0.created_at,
        c1_0.email,
        c1_0.full_name,
        c1_0.loyalty_points,
        c1_0.phone,
        c1_0.updated_at 
    from
        customers c1_0 
    order by
        c1_0.full_name 
    limit
        ?, ?
2025-11-13 00:03:35 [http-nio-8088-exec-6] DEBUG org.hibernate.SQL - 
    select
        p1_0.id,
        p1_0.category_id,
        c1_0.id,
        c1_0.description,
        c1_0.name,
        p1_0.code,
        p1_0.cost,
        p1_0.created_at,
        p1_0.description,
        p1_0.image_url,
        p1_0.is_available,
        p1_0.name,
        p1_0.price,
        p1_0.updated_at 
    from
        products p1_0 
    join
        categories c1_0 
            on c1_0.id=p1_0.category_id 
    limit
        ?, ?
2025-11-13 00:03:35 [http-nio-8088-exec-2] DEBUG org.hibernate.SQL - 
    select
        ct1_0.id,
        ct1_0.capacity,
        ct1_0.name,
        ct1_0.status 
    from
        tables ct1_0
2025-11-13 00:03:35 [http-nio-8088-exec-7] DEBUG o.s.security.web.FilterChainProxy - Securing GET /api/v1/files/b0fcea8f-74ab-4ff1-bd62-6557e0ccb1f2.jpg
2025-11-13 00:03:35 [http-nio-8088-exec-7] DEBUG o.s.s.w.a.AnonymousAuthenticationFilter - Set SecurityContextHolder to anonymous SecurityContext
2025-11-13 00:03:35 [http-nio-8088-exec-9] DEBUG o.s.security.web.FilterChainProxy - Securing GET /api/v1/files/56de7c12-082e-4eb3-b6cb-d84d8cc38775.jpg
2025-11-13 00:03:35 [http-nio-8088-exec-7] DEBUG o.s.security.web.FilterChainProxy - Secured GET /api/v1/files/b0fcea8f-74ab-4ff1-bd62-6557e0ccb1f2.jpg
2025-11-13 00:03:35 [http-nio-8088-exec-9] DEBUG o.s.s.w.a.AnonymousAuthenticationFilter - Set SecurityContextHolder to anonymous SecurityContext
2025-11-13 00:03:35 [http-nio-8088-exec-9] DEBUG o.s.security.web.FilterChainProxy - Secured GET /api/v1/files/56de7c12-082e-4eb3-b6cb-d84d8cc38775.jpg
2025-11-13 00:03:35 [http-nio-8088-exec-3] DEBUG o.s.security.web.FilterChainProxy - Securing GET /api/v1/files/80cf5e3d-5d4c-4d1b-9e7d-0a0b8bfa00eb.jpg
2025-11-13 00:03:35 [http-nio-8088-exec-7] DEBUG c.g.c.controller.FileController - Downloading file: b0fcea8f-74ab-4ff1-bd62-6557e0ccb1f2.jpg
2025-11-13 00:03:35 [http-nio-8088-exec-8] DEBUG o.s.security.web.FilterChainProxy - Securing GET /api/v1/files/e267ade1-780a-4a34-adf1-ecb1b2948e21.jpg
2025-11-13 00:03:35 [http-nio-8088-exec-8] DEBUG o.s.s.w.a.AnonymousAuthenticationFilter - Set SecurityContextHolder to anonymous SecurityContext
2025-11-13 00:03:35 [http-nio-8088-exec-8] DEBUG o.s.security.web.FilterChainProxy - Secured GET /api/v1/files/e267ade1-780a-4a34-adf1-ecb1b2948e21.jpg
2025-11-13 00:03:35 [http-nio-8088-exec-10] DEBUG o.s.security.web.FilterChainProxy - Securing GET /api/v1/files/82b4818b-f0d2-4206-bfa5-298f7111d20c.jpg
2025-11-13 00:03:35 [http-nio-8088-exec-10] DEBUG o.s.s.w.a.AnonymousAuthenticationFilter - Set SecurityContextHolder to anonymous SecurityContext
2025-11-13 00:03:35 [http-nio-8088-exec-8] DEBUG c.g.c.controller.FileController - Downloading file: e267ade1-780a-4a34-adf1-ecb1b2948e21.jpg
2025-11-13 00:03:35 [http-nio-8088-exec-10] DEBUG o.s.security.web.FilterChainProxy - Secured GET /api/v1/files/82b4818b-f0d2-4206-bfa5-298f7111d20c.jpg
2025-11-13 00:03:35 [http-nio-8088-exec-9] DEBUG c.g.c.controller.FileController - Downloading file: 56de7c12-082e-4eb3-b6cb-d84d8cc38775.jpg
2025-11-13 00:03:35 [http-nio-8088-exec-10] DEBUG c.g.c.controller.FileController - Downloading file: 82b4818b-f0d2-4206-bfa5-298f7111d20c.jpg
2025-11-13 00:03:35 [http-nio-8088-exec-1] DEBUG o.s.security.web.FilterChainProxy - Securing GET /api/v1/files/358e5aef-6b26-4cb1-a997-97ac999d9dc1.jpg
2025-11-13 00:03:35 [http-nio-8088-exec-1] DEBUG o.s.s.w.a.AnonymousAuthenticationFilter - Set SecurityContextHolder to anonymous SecurityContext
2025-11-13 00:03:35 [http-nio-8088-exec-1] DEBUG o.s.security.web.FilterChainProxy - Secured GET /api/v1/files/358e5aef-6b26-4cb1-a997-97ac999d9dc1.jpg
2025-11-13 00:03:35 [http-nio-8088-exec-3] DEBUG o.s.s.w.a.AnonymousAuthenticationFilter - Set SecurityContextHolder to anonymous SecurityContext
2025-11-13 00:03:35 [http-nio-8088-exec-1] DEBUG c.g.c.controller.FileController - Downloading file: 358e5aef-6b26-4cb1-a997-97ac999d9dc1.jpg
2025-11-13 00:03:35 [http-nio-8088-exec-3] DEBUG o.s.security.web.FilterChainProxy - Secured GET /api/v1/files/80cf5e3d-5d4c-4d1b-9e7d-0a0b8bfa00eb.jpg
2025-11-13 00:03:35 [http-nio-8088-exec-3] DEBUG c.g.c.controller.FileController - Downloading file: 80cf5e3d-5d4c-4d1b-9e7d-0a0b8bfa00eb.jpg
2025-11-13 00:03:35 [http-nio-8088-exec-4] DEBUG o.s.security.web.FilterChainProxy - Securing GET /api/v1/categories
2025-11-13 00:03:35 [http-nio-8088-exec-9] DEBUG o.s.security.web.FilterChainProxy - Securing GET /api/v1/files/587ac1e2-1a65-4144-bbb7-faff4eac57bd.jpg
2025-11-13 00:03:35 [http-nio-8088-exec-5] DEBUG o.s.security.web.FilterChainProxy - Securing GET /api/v1/files/fc284af6-76c3-40fc-b6ab-245bf05af010.jpg
2025-11-13 00:03:35 [http-nio-8088-exec-9] DEBUG o.s.s.w.a.AnonymousAuthenticationFilter - Set SecurityContextHolder to anonymous SecurityContext
2025-11-13 00:03:35 [http-nio-8088-exec-5] DEBUG o.s.s.w.a.AnonymousAuthenticationFilter - Set SecurityContextHolder to anonymous SecurityContext
2025-11-13 00:03:35 [http-nio-8088-exec-9] DEBUG o.s.security.web.FilterChainProxy - Secured GET /api/v1/files/587ac1e2-1a65-4144-bbb7-faff4eac57bd.jpg
2025-11-13 00:03:35 [http-nio-8088-exec-5] DEBUG o.s.security.web.FilterChainProxy - Secured GET /api/v1/files/fc284af6-76c3-40fc-b6ab-245bf05af010.jpg
2025-11-13 00:03:35 [http-nio-8088-exec-6] DEBUG o.s.security.web.FilterChainProxy - Securing GET /api/v1/files/a10447e0-1a57-4b12-837d-218f6d3a6706.jpg
2025-11-13 00:03:35 [http-nio-8088-exec-6] DEBUG o.s.s.w.a.AnonymousAuthenticationFilter - Set SecurityContextHolder to anonymous SecurityContext
2025-11-13 00:03:35 [http-nio-8088-exec-6] DEBUG o.s.security.web.FilterChainProxy - Secured GET /api/v1/files/a10447e0-1a57-4b12-837d-218f6d3a6706.jpg
2025-11-13 00:03:35 [http-nio-8088-exec-9] DEBUG c.g.c.controller.FileController - Downloading file: 587ac1e2-1a65-4144-bbb7-faff4eac57bd.jpg
2025-11-13 00:03:35 [http-nio-8088-exec-5] DEBUG c.g.c.controller.FileController - Downloading file: fc284af6-76c3-40fc-b6ab-245bf05af010.jpg
2025-11-13 00:03:35 [http-nio-8088-exec-6] DEBUG c.g.c.controller.FileController - Downloading file: a10447e0-1a57-4b12-837d-218f6d3a6706.jpg
2025-11-13 00:03:35 [http-nio-8088-exec-2] DEBUG o.s.security.web.FilterChainProxy - Securing GET /api/v1/files/399710fc-be76-468d-be99-161396dbd4a4.jpg
2025-11-13 00:03:35 [http-nio-8088-exec-2] DEBUG o.s.s.w.a.AnonymousAuthenticationFilter - Set SecurityContextHolder to anonymous SecurityContext
2025-11-13 00:03:35 [http-nio-8088-exec-2] DEBUG o.s.security.web.FilterChainProxy - Secured GET /api/v1/files/399710fc-be76-468d-be99-161396dbd4a4.jpg
2025-11-13 00:03:35 [http-nio-8088-exec-2] DEBUG c.g.c.controller.FileController - Downloading file: 399710fc-be76-468d-be99-161396dbd4a4.jpg
2025-11-13 00:03:35 [http-nio-8088-exec-7] DEBUG o.s.security.web.FilterChainProxy - Securing GET /api/v1/files/5f0d97d1-f3b4-431e-99dd-ad80499705ba.jpg
2025-11-13 00:03:35 [http-nio-8088-exec-7] DEBUG o.s.s.w.a.AnonymousAuthenticationFilter - Set SecurityContextHolder to anonymous SecurityContext
2025-11-13 00:03:35 [http-nio-8088-exec-7] DEBUG o.s.security.web.FilterChainProxy - Secured GET /api/v1/files/5f0d97d1-f3b4-431e-99dd-ad80499705ba.jpg
2025-11-13 00:03:35 [http-nio-8088-exec-8] DEBUG o.s.security.web.FilterChainProxy - Securing GET /api/v1/files/01377e1e-70ed-48ba-bd4a-6379aeff4856.jpg
2025-11-13 00:03:35 [http-nio-8088-exec-7] DEBUG c.g.c.controller.FileController - Downloading file: 5f0d97d1-f3b4-431e-99dd-ad80499705ba.jpg
2025-11-13 00:03:35 [http-nio-8088-exec-8] DEBUG o.s.s.w.a.AnonymousAuthenticationFilter - Set SecurityContextHolder to anonymous SecurityContext
2025-11-13 00:03:35 [http-nio-8088-exec-8] DEBUG o.s.security.web.FilterChainProxy - Secured GET /api/v1/files/01377e1e-70ed-48ba-bd4a-6379aeff4856.jpg
2025-11-13 00:03:35 [http-nio-8088-exec-8] DEBUG c.g.c.controller.FileController - Downloading file: 01377e1e-70ed-48ba-bd4a-6379aeff4856.jpg
2025-11-13 00:03:35 [http-nio-8088-exec-4] DEBUG org.hibernate.SQL - 
    select
        u1_0.id,
        u1_0.created_at,
        u1_0.email,
        u1_0.full_name,
        u1_0.password,
        u1_0.phone,
        u1_0.status,
        u1_0.updated_at,
        u1_0.username 
    from
        users u1_0 
    where
        u1_0.username=?
2025-11-13 00:03:35 [http-nio-8088-exec-10] DEBUG o.s.security.web.FilterChainProxy - Securing GET /api/v1/files/76508bcc-516c-4520-b640-75df6df6a0ca.jpg
2025-11-13 00:03:35 [http-nio-8088-exec-10] DEBUG o.s.s.w.a.AnonymousAuthenticationFilter - Set SecurityContextHolder to anonymous SecurityContext
2025-11-13 00:03:35 [http-nio-8088-exec-10] DEBUG o.s.security.web.FilterChainProxy - Secured GET /api/v1/files/76508bcc-516c-4520-b640-75df6df6a0ca.jpg
2025-11-13 00:03:35 [http-nio-8088-exec-10] DEBUG c.g.c.controller.FileController - Downloading file: 76508bcc-516c-4520-b640-75df6df6a0ca.jpg
2025-11-13 00:03:35 [http-nio-8088-exec-3] DEBUG o.s.security.web.FilterChainProxy - Securing GET /api/v1/files/a7ad5fc9-6e6e-4d2d-bf7f-0925fb9237ec.jpg
2025-11-13 00:03:35 [http-nio-8088-exec-3] DEBUG o.s.s.w.a.AnonymousAuthenticationFilter - Set SecurityContextHolder to anonymous SecurityContext
2025-11-13 00:03:35 [http-nio-8088-exec-3] DEBUG o.s.security.web.FilterChainProxy - Secured GET /api/v1/files/a7ad5fc9-6e6e-4d2d-bf7f-0925fb9237ec.jpg
2025-11-13 00:03:35 [http-nio-8088-exec-1] DEBUG o.s.security.web.FilterChainProxy - Securing GET /api/v1/files/3be6958d-8594-4f88-bf4a-caed30cc8686.jpg
2025-11-13 00:03:35 [http-nio-8088-exec-1] DEBUG o.s.s.w.a.AnonymousAuthenticationFilter - Set SecurityContextHolder to anonymous SecurityContext
2025-11-13 00:03:35 [http-nio-8088-exec-1] DEBUG o.s.security.web.FilterChainProxy - Secured GET /api/v1/files/3be6958d-8594-4f88-bf4a-caed30cc8686.jpg
2025-11-13 00:03:35 [http-nio-8088-exec-1] DEBUG c.g.c.controller.FileController - Downloading file: 3be6958d-8594-4f88-bf4a-caed30cc8686.jpg
2025-11-13 00:03:35 [http-nio-8088-exec-5] DEBUG o.s.security.web.FilterChainProxy - Securing GET /api/v1/files/dc7eea7e-d955-4e82-947f-8f3a275d09c8.jpg
2025-11-13 00:03:35 [http-nio-8088-exec-3] DEBUG c.g.c.controller.FileController - Downloading file: a7ad5fc9-6e6e-4d2d-bf7f-0925fb9237ec.jpg
2025-11-13 00:03:35 [http-nio-8088-exec-4] DEBUG org.hibernate.SQL - 
    select
        r1_0.user_id,
        r1_1.id,
        r1_1.name 
    from
        user_roles r1_0 
    join
        roles r1_1 
            on r1_1.id=r1_0.role_id 
    where
        r1_0.user_id=?
2025-11-13 00:03:35 [http-nio-8088-exec-5] DEBUG o.s.s.w.a.AnonymousAuthenticationFilter - Set SecurityContextHolder to anonymous SecurityContext
2025-11-13 00:03:35 [http-nio-8088-exec-5] DEBUG o.s.security.web.FilterChainProxy - Secured GET /api/v1/files/dc7eea7e-d955-4e82-947f-8f3a275d09c8.jpg
2025-11-13 00:03:35 [http-nio-8088-exec-9] DEBUG o.s.security.web.FilterChainProxy - Securing GET /api/v1/files/4b9dcaa8-0825-4ee8-badc-86529e305d2a.jpg
2025-11-13 00:03:35 [http-nio-8088-exec-9] DEBUG o.s.s.w.a.AnonymousAuthenticationFilter - Set SecurityContextHolder to anonymous SecurityContext
2025-11-13 00:03:35 [http-nio-8088-exec-9] DEBUG o.s.security.web.FilterChainProxy - Secured GET /api/v1/files/4b9dcaa8-0825-4ee8-badc-86529e305d2a.jpg
2025-11-13 00:03:35 [http-nio-8088-exec-9] DEBUG c.g.c.controller.FileController - Downloading file: 4b9dcaa8-0825-4ee8-badc-86529e305d2a.jpg
2025-11-13 00:03:35 [http-nio-8088-exec-6] DEBUG o.s.security.web.FilterChainProxy - Securing GET /api/v1/files/257f1822-ec96-40c8-850e-a304cffa37fd.jpg
2025-11-13 00:03:35 [http-nio-8088-exec-6] DEBUG o.s.s.w.a.AnonymousAuthenticationFilter - Set SecurityContextHolder to anonymous SecurityContext
2025-11-13 00:03:35 [http-nio-8088-exec-6] DEBUG o.s.security.web.FilterChainProxy - Secured GET /api/v1/files/257f1822-ec96-40c8-850e-a304cffa37fd.jpg
2025-11-13 00:03:35 [http-nio-8088-exec-6] DEBUG c.g.c.controller.FileController - Downloading file: 257f1822-ec96-40c8-850e-a304cffa37fd.jpg
2025-11-13 00:03:35 [http-nio-8088-exec-5] DEBUG c.g.c.controller.FileController - Downloading file: dc7eea7e-d955-4e82-947f-8f3a275d09c8.jpg
2025-11-13 00:03:35 [http-nio-8088-exec-4] DEBUG o.s.security.web.FilterChainProxy - Secured GET /api/v1/categories
2025-11-13 00:03:35 [http-nio-8088-exec-4] DEBUG o.s.s.a.m.AuthorizationManagerBeforeMethodInterceptor - Authorizing method invocation ReflectiveMethodInvocation: public org.springframework.http.ResponseEntity com.giapho.coffee_shop_backend.controller.CategoryController.getAllCategories(); target is of class [com.giapho.coffee_shop_backend.controller.CategoryController]
2025-11-13 00:03:35 [http-nio-8088-exec-4] DEBUG o.s.s.a.m.AuthorizationManagerBeforeMethodInterceptor - Authorized method invocation ReflectiveMethodInvocation: public org.springframework.http.ResponseEntity com.giapho.coffee_shop_backend.controller.CategoryController.getAllCategories(); target is of class [com.giapho.coffee_shop_backend.controller.CategoryController]
2025-11-13 00:03:35 [http-nio-8088-exec-4] DEBUG org.hibernate.SQL - 
    select
        c1_0.id,
        c1_0.description,
        c1_0.name 
    from
        categories c1_0
2025-11-13 00:04:01 [http-nio-8088-exec-2] DEBUG o.s.security.web.FilterChainProxy - Securing POST /api/v1/orders
2025-11-13 00:04:01 [http-nio-8088-exec-2] DEBUG org.hibernate.SQL - 
    select
        u1_0.id,
        u1_0.created_at,
        u1_0.email,
        u1_0.full_name,
        u1_0.password,
        u1_0.phone,
        u1_0.status,
        u1_0.updated_at,
        u1_0.username 
    from
        users u1_0 
    where
        u1_0.username=?
2025-11-13 00:04:01 [http-nio-8088-exec-2] DEBUG org.hibernate.SQL - 
    select
        r1_0.user_id,
        r1_1.id,
        r1_1.name 
    from
        user_roles r1_0 
    join
        roles r1_1 
            on r1_1.id=r1_0.role_id 
    where
        r1_0.user_id=?
2025-11-13 00:04:01 [http-nio-8088-exec-2] DEBUG o.s.security.web.FilterChainProxy - Secured POST /api/v1/orders
2025-11-13 00:04:01 [http-nio-8088-exec-2] DEBUG o.s.s.a.m.AuthorizationManagerBeforeMethodInterceptor - Authorizing method invocation ReflectiveMethodInvocation: public org.springframework.http.ResponseEntity com.giapho.coffee_shop_backend.controller.OrderController.createOrder(com.giapho.coffee_shop_backend.dto.OrderCreateRequestDTO); target is of class [com.giapho.coffee_shop_backend.controller.OrderController]
2025-11-13 00:04:01 [http-nio-8088-exec-2] DEBUG o.s.s.a.m.AuthorizationManagerBeforeMethodInterceptor - Authorized method invocation ReflectiveMethodInvocation: public org.springframework.http.ResponseEntity com.giapho.coffee_shop_backend.controller.OrderController.createOrder(com.giapho.coffee_shop_backend.dto.OrderCreateRequestDTO); target is of class [com.giapho.coffee_shop_backend.controller.OrderController]
2025-11-13 00:04:01 [http-nio-8088-exec-2] DEBUG org.hibernate.SQL - 
    select
        u1_0.id,
        u1_0.created_at,
        u1_0.email,
        u1_0.full_name,
        u1_0.password,
        u1_0.phone,
        u1_0.status,
        u1_0.updated_at,
        u1_0.username 
    from
        users u1_0 
    where
        u1_0.username=?
2025-11-13 00:04:01 [http-nio-8088-exec-2] DEBUG org.hibernate.SQL - 
    select
        r1_0.user_id,
        r1_1.id,
        r1_1.name 
    from
        user_roles r1_0 
    join
        roles r1_1 
            on r1_1.id=r1_0.role_id 
    where
        r1_0.user_id=?
2025-11-13 00:04:01 [http-nio-8088-exec-2] INFO  c.g.c.service.OrderService - No customer associated with new order
2025-11-13 00:04:01 [http-nio-8088-exec-2] DEBUG org.hibernate.SQL - 
    select
        p1_0.id,
        p1_0.category_id,
        p1_0.code,
        p1_0.cost,
        p1_0.created_at,
        p1_0.description,
        p1_0.image_url,
        p1_0.is_available,
        p1_0.name,
        p1_0.price,
        p1_0.updated_at 
    from
        products p1_0 
    where
        p1_0.id=?
2025-11-13 00:04:01 [http-nio-8088-exec-2] DEBUG org.hibernate.SQL - 
    insert 
    into
        orders
        (voucher_id, table_id, created_at, customer_id, discount_amount, paid_at, payment_method, status, sub_total, total_amount, type, user_id, voucher_code) 
    values
        (?, ?, ?, ?, ?, ?, ?, ?, ?, ?, ?, ?, ?)
2025-11-13 00:04:01 [http-nio-8088-exec-2] DEBUG org.hibernate.SQL - 
    insert 
    into
        order_details
        (notes, order_id, price_at_order, product_id, quantity) 
    values
        (?, ?, ?, ?, ?)
2025-11-13 00:04:01 [http-nio-8088-exec-2] DEBUG org.hibernate.SQL - 
    select
        o1_0.id,
        o1_0.voucher_id,
        ct1_0.id,
        ct1_0.capacity,
        ct1_0.name,
        ct1_0.status,
        o1_0.created_at,
        c1_0.id,
        c1_0.created_at,
        c1_0.email,
        c1_0.full_name,
        c1_0.loyalty_points,
        c1_0.phone,
        c1_0.updated_at,
        o1_0.discount_amount,
        od1_0.order_id,
        od1_0.id,
        od1_0.notes,
        od1_0.price_at_order,
        od1_0.product_id,
        od1_0.quantity,
        o1_0.paid_at,
        o1_0.payment_method,
        o1_0.status,
        o1_0.sub_total,
        o1_0.total_amount,
        o1_0.type,
        o1_0.user_id,
        u1_0.id,
        u1_0.created_at,
        u1_0.email,
        u1_0.full_name,
        u1_0.password,
        u1_0.phone,
        u1_0.status,
        u1_0.updated_at,
        u1_0.username,
        o1_0.voucher_code 
    from
        orders o1_0 
    left join
        order_details od1_0 
            on o1_0.id=od1_0.order_id 
    left join
        tables ct1_0 
            on ct1_0.id=o1_0.table_id 
    left join
        users u1_0 
            on u1_0.id=o1_0.user_id 
    left join
        customers c1_0 
            on c1_0.id=o1_0.customer_id 
    where
        o1_0.id=?
2025-11-13 00:04:01 [http-nio-8088-exec-7] DEBUG o.s.security.web.FilterChainProxy - Securing GET /api/v1/tables
2025-11-13 00:04:01 [http-nio-8088-exec-7] DEBUG org.hibernate.SQL - 
    select
        u1_0.id,
        u1_0.created_at,
        u1_0.email,
        u1_0.full_name,
        u1_0.password,
        u1_0.phone,
        u1_0.status,
        u1_0.updated_at,
        u1_0.username 
    from
        users u1_0 
    where
        u1_0.username=?
2025-11-13 00:04:01 [http-nio-8088-exec-7] DEBUG org.hibernate.SQL - 
    select
        r1_0.user_id,
        r1_1.id,
        r1_1.name 
    from
        user_roles r1_0 
    join
        roles r1_1 
            on r1_1.id=r1_0.role_id 
    where
        r1_0.user_id=?
2025-11-13 00:04:01 [http-nio-8088-exec-7] DEBUG o.s.security.web.FilterChainProxy - Secured GET /api/v1/tables
2025-11-13 00:04:01 [http-nio-8088-exec-7] DEBUG o.s.s.a.m.AuthorizationManagerBeforeMethodInterceptor - Authorizing method invocation ReflectiveMethodInvocation: public org.springframework.http.ResponseEntity com.giapho.coffee_shop_backend.controller.CafeTableController.getAllTables(); target is of class [com.giapho.coffee_shop_backend.controller.CafeTableController]
2025-11-13 00:04:01 [http-nio-8088-exec-7] DEBUG o.s.s.a.m.AuthorizationManagerBeforeMethodInterceptor - Authorized method invocation ReflectiveMethodInvocation: public org.springframework.http.ResponseEntity com.giapho.coffee_shop_backend.controller.CafeTableController.getAllTables(); target is of class [com.giapho.coffee_shop_backend.controller.CafeTableController]
2025-11-13 00:04:01 [http-nio-8088-exec-7] DEBUG org.hibernate.SQL - 
    select
        ct1_0.id,
        ct1_0.capacity,
        ct1_0.name,
        ct1_0.status 
    from
        tables ct1_0
2025-11-13 00:04:02 [http-nio-8088-exec-8] DEBUG o.s.security.web.FilterChainProxy - Securing GET /api/v1/products?page=0&size=1000
2025-11-13 00:04:02 [http-nio-8088-exec-8] DEBUG org.hibernate.SQL - 
    select
        u1_0.id,
        u1_0.created_at,
        u1_0.email,
        u1_0.full_name,
        u1_0.password,
        u1_0.phone,
        u1_0.status,
        u1_0.updated_at,
        u1_0.username 
    from
        users u1_0 
    where
        u1_0.username=?
2025-11-13 00:04:02 [http-nio-8088-exec-8] DEBUG org.hibernate.SQL - 
    select
        r1_0.user_id,
        r1_1.id,
        r1_1.name 
    from
        user_roles r1_0 
    join
        roles r1_1 
            on r1_1.id=r1_0.role_id 
    where
        r1_0.user_id=?
2025-11-13 00:04:02 [http-nio-8088-exec-8] DEBUG o.s.security.web.FilterChainProxy - Secured GET /api/v1/products?page=0&size=1000
2025-11-13 00:04:02 [http-nio-8088-exec-8] DEBUG o.s.s.a.m.AuthorizationManagerBeforeMethodInterceptor - Authorizing method invocation ReflectiveMethodInvocation: public org.springframework.http.ResponseEntity com.giapho.coffee_shop_backend.controller.ProductController.getAllProducts(java.lang.String,java.lang.Long,org.springframework.data.domain.Pageable); target is of class [com.giapho.coffee_shop_backend.controller.ProductController]
2025-11-13 00:04:02 [http-nio-8088-exec-8] DEBUG o.s.s.a.m.AuthorizationManagerBeforeMethodInterceptor - Authorized method invocation ReflectiveMethodInvocation: public org.springframework.http.ResponseEntity com.giapho.coffee_shop_backend.controller.ProductController.getAllProducts(java.lang.String,java.lang.Long,org.springframework.data.domain.Pageable); target is of class [com.giapho.coffee_shop_backend.controller.ProductController]
2025-11-13 00:04:02 [http-nio-8088-exec-8] DEBUG org.hibernate.SQL - 
    select
        p1_0.id,
        p1_0.category_id,
        c1_0.id,
        c1_0.description,
        c1_0.name,
        p1_0.code,
        p1_0.cost,
        p1_0.created_at,
        p1_0.description,
        p1_0.image_url,
        p1_0.is_available,
        p1_0.name,
        p1_0.price,
        p1_0.updated_at 
    from
        products p1_0 
    join
        categories c1_0 
            on c1_0.id=p1_0.category_id 
    limit
        ?, ?
2025-11-13 00:04:02 [http-nio-8088-exec-10] DEBUG o.s.security.web.FilterChainProxy - Securing GET /api/v1/files/82b4818b-f0d2-4206-bfa5-298f7111d20c.jpg
2025-11-13 00:04:02 [http-nio-8088-exec-10] DEBUG o.s.s.w.a.AnonymousAuthenticationFilter - Set SecurityContextHolder to anonymous SecurityContext
2025-11-13 00:04:02 [http-nio-8088-exec-10] DEBUG o.s.security.web.FilterChainProxy - Secured GET /api/v1/files/82b4818b-f0d2-4206-bfa5-298f7111d20c.jpg
2025-11-13 00:04:02 [http-nio-8088-exec-1] DEBUG o.s.security.web.FilterChainProxy - Securing GET /api/v1/files/b0fcea8f-74ab-4ff1-bd62-6557e0ccb1f2.jpg
2025-11-13 00:04:02 [http-nio-8088-exec-1] DEBUG o.s.s.w.a.AnonymousAuthenticationFilter - Set SecurityContextHolder to anonymous SecurityContext
2025-11-13 00:04:02 [http-nio-8088-exec-1] DEBUG o.s.security.web.FilterChainProxy - Secured GET /api/v1/files/b0fcea8f-74ab-4ff1-bd62-6557e0ccb1f2.jpg
2025-11-13 00:04:02 [http-nio-8088-exec-6] DEBUG o.s.security.web.FilterChainProxy - Securing GET /api/v1/files/358e5aef-6b26-4cb1-a997-97ac999d9dc1.jpg
2025-11-13 00:04:02 [http-nio-8088-exec-3] DEBUG o.s.security.web.FilterChainProxy - Securing GET /api/v1/files/56de7c12-082e-4eb3-b6cb-d84d8cc38775.jpg
2025-11-13 00:04:02 [http-nio-8088-exec-5] DEBUG o.s.security.web.FilterChainProxy - Securing GET /api/v1/files/80cf5e3d-5d4c-4d1b-9e7d-0a0b8bfa00eb.jpg
2025-11-13 00:04:02 [http-nio-8088-exec-5] DEBUG o.s.s.w.a.AnonymousAuthenticationFilter - Set SecurityContextHolder to anonymous SecurityContext
2025-11-13 00:04:02 [http-nio-8088-exec-1] DEBUG c.g.c.controller.FileController - Downloading file: b0fcea8f-74ab-4ff1-bd62-6557e0ccb1f2.jpg
2025-11-13 00:04:02 [http-nio-8088-exec-5] DEBUG o.s.security.web.FilterChainProxy - Secured GET /api/v1/files/80cf5e3d-5d4c-4d1b-9e7d-0a0b8bfa00eb.jpg
2025-11-13 00:04:02 [http-nio-8088-exec-6] DEBUG o.s.s.w.a.AnonymousAuthenticationFilter - Set SecurityContextHolder to anonymous SecurityContext
2025-11-13 00:04:02 [http-nio-8088-exec-6] DEBUG o.s.security.web.FilterChainProxy - Secured GET /api/v1/files/358e5aef-6b26-4cb1-a997-97ac999d9dc1.jpg
2025-11-13 00:04:02 [http-nio-8088-exec-4] DEBUG o.s.security.web.FilterChainProxy - Securing GET /api/v1/categories
2025-11-13 00:04:02 [http-nio-8088-exec-9] DEBUG o.s.security.web.FilterChainProxy - Securing GET /api/v1/files/e267ade1-780a-4a34-adf1-ecb1b2948e21.jpg
2025-11-13 00:04:02 [http-nio-8088-exec-9] DEBUG o.s.s.w.a.AnonymousAuthenticationFilter - Set SecurityContextHolder to anonymous SecurityContext
2025-11-13 00:04:02 [http-nio-8088-exec-9] DEBUG o.s.security.web.FilterChainProxy - Secured GET /api/v1/files/e267ade1-780a-4a34-adf1-ecb1b2948e21.jpg
2025-11-13 00:04:02 [http-nio-8088-exec-5] DEBUG c.g.c.controller.FileController - Downloading file: 80cf5e3d-5d4c-4d1b-9e7d-0a0b8bfa00eb.jpg
2025-11-13 00:04:02 [http-nio-8088-exec-9] DEBUG c.g.c.controller.FileController - Downloading file: e267ade1-780a-4a34-adf1-ecb1b2948e21.jpg
2025-11-13 00:04:02 [http-nio-8088-exec-3] DEBUG o.s.s.w.a.AnonymousAuthenticationFilter - Set SecurityContextHolder to anonymous SecurityContext
2025-11-13 00:04:02 [http-nio-8088-exec-6] DEBUG c.g.c.controller.FileController - Downloading file: 358e5aef-6b26-4cb1-a997-97ac999d9dc1.jpg
2025-11-13 00:04:02 [http-nio-8088-exec-3] DEBUG o.s.security.web.FilterChainProxy - Secured GET /api/v1/files/56de7c12-082e-4eb3-b6cb-d84d8cc38775.jpg
2025-11-13 00:04:02 [http-nio-8088-exec-3] DEBUG c.g.c.controller.FileController - Downloading file: 56de7c12-082e-4eb3-b6cb-d84d8cc38775.jpg
2025-11-13 00:04:02 [http-nio-8088-exec-10] DEBUG c.g.c.controller.FileController - Downloading file: 82b4818b-f0d2-4206-bfa5-298f7111d20c.jpg
2025-11-13 00:04:02 [http-nio-8088-exec-2] DEBUG o.s.security.web.FilterChainProxy - Securing GET /api/v1/files/a10447e0-1a57-4b12-837d-218f6d3a6706.jpg
2025-11-13 00:04:02 [http-nio-8088-exec-2] DEBUG o.s.s.w.a.AnonymousAuthenticationFilter - Set SecurityContextHolder to anonymous SecurityContext
2025-11-13 00:04:02 [http-nio-8088-exec-2] DEBUG o.s.security.web.FilterChainProxy - Secured GET /api/v1/files/a10447e0-1a57-4b12-837d-218f6d3a6706.jpg
2025-11-13 00:04:02 [http-nio-8088-exec-2] DEBUG c.g.c.controller.FileController - Downloading file: a10447e0-1a57-4b12-837d-218f6d3a6706.jpg
2025-11-13 00:04:02 [http-nio-8088-exec-4] DEBUG org.hibernate.SQL - 
    select
        u1_0.id,
        u1_0.created_at,
        u1_0.email,
        u1_0.full_name,
        u1_0.password,
        u1_0.phone,
        u1_0.status,
        u1_0.updated_at,
        u1_0.username 
    from
        users u1_0 
    where
        u1_0.username=?
2025-11-13 00:04:02 [http-nio-8088-exec-8] DEBUG o.s.security.web.FilterChainProxy - Securing GET /api/v1/files/fc284af6-76c3-40fc-b6ab-245bf05af010.jpg
2025-11-13 00:04:02 [http-nio-8088-exec-7] DEBUG o.s.security.web.FilterChainProxy - Securing GET /api/v1/files/01377e1e-70ed-48ba-bd4a-6379aeff4856.jpg
2025-11-13 00:04:02 [http-nio-8088-exec-1] DEBUG o.s.security.web.FilterChainProxy - Securing GET /api/v1/files/587ac1e2-1a65-4144-bbb7-faff4eac57bd.jpg
2025-11-13 00:04:02 [http-nio-8088-exec-7] DEBUG o.s.s.w.a.AnonymousAuthenticationFilter - Set SecurityContextHolder to anonymous SecurityContext
2025-11-13 00:04:02 [http-nio-8088-exec-1] DEBUG o.s.s.w.a.AnonymousAuthenticationFilter - Set SecurityContextHolder to anonymous SecurityContext
2025-11-13 00:04:02 [http-nio-8088-exec-7] DEBUG o.s.security.web.FilterChainProxy - Secured GET /api/v1/files/01377e1e-70ed-48ba-bd4a-6379aeff4856.jpg
2025-11-13 00:04:02 [http-nio-8088-exec-1] DEBUG o.s.security.web.FilterChainProxy - Secured GET /api/v1/files/587ac1e2-1a65-4144-bbb7-faff4eac57bd.jpg
2025-11-13 00:04:02 [http-nio-8088-exec-8] DEBUG o.s.s.w.a.AnonymousAuthenticationFilter - Set SecurityContextHolder to anonymous SecurityContext
2025-11-13 00:04:02 [http-nio-8088-exec-8] DEBUG o.s.security.web.FilterChainProxy - Secured GET /api/v1/files/fc284af6-76c3-40fc-b6ab-245bf05af010.jpg
2025-11-13 00:04:02 [http-nio-8088-exec-7] DEBUG c.g.c.controller.FileController - Downloading file: 01377e1e-70ed-48ba-bd4a-6379aeff4856.jpg
2025-11-13 00:04:02 [http-nio-8088-exec-1] DEBUG c.g.c.controller.FileController - Downloading file: 587ac1e2-1a65-4144-bbb7-faff4eac57bd.jpg
2025-11-13 00:04:02 [http-nio-8088-exec-8] DEBUG c.g.c.controller.FileController - Downloading file: fc284af6-76c3-40fc-b6ab-245bf05af010.jpg
2025-11-13 00:04:02 [http-nio-8088-exec-9] DEBUG o.s.security.web.FilterChainProxy - Securing GET /api/v1/files/5f0d97d1-f3b4-431e-99dd-ad80499705ba.jpg
2025-11-13 00:04:02 [http-nio-8088-exec-9] DEBUG o.s.s.w.a.AnonymousAuthenticationFilter - Set SecurityContextHolder to anonymous SecurityContext
2025-11-13 00:04:02 [http-nio-8088-exec-9] DEBUG o.s.security.web.FilterChainProxy - Secured GET /api/v1/files/5f0d97d1-f3b4-431e-99dd-ad80499705ba.jpg
2025-11-13 00:04:02 [http-nio-8088-exec-9] DEBUG c.g.c.controller.FileController - Downloading file: 5f0d97d1-f3b4-431e-99dd-ad80499705ba.jpg
2025-11-13 00:04:02 [http-nio-8088-exec-5] DEBUG o.s.security.web.FilterChainProxy - Securing GET /api/v1/files/399710fc-be76-468d-be99-161396dbd4a4.jpg
2025-11-13 00:04:02 [http-nio-8088-exec-5] DEBUG o.s.s.w.a.AnonymousAuthenticationFilter - Set SecurityContextHolder to anonymous SecurityContext
2025-11-13 00:04:02 [http-nio-8088-exec-5] DEBUG o.s.security.web.FilterChainProxy - Secured GET /api/v1/files/399710fc-be76-468d-be99-161396dbd4a4.jpg
2025-11-13 00:04:02 [http-nio-8088-exec-5] DEBUG c.g.c.controller.FileController - Downloading file: 399710fc-be76-468d-be99-161396dbd4a4.jpg
2025-11-13 00:04:02 [http-nio-8088-exec-4] DEBUG org.hibernate.SQL - 
    select
        r1_0.user_id,
        r1_1.id,
        r1_1.name 
    from
        user_roles r1_0 
    join
        roles r1_1 
            on r1_1.id=r1_0.role_id 
    where
        r1_0.user_id=?
2025-11-13 00:04:02 [http-nio-8088-exec-1] DEBUG o.s.security.web.FilterChainProxy - Securing GET /api/v1/files/76508bcc-516c-4520-b640-75df6df6a0ca.jpg
2025-11-13 00:04:02 [http-nio-8088-exec-1] DEBUG o.s.s.w.a.AnonymousAuthenticationFilter - Set SecurityContextHolder to anonymous SecurityContext
2025-11-13 00:04:02 [http-nio-8088-exec-1] DEBUG o.s.security.web.FilterChainProxy - Secured GET /api/v1/files/76508bcc-516c-4520-b640-75df6df6a0ca.jpg
2025-11-13 00:04:02 [http-nio-8088-exec-10] DEBUG o.s.security.web.FilterChainProxy - Securing GET /api/v1/files/a7ad5fc9-6e6e-4d2d-bf7f-0925fb9237ec.jpg
2025-11-13 00:04:02 [http-nio-8088-exec-10] DEBUG o.s.s.w.a.AnonymousAuthenticationFilter - Set SecurityContextHolder to anonymous SecurityContext
2025-11-13 00:04:02 [http-nio-8088-exec-1] DEBUG c.g.c.controller.FileController - Downloading file: 76508bcc-516c-4520-b640-75df6df6a0ca.jpg
2025-11-13 00:04:02 [http-nio-8088-exec-10] DEBUG o.s.security.web.FilterChainProxy - Secured GET /api/v1/files/a7ad5fc9-6e6e-4d2d-bf7f-0925fb9237ec.jpg
2025-11-13 00:04:02 [http-nio-8088-exec-10] DEBUG c.g.c.controller.FileController - Downloading file: a7ad5fc9-6e6e-4d2d-bf7f-0925fb9237ec.jpg
2025-11-13 00:04:02 [http-nio-8088-exec-6] DEBUG o.s.security.web.FilterChainProxy - Securing GET /api/v1/files/3be6958d-8594-4f88-bf4a-caed30cc8686.jpg
2025-11-13 00:04:02 [http-nio-8088-exec-6] DEBUG o.s.s.w.a.AnonymousAuthenticationFilter - Set SecurityContextHolder to anonymous SecurityContext
2025-11-13 00:04:02 [http-nio-8088-exec-6] DEBUG o.s.security.web.FilterChainProxy - Secured GET /api/v1/files/3be6958d-8594-4f88-bf4a-caed30cc8686.jpg
2025-11-13 00:04:02 [http-nio-8088-exec-6] DEBUG c.g.c.controller.FileController - Downloading file: 3be6958d-8594-4f88-bf4a-caed30cc8686.jpg
2025-11-13 00:04:02 [http-nio-8088-exec-10] DEBUG o.s.security.web.FilterChainProxy - Securing GET /api/v1/files/dc7eea7e-d955-4e82-947f-8f3a275d09c8.jpg
2025-11-13 00:04:02 [http-nio-8088-exec-2] DEBUG o.s.security.web.FilterChainProxy - Securing GET /api/v1/files/257f1822-ec96-40c8-850e-a304cffa37fd.jpg
2025-11-13 00:04:02 [http-nio-8088-exec-10] DEBUG o.s.s.w.a.AnonymousAuthenticationFilter - Set SecurityContextHolder to anonymous SecurityContext
2025-11-13 00:04:02 [http-nio-8088-exec-10] DEBUG o.s.security.web.FilterChainProxy - Secured GET /api/v1/files/dc7eea7e-d955-4e82-947f-8f3a275d09c8.jpg
2025-11-13 00:04:02 [http-nio-8088-exec-2] DEBUG o.s.s.w.a.AnonymousAuthenticationFilter - Set SecurityContextHolder to anonymous SecurityContext
2025-11-13 00:04:02 [http-nio-8088-exec-2] DEBUG o.s.security.web.FilterChainProxy - Secured GET /api/v1/files/257f1822-ec96-40c8-850e-a304cffa37fd.jpg
2025-11-13 00:04:02 [http-nio-8088-exec-2] DEBUG c.g.c.controller.FileController - Downloading file: 257f1822-ec96-40c8-850e-a304cffa37fd.jpg
2025-11-13 00:04:02 [http-nio-8088-exec-10] DEBUG c.g.c.controller.FileController - Downloading file: dc7eea7e-d955-4e82-947f-8f3a275d09c8.jpg
2025-11-13 00:04:02 [http-nio-8088-exec-1] DEBUG o.s.security.web.FilterChainProxy - Securing GET /api/v1/files/4b9dcaa8-0825-4ee8-badc-86529e305d2a.jpg
2025-11-13 00:04:02 [http-nio-8088-exec-1] DEBUG o.s.s.w.a.AnonymousAuthenticationFilter - Set SecurityContextHolder to anonymous SecurityContext
2025-11-13 00:04:02 [http-nio-8088-exec-1] DEBUG o.s.security.web.FilterChainProxy - Secured GET /api/v1/files/4b9dcaa8-0825-4ee8-badc-86529e305d2a.jpg
2025-11-13 00:04:02 [http-nio-8088-exec-1] DEBUG c.g.c.controller.FileController - Downloading file: 4b9dcaa8-0825-4ee8-badc-86529e305d2a.jpg
2025-11-13 00:04:02 [http-nio-8088-exec-4] DEBUG o.s.security.web.FilterChainProxy - Secured GET /api/v1/categories
2025-11-13 00:04:02 [http-nio-8088-exec-4] DEBUG o.s.s.a.m.AuthorizationManagerBeforeMethodInterceptor - Authorizing method invocation ReflectiveMethodInvocation: public org.springframework.http.ResponseEntity com.giapho.coffee_shop_backend.controller.CategoryController.getAllCategories(); target is of class [com.giapho.coffee_shop_backend.controller.CategoryController]
2025-11-13 00:04:02 [http-nio-8088-exec-4] DEBUG o.s.s.a.m.AuthorizationManagerBeforeMethodInterceptor - Authorized method invocation ReflectiveMethodInvocation: public org.springframework.http.ResponseEntity com.giapho.coffee_shop_backend.controller.CategoryController.getAllCategories(); target is of class [com.giapho.coffee_shop_backend.controller.CategoryController]
2025-11-13 00:04:02 [http-nio-8088-exec-4] DEBUG org.hibernate.SQL - 
    select
        c1_0.id,
        c1_0.description,
        c1_0.name 
    from
        categories c1_0
2025-11-13 00:04:27 [http-nio-8088-exec-3] DEBUG o.s.security.web.FilterChainProxy - Securing GET /api/v1/tables
2025-11-13 00:04:27 [http-nio-8088-exec-3] DEBUG org.hibernate.SQL - 
    select
        u1_0.id,
        u1_0.created_at,
        u1_0.email,
        u1_0.full_name,
        u1_0.password,
        u1_0.phone,
        u1_0.status,
        u1_0.updated_at,
        u1_0.username 
    from
        users u1_0 
    where
        u1_0.username=?
2025-11-13 00:04:27 [http-nio-8088-exec-3] DEBUG org.hibernate.SQL - 
    select
        r1_0.user_id,
        r1_1.id,
        r1_1.name 
    from
        user_roles r1_0 
    join
        roles r1_1 
            on r1_1.id=r1_0.role_id 
    where
        r1_0.user_id=?
2025-11-13 00:04:27 [http-nio-8088-exec-3] DEBUG o.s.security.web.FilterChainProxy - Secured GET /api/v1/tables
2025-11-13 00:04:27 [http-nio-8088-exec-3] DEBUG o.s.s.a.m.AuthorizationManagerBeforeMethodInterceptor - Authorizing method invocation ReflectiveMethodInvocation: public org.springframework.http.ResponseEntity com.giapho.coffee_shop_backend.controller.CafeTableController.getAllTables(); target is of class [com.giapho.coffee_shop_backend.controller.CafeTableController]
2025-11-13 00:04:27 [http-nio-8088-exec-3] DEBUG o.s.s.a.m.AuthorizationManagerBeforeMethodInterceptor - Authorized method invocation ReflectiveMethodInvocation: public org.springframework.http.ResponseEntity com.giapho.coffee_shop_backend.controller.CafeTableController.getAllTables(); target is of class [com.giapho.coffee_shop_backend.controller.CafeTableController]
2025-11-13 00:04:27 [http-nio-8088-exec-3] DEBUG org.hibernate.SQL - 
    select
        ct1_0.id,
        ct1_0.capacity,
        ct1_0.name,
        ct1_0.status 
    from
        tables ct1_0
2025-11-13 00:05:31 [http-nio-8088-exec-3] DEBUG o.s.security.web.FilterChainProxy - Securing POST /api/v1/orders
2025-11-13 00:05:31 [http-nio-8088-exec-3] DEBUG org.hibernate.SQL - 
    select
        u1_0.id,
        u1_0.created_at,
        u1_0.email,
        u1_0.full_name,
        u1_0.password,
        u1_0.phone,
        u1_0.status,
        u1_0.updated_at,
        u1_0.username 
    from
        users u1_0 
    where
        u1_0.username=?
2025-11-13 00:05:31 [http-nio-8088-exec-3] DEBUG org.hibernate.SQL - 
    select
        r1_0.user_id,
        r1_1.id,
        r1_1.name 
    from
        user_roles r1_0 
    join
        roles r1_1 
            on r1_1.id=r1_0.role_id 
    where
        r1_0.user_id=?
2025-11-13 00:05:31 [http-nio-8088-exec-3] DEBUG o.s.security.web.FilterChainProxy - Secured POST /api/v1/orders
2025-11-13 00:05:31 [http-nio-8088-exec-3] DEBUG o.s.s.a.m.AuthorizationManagerBeforeMethodInterceptor - Authorizing method invocation ReflectiveMethodInvocation: public org.springframework.http.ResponseEntity com.giapho.coffee_shop_backend.controller.OrderController.createOrder(com.giapho.coffee_shop_backend.dto.OrderCreateRequestDTO); target is of class [com.giapho.coffee_shop_backend.controller.OrderController]
2025-11-13 00:05:31 [http-nio-8088-exec-3] DEBUG o.s.s.a.m.AuthorizationManagerBeforeMethodInterceptor - Authorized method invocation ReflectiveMethodInvocation: public org.springframework.http.ResponseEntity com.giapho.coffee_shop_backend.controller.OrderController.createOrder(com.giapho.coffee_shop_backend.dto.OrderCreateRequestDTO); target is of class [com.giapho.coffee_shop_backend.controller.OrderController]
2025-11-13 00:05:31 [http-nio-8088-exec-3] DEBUG org.hibernate.SQL - 
    select
        u1_0.id,
        u1_0.created_at,
        u1_0.email,
        u1_0.full_name,
        u1_0.password,
        u1_0.phone,
        u1_0.status,
        u1_0.updated_at,
        u1_0.username 
    from
        users u1_0 
    where
        u1_0.username=?
2025-11-13 00:05:31 [http-nio-8088-exec-3] DEBUG org.hibernate.SQL - 
    select
        r1_0.user_id,
        r1_1.id,
        r1_1.name 
    from
        user_roles r1_0 
    join
        roles r1_1 
            on r1_1.id=r1_0.role_id 
    where
        r1_0.user_id=?
2025-11-13 00:05:31 [http-nio-8088-exec-3] INFO  c.g.c.service.OrderService - No customer associated with new order
2025-11-13 00:05:31 [http-nio-8088-exec-3] DEBUG org.hibernate.SQL - 
    select
        p1_0.id,
        p1_0.category_id,
        p1_0.code,
        p1_0.cost,
        p1_0.created_at,
        p1_0.description,
        p1_0.image_url,
        p1_0.is_available,
        p1_0.name,
        p1_0.price,
        p1_0.updated_at 
    from
        products p1_0 
    where
        p1_0.id=?
2025-11-13 00:05:31 [http-nio-8088-exec-3] DEBUG org.hibernate.SQL - 
    insert 
    into
        orders
        (voucher_id, table_id, created_at, customer_id, discount_amount, paid_at, payment_method, status, sub_total, total_amount, type, user_id, voucher_code) 
    values
        (?, ?, ?, ?, ?, ?, ?, ?, ?, ?, ?, ?, ?)
2025-11-13 00:05:31 [http-nio-8088-exec-3] DEBUG org.hibernate.SQL - 
    insert 
    into
        order_details
        (notes, order_id, price_at_order, product_id, quantity) 
    values
        (?, ?, ?, ?, ?)
2025-11-13 00:05:31 [http-nio-8088-exec-3] DEBUG org.hibernate.SQL - 
    select
        o1_0.id,
        o1_0.voucher_id,
        ct1_0.id,
        ct1_0.capacity,
        ct1_0.name,
        ct1_0.status,
        o1_0.created_at,
        c1_0.id,
        c1_0.created_at,
        c1_0.email,
        c1_0.full_name,
        c1_0.loyalty_points,
        c1_0.phone,
        c1_0.updated_at,
        o1_0.discount_amount,
        od1_0.order_id,
        od1_0.id,
        od1_0.notes,
        od1_0.price_at_order,
        od1_0.product_id,
        od1_0.quantity,
        o1_0.paid_at,
        o1_0.payment_method,
        o1_0.status,
        o1_0.sub_total,
        o1_0.total_amount,
        o1_0.type,
        o1_0.user_id,
        u1_0.id,
        u1_0.created_at,
        u1_0.email,
        u1_0.full_name,
        u1_0.password,
        u1_0.phone,
        u1_0.status,
        u1_0.updated_at,
        u1_0.username,
        o1_0.voucher_code 
    from
        orders o1_0 
    left join
        order_details od1_0 
            on o1_0.id=od1_0.order_id 
    left join
        tables ct1_0 
            on ct1_0.id=o1_0.table_id 
    left join
        users u1_0 
            on u1_0.id=o1_0.user_id 
    left join
        customers c1_0 
            on c1_0.id=o1_0.customer_id 
    where
        o1_0.id=?
2025-11-13 00:05:31 [http-nio-8088-exec-9] DEBUG o.s.security.web.FilterChainProxy - Securing GET /api/v1/tables
2025-11-13 00:05:31 [http-nio-8088-exec-9] DEBUG org.hibernate.SQL - 
    select
        u1_0.id,
        u1_0.created_at,
        u1_0.email,
        u1_0.full_name,
        u1_0.password,
        u1_0.phone,
        u1_0.status,
        u1_0.updated_at,
        u1_0.username 
    from
        users u1_0 
    where
        u1_0.username=?
2025-11-13 00:05:31 [http-nio-8088-exec-9] DEBUG org.hibernate.SQL - 
    select
        r1_0.user_id,
        r1_1.id,
        r1_1.name 
    from
        user_roles r1_0 
    join
        roles r1_1 
            on r1_1.id=r1_0.role_id 
    where
        r1_0.user_id=?
2025-11-13 00:05:31 [http-nio-8088-exec-9] DEBUG o.s.security.web.FilterChainProxy - Secured GET /api/v1/tables
2025-11-13 00:05:31 [http-nio-8088-exec-9] DEBUG o.s.s.a.m.AuthorizationManagerBeforeMethodInterceptor - Authorizing method invocation ReflectiveMethodInvocation: public org.springframework.http.ResponseEntity com.giapho.coffee_shop_backend.controller.CafeTableController.getAllTables(); target is of class [com.giapho.coffee_shop_backend.controller.CafeTableController]
2025-11-13 00:05:31 [http-nio-8088-exec-9] DEBUG o.s.s.a.m.AuthorizationManagerBeforeMethodInterceptor - Authorized method invocation ReflectiveMethodInvocation: public org.springframework.http.ResponseEntity com.giapho.coffee_shop_backend.controller.CafeTableController.getAllTables(); target is of class [com.giapho.coffee_shop_backend.controller.CafeTableController]
2025-11-13 00:05:31 [http-nio-8088-exec-9] DEBUG org.hibernate.SQL - 
    select
        ct1_0.id,
        ct1_0.capacity,
        ct1_0.name,
        ct1_0.status 
    from
        tables ct1_0
2025-11-13 00:05:31 [http-nio-8088-exec-5] DEBUG o.s.security.web.FilterChainProxy - Securing GET /api/v1/products?page=0&size=1000
2025-11-13 00:05:31 [http-nio-8088-exec-5] DEBUG org.hibernate.SQL - 
    select
        u1_0.id,
        u1_0.created_at,
        u1_0.email,
        u1_0.full_name,
        u1_0.password,
        u1_0.phone,
        u1_0.status,
        u1_0.updated_at,
        u1_0.username 
    from
        users u1_0 
    where
        u1_0.username=?
2025-11-13 00:05:31 [http-nio-8088-exec-5] DEBUG org.hibernate.SQL - 
    select
        r1_0.user_id,
        r1_1.id,
        r1_1.name 
    from
        user_roles r1_0 
    join
        roles r1_1 
            on r1_1.id=r1_0.role_id 
    where
        r1_0.user_id=?
2025-11-13 00:05:31 [http-nio-8088-exec-5] DEBUG o.s.security.web.FilterChainProxy - Secured GET /api/v1/products?page=0&size=1000
2025-11-13 00:05:31 [http-nio-8088-exec-5] DEBUG o.s.s.a.m.AuthorizationManagerBeforeMethodInterceptor - Authorizing method invocation ReflectiveMethodInvocation: public org.springframework.http.ResponseEntity com.giapho.coffee_shop_backend.controller.ProductController.getAllProducts(java.lang.String,java.lang.Long,org.springframework.data.domain.Pageable); target is of class [com.giapho.coffee_shop_backend.controller.ProductController]
2025-11-13 00:05:31 [http-nio-8088-exec-5] DEBUG o.s.s.a.m.AuthorizationManagerBeforeMethodInterceptor - Authorized method invocation ReflectiveMethodInvocation: public org.springframework.http.ResponseEntity com.giapho.coffee_shop_backend.controller.ProductController.getAllProducts(java.lang.String,java.lang.Long,org.springframework.data.domain.Pageable); target is of class [com.giapho.coffee_shop_backend.controller.ProductController]
2025-11-13 00:05:32 [http-nio-8088-exec-5] DEBUG org.hibernate.SQL - 
    select
        p1_0.id,
        p1_0.category_id,
        c1_0.id,
        c1_0.description,
        c1_0.name,
        p1_0.code,
        p1_0.cost,
        p1_0.created_at,
        p1_0.description,
        p1_0.image_url,
        p1_0.is_available,
        p1_0.name,
        p1_0.price,
        p1_0.updated_at 
    from
        products p1_0 
    join
        categories c1_0 
            on c1_0.id=p1_0.category_id 
    limit
        ?, ?
2025-11-13 00:05:32 [http-nio-8088-exec-8] DEBUG o.s.security.web.FilterChainProxy - Securing GET /api/v1/files/56de7c12-082e-4eb3-b6cb-d84d8cc38775.jpg
2025-11-13 00:05:32 [http-nio-8088-exec-8] DEBUG o.s.s.w.a.AnonymousAuthenticationFilter - Set SecurityContextHolder to anonymous SecurityContext
2025-11-13 00:05:32 [http-nio-8088-exec-8] DEBUG o.s.security.web.FilterChainProxy - Secured GET /api/v1/files/56de7c12-082e-4eb3-b6cb-d84d8cc38775.jpg
2025-11-13 00:05:32 [http-nio-8088-exec-6] DEBUG o.s.security.web.FilterChainProxy - Securing GET /api/v1/files/b0fcea8f-74ab-4ff1-bd62-6557e0ccb1f2.jpg
2025-11-13 00:05:32 [http-nio-8088-exec-7] DEBUG o.s.security.web.FilterChainProxy - Securing GET /api/v1/files/82b4818b-f0d2-4206-bfa5-298f7111d20c.jpg
2025-11-13 00:05:32 [http-nio-8088-exec-7] DEBUG o.s.s.w.a.AnonymousAuthenticationFilter - Set SecurityContextHolder to anonymous SecurityContext
2025-11-13 00:05:32 [http-nio-8088-exec-6] DEBUG o.s.s.w.a.AnonymousAuthenticationFilter - Set SecurityContextHolder to anonymous SecurityContext
2025-11-13 00:05:32 [http-nio-8088-exec-7] DEBUG o.s.security.web.FilterChainProxy - Secured GET /api/v1/files/82b4818b-f0d2-4206-bfa5-298f7111d20c.jpg
2025-11-13 00:05:32 [http-nio-8088-exec-6] DEBUG o.s.security.web.FilterChainProxy - Secured GET /api/v1/files/b0fcea8f-74ab-4ff1-bd62-6557e0ccb1f2.jpg
2025-11-13 00:05:32 [http-nio-8088-exec-7] DEBUG c.g.c.controller.FileController - Downloading file: 82b4818b-f0d2-4206-bfa5-298f7111d20c.jpg
2025-11-13 00:05:32 [http-nio-8088-exec-8] DEBUG c.g.c.controller.FileController - Downloading file: 56de7c12-082e-4eb3-b6cb-d84d8cc38775.jpg
2025-11-13 00:05:32 [http-nio-8088-exec-6] DEBUG c.g.c.controller.FileController - Downloading file: b0fcea8f-74ab-4ff1-bd62-6557e0ccb1f2.jpg
2025-11-13 00:05:32 [http-nio-8088-exec-10] DEBUG o.s.security.web.FilterChainProxy - Securing GET /api/v1/files/e267ade1-780a-4a34-adf1-ecb1b2948e21.jpg
2025-11-13 00:05:32 [http-nio-8088-exec-10] DEBUG o.s.s.w.a.AnonymousAuthenticationFilter - Set SecurityContextHolder to anonymous SecurityContext
2025-11-13 00:05:32 [http-nio-8088-exec-10] DEBUG o.s.security.web.FilterChainProxy - Secured GET /api/v1/files/e267ade1-780a-4a34-adf1-ecb1b2948e21.jpg
2025-11-13 00:05:32 [http-nio-8088-exec-4] DEBUG o.s.security.web.FilterChainProxy - Securing GET /api/v1/categories
2025-11-13 00:05:32 [http-nio-8088-exec-10] DEBUG c.g.c.controller.FileController - Downloading file: e267ade1-780a-4a34-adf1-ecb1b2948e21.jpg
2025-11-13 00:05:32 [http-nio-8088-exec-2] DEBUG o.s.security.web.FilterChainProxy - Securing GET /api/v1/files/358e5aef-6b26-4cb1-a997-97ac999d9dc1.jpg
2025-11-13 00:05:32 [http-nio-8088-exec-1] DEBUG o.s.security.web.FilterChainProxy - Securing GET /api/v1/files/80cf5e3d-5d4c-4d1b-9e7d-0a0b8bfa00eb.jpg
2025-11-13 00:05:32 [http-nio-8088-exec-1] DEBUG o.s.s.w.a.AnonymousAuthenticationFilter - Set SecurityContextHolder to anonymous SecurityContext
2025-11-13 00:05:32 [http-nio-8088-exec-1] DEBUG o.s.security.web.FilterChainProxy - Secured GET /api/v1/files/80cf5e3d-5d4c-4d1b-9e7d-0a0b8bfa00eb.jpg
2025-11-13 00:05:32 [http-nio-8088-exec-1] DEBUG c.g.c.controller.FileController - Downloading file: 80cf5e3d-5d4c-4d1b-9e7d-0a0b8bfa00eb.jpg
2025-11-13 00:05:32 [http-nio-8088-exec-2] DEBUG o.s.s.w.a.AnonymousAuthenticationFilter - Set SecurityContextHolder to anonymous SecurityContext
2025-11-13 00:05:32 [http-nio-8088-exec-2] DEBUG o.s.security.web.FilterChainProxy - Secured GET /api/v1/files/358e5aef-6b26-4cb1-a997-97ac999d9dc1.jpg
2025-11-13 00:05:32 [http-nio-8088-exec-2] DEBUG c.g.c.controller.FileController - Downloading file: 358e5aef-6b26-4cb1-a997-97ac999d9dc1.jpg
2025-11-13 00:05:32 [http-nio-8088-exec-6] DEBUG o.s.security.web.FilterChainProxy - Securing GET /api/v1/files/587ac1e2-1a65-4144-bbb7-faff4eac57bd.jpg
2025-11-13 00:05:32 [http-nio-8088-exec-6] DEBUG o.s.s.w.a.AnonymousAuthenticationFilter - Set SecurityContextHolder to anonymous SecurityContext
2025-11-13 00:05:32 [http-nio-8088-exec-6] DEBUG o.s.security.web.FilterChainProxy - Secured GET /api/v1/files/587ac1e2-1a65-4144-bbb7-faff4eac57bd.jpg
2025-11-13 00:05:32 [http-nio-8088-exec-3] DEBUG o.s.security.web.FilterChainProxy - Securing GET /api/v1/files/a10447e0-1a57-4b12-837d-218f6d3a6706.jpg
2025-11-13 00:05:32 [http-nio-8088-exec-3] DEBUG o.s.s.w.a.AnonymousAuthenticationFilter - Set SecurityContextHolder to anonymous SecurityContext
2025-11-13 00:05:32 [http-nio-8088-exec-3] DEBUG o.s.security.web.FilterChainProxy - Secured GET /api/v1/files/a10447e0-1a57-4b12-837d-218f6d3a6706.jpg
2025-11-13 00:05:32 [http-nio-8088-exec-3] DEBUG c.g.c.controller.FileController - Downloading file: a10447e0-1a57-4b12-837d-218f6d3a6706.jpg
2025-11-13 00:05:32 [http-nio-8088-exec-10] DEBUG o.s.security.web.FilterChainProxy - Securing GET /api/v1/files/01377e1e-70ed-48ba-bd4a-6379aeff4856.jpg
2025-11-13 00:05:32 [http-nio-8088-exec-10] DEBUG o.s.s.w.a.AnonymousAuthenticationFilter - Set SecurityContextHolder to anonymous SecurityContext
2025-11-13 00:05:32 [http-nio-8088-exec-10] DEBUG o.s.security.web.FilterChainProxy - Secured GET /api/v1/files/01377e1e-70ed-48ba-bd4a-6379aeff4856.jpg
2025-11-13 00:05:32 [http-nio-8088-exec-10] DEBUG c.g.c.controller.FileController - Downloading file: 01377e1e-70ed-48ba-bd4a-6379aeff4856.jpg
2025-11-13 00:05:32 [http-nio-8088-exec-6] DEBUG c.g.c.controller.FileController - Downloading file: 587ac1e2-1a65-4144-bbb7-faff4eac57bd.jpg
2025-11-13 00:05:32 [http-nio-8088-exec-5] DEBUG o.s.security.web.FilterChainProxy - Securing GET /api/v1/files/5f0d97d1-f3b4-431e-99dd-ad80499705ba.jpg
2025-11-13 00:05:32 [http-nio-8088-exec-5] DEBUG o.s.s.w.a.AnonymousAuthenticationFilter - Set SecurityContextHolder to anonymous SecurityContext
2025-11-13 00:05:32 [http-nio-8088-exec-5] DEBUG o.s.security.web.FilterChainProxy - Secured GET /api/v1/files/5f0d97d1-f3b4-431e-99dd-ad80499705ba.jpg
2025-11-13 00:05:32 [http-nio-8088-exec-5] DEBUG c.g.c.controller.FileController - Downloading file: 5f0d97d1-f3b4-431e-99dd-ad80499705ba.jpg
2025-11-13 00:05:32 [http-nio-8088-exec-7] DEBUG o.s.security.web.FilterChainProxy - Securing GET /api/v1/files/399710fc-be76-468d-be99-161396dbd4a4.jpg
2025-11-13 00:05:32 [http-nio-8088-exec-9] DEBUG o.s.security.web.FilterChainProxy - Securing GET /api/v1/files/fc284af6-76c3-40fc-b6ab-245bf05af010.jpg
2025-11-13 00:05:32 [http-nio-8088-exec-7] DEBUG o.s.s.w.a.AnonymousAuthenticationFilter - Set SecurityContextHolder to anonymous SecurityContext
2025-11-13 00:05:32 [http-nio-8088-exec-7] DEBUG o.s.security.web.FilterChainProxy - Secured GET /api/v1/files/399710fc-be76-468d-be99-161396dbd4a4.jpg
2025-11-13 00:05:32 [http-nio-8088-exec-9] DEBUG o.s.s.w.a.AnonymousAuthenticationFilter - Set SecurityContextHolder to anonymous SecurityContext
2025-11-13 00:05:32 [http-nio-8088-exec-9] DEBUG o.s.security.web.FilterChainProxy - Secured GET /api/v1/files/fc284af6-76c3-40fc-b6ab-245bf05af010.jpg
2025-11-13 00:05:32 [http-nio-8088-exec-9] DEBUG c.g.c.controller.FileController - Downloading file: fc284af6-76c3-40fc-b6ab-245bf05af010.jpg
2025-11-13 00:05:32 [http-nio-8088-exec-4] DEBUG org.hibernate.SQL - 
    select
        u1_0.id,
        u1_0.created_at,
        u1_0.email,
        u1_0.full_name,
        u1_0.password,
        u1_0.phone,
        u1_0.status,
        u1_0.updated_at,
        u1_0.username 
    from
        users u1_0 
    where
        u1_0.username=?
2025-11-13 00:05:32 [http-nio-8088-exec-7] DEBUG c.g.c.controller.FileController - Downloading file: 399710fc-be76-468d-be99-161396dbd4a4.jpg
2025-11-13 00:05:32 [http-nio-8088-exec-8] DEBUG o.s.security.web.FilterChainProxy - Securing GET /api/v1/files/3be6958d-8594-4f88-bf4a-caed30cc8686.jpg
2025-11-13 00:05:32 [http-nio-8088-exec-1] DEBUG o.s.security.web.FilterChainProxy - Securing GET /api/v1/files/a7ad5fc9-6e6e-4d2d-bf7f-0925fb9237ec.jpg
2025-11-13 00:05:32 [http-nio-8088-exec-8] DEBUG o.s.s.w.a.AnonymousAuthenticationFilter - Set SecurityContextHolder to anonymous SecurityContext
2025-11-13 00:05:32 [http-nio-8088-exec-8] DEBUG o.s.security.web.FilterChainProxy - Secured GET /api/v1/files/3be6958d-8594-4f88-bf4a-caed30cc8686.jpg
2025-11-13 00:05:32 [http-nio-8088-exec-1] DEBUG o.s.s.w.a.AnonymousAuthenticationFilter - Set SecurityContextHolder to anonymous SecurityContext
2025-11-13 00:05:32 [http-nio-8088-exec-1] DEBUG o.s.security.web.FilterChainProxy - Secured GET /api/v1/files/a7ad5fc9-6e6e-4d2d-bf7f-0925fb9237ec.jpg
2025-11-13 00:05:32 [http-nio-8088-exec-1] DEBUG c.g.c.controller.FileController - Downloading file: a7ad5fc9-6e6e-4d2d-bf7f-0925fb9237ec.jpg
2025-11-13 00:05:32 [http-nio-8088-exec-8] DEBUG c.g.c.controller.FileController - Downloading file: 3be6958d-8594-4f88-bf4a-caed30cc8686.jpg
2025-11-13 00:05:32 [http-nio-8088-exec-2] DEBUG o.s.security.web.FilterChainProxy - Securing GET /api/v1/files/76508bcc-516c-4520-b640-75df6df6a0ca.jpg
2025-11-13 00:05:32 [http-nio-8088-exec-2] DEBUG o.s.s.w.a.AnonymousAuthenticationFilter - Set SecurityContextHolder to anonymous SecurityContext
2025-11-13 00:05:32 [http-nio-8088-exec-2] DEBUG o.s.security.web.FilterChainProxy - Secured GET /api/v1/files/76508bcc-516c-4520-b640-75df6df6a0ca.jpg
2025-11-13 00:05:32 [http-nio-8088-exec-3] DEBUG o.s.security.web.FilterChainProxy - Securing GET /api/v1/files/dc7eea7e-d955-4e82-947f-8f3a275d09c8.jpg
2025-11-13 00:05:32 [http-nio-8088-exec-3] DEBUG o.s.s.w.a.AnonymousAuthenticationFilter - Set SecurityContextHolder to anonymous SecurityContext
2025-11-13 00:05:32 [http-nio-8088-exec-3] DEBUG o.s.security.web.FilterChainProxy - Secured GET /api/v1/files/dc7eea7e-d955-4e82-947f-8f3a275d09c8.jpg
2025-11-13 00:05:32 [http-nio-8088-exec-3] DEBUG c.g.c.controller.FileController - Downloading file: dc7eea7e-d955-4e82-947f-8f3a275d09c8.jpg
2025-11-13 00:05:32 [http-nio-8088-exec-4] DEBUG org.hibernate.SQL - 
    select
        r1_0.user_id,
        r1_1.id,
        r1_1.name 
    from
        user_roles r1_0 
    join
        roles r1_1 
            on r1_1.id=r1_0.role_id 
    where
        r1_0.user_id=?
2025-11-13 00:05:32 [http-nio-8088-exec-2] DEBUG c.g.c.controller.FileController - Downloading file: 76508bcc-516c-4520-b640-75df6df6a0ca.jpg
2025-11-13 00:05:32 [http-nio-8088-exec-6] DEBUG o.s.security.web.FilterChainProxy - Securing GET /api/v1/files/4b9dcaa8-0825-4ee8-badc-86529e305d2a.jpg
2025-11-13 00:05:32 [http-nio-8088-exec-6] DEBUG o.s.s.w.a.AnonymousAuthenticationFilter - Set SecurityContextHolder to anonymous SecurityContext
2025-11-13 00:05:32 [http-nio-8088-exec-6] DEBUG o.s.security.web.FilterChainProxy - Secured GET /api/v1/files/4b9dcaa8-0825-4ee8-badc-86529e305d2a.jpg
2025-11-13 00:05:32 [http-nio-8088-exec-6] DEBUG c.g.c.controller.FileController - Downloading file: 4b9dcaa8-0825-4ee8-badc-86529e305d2a.jpg
2025-11-13 00:05:32 [http-nio-8088-exec-5] DEBUG o.s.security.web.FilterChainProxy - Securing GET /api/v1/files/257f1822-ec96-40c8-850e-a304cffa37fd.jpg
2025-11-13 00:05:32 [http-nio-8088-exec-5] DEBUG o.s.s.w.a.AnonymousAuthenticationFilter - Set SecurityContextHolder to anonymous SecurityContext
2025-11-13 00:05:32 [http-nio-8088-exec-5] DEBUG o.s.security.web.FilterChainProxy - Secured GET /api/v1/files/257f1822-ec96-40c8-850e-a304cffa37fd.jpg
2025-11-13 00:05:32 [http-nio-8088-exec-5] DEBUG c.g.c.controller.FileController - Downloading file: 257f1822-ec96-40c8-850e-a304cffa37fd.jpg
2025-11-13 00:05:32 [http-nio-8088-exec-4] DEBUG o.s.security.web.FilterChainProxy - Secured GET /api/v1/categories
2025-11-13 00:05:32 [http-nio-8088-exec-4] DEBUG o.s.s.a.m.AuthorizationManagerBeforeMethodInterceptor - Authorizing method invocation ReflectiveMethodInvocation: public org.springframework.http.ResponseEntity com.giapho.coffee_shop_backend.controller.CategoryController.getAllCategories(); target is of class [com.giapho.coffee_shop_backend.controller.CategoryController]
2025-11-13 00:05:32 [http-nio-8088-exec-4] DEBUG o.s.s.a.m.AuthorizationManagerBeforeMethodInterceptor - Authorized method invocation ReflectiveMethodInvocation: public org.springframework.http.ResponseEntity com.giapho.coffee_shop_backend.controller.CategoryController.getAllCategories(); target is of class [com.giapho.coffee_shop_backend.controller.CategoryController]
2025-11-13 00:05:32 [http-nio-8088-exec-4] DEBUG org.hibernate.SQL - 
    select
        c1_0.id,
        c1_0.description,
        c1_0.name 
    from
        categories c1_0
2025-11-13 00:06:16 [http-nio-8088-exec-10] DEBUG o.s.security.web.FilterChainProxy - Securing GET /api/v1/tables
2025-11-13 00:06:16 [http-nio-8088-exec-7] DEBUG o.s.security.web.FilterChainProxy - Securing GET /api/v1/customers?page=0&size=1000
2025-11-13 00:06:16 [http-nio-8088-exec-9] DEBUG o.s.security.web.FilterChainProxy - Securing GET /api/v1/products?page=0&size=1000
2025-11-13 00:06:16 [http-nio-8088-exec-10] DEBUG org.hibernate.SQL - 
    select
        u1_0.id,
        u1_0.created_at,
        u1_0.email,
        u1_0.full_name,
        u1_0.password,
        u1_0.phone,
        u1_0.status,
        u1_0.updated_at,
        u1_0.username 
    from
        users u1_0 
    where
        u1_0.username=?
2025-11-13 00:06:16 [http-nio-8088-exec-9] DEBUG org.hibernate.SQL - 
    select
        u1_0.id,
        u1_0.created_at,
        u1_0.email,
        u1_0.full_name,
        u1_0.password,
        u1_0.phone,
        u1_0.status,
        u1_0.updated_at,
        u1_0.username 
    from
        users u1_0 
    where
        u1_0.username=?
2025-11-13 00:06:16 [http-nio-8088-exec-7] DEBUG org.hibernate.SQL - 
    select
        u1_0.id,
        u1_0.created_at,
        u1_0.email,
        u1_0.full_name,
        u1_0.password,
        u1_0.phone,
        u1_0.status,
        u1_0.updated_at,
        u1_0.username 
    from
        users u1_0 
    where
        u1_0.username=?
2025-11-13 00:06:16 [http-nio-8088-exec-9] DEBUG org.hibernate.SQL - 
    select
        r1_0.user_id,
        r1_1.id,
        r1_1.name 
    from
        user_roles r1_0 
    join
        roles r1_1 
            on r1_1.id=r1_0.role_id 
    where
        r1_0.user_id=?
2025-11-13 00:06:16 [http-nio-8088-exec-10] DEBUG org.hibernate.SQL - 
    select
        r1_0.user_id,
        r1_1.id,
        r1_1.name 
    from
        user_roles r1_0 
    join
        roles r1_1 
            on r1_1.id=r1_0.role_id 
    where
        r1_0.user_id=?
2025-11-13 00:06:16 [http-nio-8088-exec-7] DEBUG org.hibernate.SQL - 
    select
        r1_0.user_id,
        r1_1.id,
        r1_1.name 
    from
        user_roles r1_0 
    join
        roles r1_1 
            on r1_1.id=r1_0.role_id 
    where
        r1_0.user_id=?
2025-11-13 00:06:16 [http-nio-8088-exec-10] DEBUG o.s.security.web.FilterChainProxy - Secured GET /api/v1/tables
2025-11-13 00:06:16 [http-nio-8088-exec-9] DEBUG o.s.security.web.FilterChainProxy - Secured GET /api/v1/products?page=0&size=1000
2025-11-13 00:06:16 [http-nio-8088-exec-10] DEBUG o.s.s.a.m.AuthorizationManagerBeforeMethodInterceptor - Authorizing method invocation ReflectiveMethodInvocation: public org.springframework.http.ResponseEntity com.giapho.coffee_shop_backend.controller.CafeTableController.getAllTables(); target is of class [com.giapho.coffee_shop_backend.controller.CafeTableController]
2025-11-13 00:06:16 [http-nio-8088-exec-9] DEBUG o.s.s.a.m.AuthorizationManagerBeforeMethodInterceptor - Authorizing method invocation ReflectiveMethodInvocation: public org.springframework.http.ResponseEntity com.giapho.coffee_shop_backend.controller.ProductController.getAllProducts(java.lang.String,java.lang.Long,org.springframework.data.domain.Pageable); target is of class [com.giapho.coffee_shop_backend.controller.ProductController]
2025-11-13 00:06:16 [http-nio-8088-exec-10] DEBUG o.s.s.a.m.AuthorizationManagerBeforeMethodInterceptor - Authorized method invocation ReflectiveMethodInvocation: public org.springframework.http.ResponseEntity com.giapho.coffee_shop_backend.controller.CafeTableController.getAllTables(); target is of class [com.giapho.coffee_shop_backend.controller.CafeTableController]
2025-11-13 00:06:16 [http-nio-8088-exec-9] DEBUG o.s.s.a.m.AuthorizationManagerBeforeMethodInterceptor - Authorized method invocation ReflectiveMethodInvocation: public org.springframework.http.ResponseEntity com.giapho.coffee_shop_backend.controller.ProductController.getAllProducts(java.lang.String,java.lang.Long,org.springframework.data.domain.Pageable); target is of class [com.giapho.coffee_shop_backend.controller.ProductController]
2025-11-13 00:06:16 [http-nio-8088-exec-10] DEBUG org.hibernate.SQL - 
    select
        ct1_0.id,
        ct1_0.capacity,
        ct1_0.name,
        ct1_0.status 
    from
        tables ct1_0
2025-11-13 00:06:16 [http-nio-8088-exec-9] DEBUG org.hibernate.SQL - 
    select
        p1_0.id,
        p1_0.category_id,
        c1_0.id,
        c1_0.description,
        c1_0.name,
        p1_0.code,
        p1_0.cost,
        p1_0.created_at,
        p1_0.description,
        p1_0.image_url,
        p1_0.is_available,
        p1_0.name,
        p1_0.price,
        p1_0.updated_at 
    from
        products p1_0 
    join
        categories c1_0 
            on c1_0.id=p1_0.category_id 
    limit
        ?, ?
2025-11-13 00:06:16 [http-nio-8088-exec-7] DEBUG o.s.security.web.FilterChainProxy - Secured GET /api/v1/customers?page=0&size=1000
2025-11-13 00:06:16 [http-nio-8088-exec-7] DEBUG o.s.s.a.m.AuthorizationManagerBeforeMethodInterceptor - Authorizing method invocation ReflectiveMethodInvocation: public org.springframework.http.ResponseEntity com.giapho.coffee_shop_backend.controller.CustomerController.searchCustomers(java.lang.String,org.springframework.data.domain.Pageable); target is of class [com.giapho.coffee_shop_backend.controller.CustomerController]
2025-11-13 00:06:16 [http-nio-8088-exec-7] DEBUG o.s.s.a.m.AuthorizationManagerBeforeMethodInterceptor - Authorized method invocation ReflectiveMethodInvocation: public org.springframework.http.ResponseEntity com.giapho.coffee_shop_backend.controller.CustomerController.searchCustomers(java.lang.String,org.springframework.data.domain.Pageable); target is of class [com.giapho.coffee_shop_backend.controller.CustomerController]
2025-11-13 00:06:16 [http-nio-8088-exec-7] DEBUG org.hibernate.SQL - 
    select
        c1_0.id,
        c1_0.created_at,
        c1_0.email,
        c1_0.full_name,
        c1_0.loyalty_points,
        c1_0.phone,
        c1_0.updated_at 
    from
        customers c1_0 
    order by
        c1_0.full_name 
    limit
        ?, ?
2025-11-13 00:06:16 [http-nio-8088-exec-1] DEBUG o.s.security.web.FilterChainProxy - Securing GET /api/v1/files/b0fcea8f-74ab-4ff1-bd62-6557e0ccb1f2.jpg
2025-11-13 00:06:16 [http-nio-8088-exec-1] DEBUG o.s.s.w.a.AnonymousAuthenticationFilter - Set SecurityContextHolder to anonymous SecurityContext
2025-11-13 00:06:16 [http-nio-8088-exec-1] DEBUG o.s.security.web.FilterChainProxy - Secured GET /api/v1/files/b0fcea8f-74ab-4ff1-bd62-6557e0ccb1f2.jpg
2025-11-13 00:06:16 [http-nio-8088-exec-3] DEBUG o.s.security.web.FilterChainProxy - Securing GET /api/v1/files/56de7c12-082e-4eb3-b6cb-d84d8cc38775.jpg
2025-11-13 00:06:16 [http-nio-8088-exec-3] DEBUG o.s.s.w.a.AnonymousAuthenticationFilter - Set SecurityContextHolder to anonymous SecurityContext
2025-11-13 00:06:16 [http-nio-8088-exec-3] DEBUG o.s.security.web.FilterChainProxy - Secured GET /api/v1/files/56de7c12-082e-4eb3-b6cb-d84d8cc38775.jpg
2025-11-13 00:06:16 [http-nio-8088-exec-8] DEBUG o.s.security.web.FilterChainProxy - Securing GET /api/v1/files/82b4818b-f0d2-4206-bfa5-298f7111d20c.jpg
2025-11-13 00:06:16 [http-nio-8088-exec-8] DEBUG o.s.s.w.a.AnonymousAuthenticationFilter - Set SecurityContextHolder to anonymous SecurityContext
2025-11-13 00:06:16 [http-nio-8088-exec-3] DEBUG c.g.c.controller.FileController - Downloading file: 56de7c12-082e-4eb3-b6cb-d84d8cc38775.jpg
2025-11-13 00:06:16 [http-nio-8088-exec-8] DEBUG o.s.security.web.FilterChainProxy - Secured GET /api/v1/files/82b4818b-f0d2-4206-bfa5-298f7111d20c.jpg
2025-11-13 00:06:16 [http-nio-8088-exec-8] DEBUG c.g.c.controller.FileController - Downloading file: 82b4818b-f0d2-4206-bfa5-298f7111d20c.jpg
2025-11-13 00:06:16 [http-nio-8088-exec-1] DEBUG c.g.c.controller.FileController - Downloading file: b0fcea8f-74ab-4ff1-bd62-6557e0ccb1f2.jpg
2025-11-13 00:06:16 [http-nio-8088-exec-2] DEBUG o.s.security.web.FilterChainProxy - Securing GET /api/v1/files/e267ade1-780a-4a34-adf1-ecb1b2948e21.jpg
2025-11-13 00:06:16 [http-nio-8088-exec-2] DEBUG o.s.s.w.a.AnonymousAuthenticationFilter - Set SecurityContextHolder to anonymous SecurityContext
2025-11-13 00:06:16 [http-nio-8088-exec-6] DEBUG o.s.security.web.FilterChainProxy - Securing GET /api/v1/files/80cf5e3d-5d4c-4d1b-9e7d-0a0b8bfa00eb.jpg
2025-11-13 00:06:16 [http-nio-8088-exec-2] DEBUG o.s.security.web.FilterChainProxy - Secured GET /api/v1/files/e267ade1-780a-4a34-adf1-ecb1b2948e21.jpg
2025-11-13 00:06:16 [http-nio-8088-exec-6] DEBUG o.s.s.w.a.AnonymousAuthenticationFilter - Set SecurityContextHolder to anonymous SecurityContext
2025-11-13 00:06:16 [http-nio-8088-exec-6] DEBUG o.s.security.web.FilterChainProxy - Secured GET /api/v1/files/80cf5e3d-5d4c-4d1b-9e7d-0a0b8bfa00eb.jpg
2025-11-13 00:06:16 [http-nio-8088-exec-2] DEBUG c.g.c.controller.FileController - Downloading file: e267ade1-780a-4a34-adf1-ecb1b2948e21.jpg
2025-11-13 00:06:16 [http-nio-8088-exec-6] DEBUG c.g.c.controller.FileController - Downloading file: 80cf5e3d-5d4c-4d1b-9e7d-0a0b8bfa00eb.jpg
2025-11-13 00:06:16 [http-nio-8088-exec-5] DEBUG o.s.security.web.FilterChainProxy - Securing GET /api/v1/files/358e5aef-6b26-4cb1-a997-97ac999d9dc1.jpg
2025-11-13 00:06:16 [http-nio-8088-exec-5] DEBUG o.s.s.w.a.AnonymousAuthenticationFilter - Set SecurityContextHolder to anonymous SecurityContext
2025-11-13 00:06:16 [http-nio-8088-exec-5] DEBUG o.s.security.web.FilterChainProxy - Secured GET /api/v1/files/358e5aef-6b26-4cb1-a997-97ac999d9dc1.jpg
2025-11-13 00:06:16 [http-nio-8088-exec-5] DEBUG c.g.c.controller.FileController - Downloading file: 358e5aef-6b26-4cb1-a997-97ac999d9dc1.jpg
2025-11-13 00:06:16 [http-nio-8088-exec-4] DEBUG o.s.security.web.FilterChainProxy - Securing GET /api/v1/categories
2025-11-13 00:06:16 [http-nio-8088-exec-9] DEBUG o.s.security.web.FilterChainProxy - Securing GET /api/v1/files/01377e1e-70ed-48ba-bd4a-6379aeff4856.jpg
2025-11-13 00:06:16 [http-nio-8088-exec-10] DEBUG o.s.security.web.FilterChainProxy - Securing GET /api/v1/files/399710fc-be76-468d-be99-161396dbd4a4.jpg
2025-11-13 00:06:16 [http-nio-8088-exec-9] DEBUG o.s.s.w.a.AnonymousAuthenticationFilter - Set SecurityContextHolder to anonymous SecurityContext
2025-11-13 00:06:16 [http-nio-8088-exec-10] DEBUG o.s.s.w.a.AnonymousAuthenticationFilter - Set SecurityContextHolder to anonymous SecurityContext
2025-11-13 00:06:16 [http-nio-8088-exec-9] DEBUG o.s.security.web.FilterChainProxy - Secured GET /api/v1/files/01377e1e-70ed-48ba-bd4a-6379aeff4856.jpg
2025-11-13 00:06:16 [http-nio-8088-exec-10] DEBUG o.s.security.web.FilterChainProxy - Secured GET /api/v1/files/399710fc-be76-468d-be99-161396dbd4a4.jpg
2025-11-13 00:06:16 [http-nio-8088-exec-9] DEBUG c.g.c.controller.FileController - Downloading file: 01377e1e-70ed-48ba-bd4a-6379aeff4856.jpg
2025-11-13 00:06:16 [http-nio-8088-exec-10] DEBUG c.g.c.controller.FileController - Downloading file: 399710fc-be76-468d-be99-161396dbd4a4.jpg
2025-11-13 00:06:16 [http-nio-8088-exec-7] DEBUG o.s.security.web.FilterChainProxy - Securing GET /api/v1/files/587ac1e2-1a65-4144-bbb7-faff4eac57bd.jpg
2025-11-13 00:06:16 [http-nio-8088-exec-7] DEBUG o.s.s.w.a.AnonymousAuthenticationFilter - Set SecurityContextHolder to anonymous SecurityContext
2025-11-13 00:06:16 [http-nio-8088-exec-7] DEBUG o.s.security.web.FilterChainProxy - Secured GET /api/v1/files/587ac1e2-1a65-4144-bbb7-faff4eac57bd.jpg
2025-11-13 00:06:16 [http-nio-8088-exec-7] DEBUG c.g.c.controller.FileController - Downloading file: 587ac1e2-1a65-4144-bbb7-faff4eac57bd.jpg
2025-11-13 00:06:16 [http-nio-8088-exec-3] DEBUG o.s.security.web.FilterChainProxy - Securing GET /api/v1/files/5f0d97d1-f3b4-431e-99dd-ad80499705ba.jpg
2025-11-13 00:06:16 [http-nio-8088-exec-3] DEBUG o.s.s.w.a.AnonymousAuthenticationFilter - Set SecurityContextHolder to anonymous SecurityContext
2025-11-13 00:06:16 [http-nio-8088-exec-5] DEBUG o.s.security.web.FilterChainProxy - Securing GET /api/v1/files/a10447e0-1a57-4b12-837d-218f6d3a6706.jpg
2025-11-13 00:06:16 [http-nio-8088-exec-6] DEBUG o.s.security.web.FilterChainProxy - Securing GET /api/v1/files/fc284af6-76c3-40fc-b6ab-245bf05af010.jpg
2025-11-13 00:06:16 [http-nio-8088-exec-6] DEBUG o.s.s.w.a.AnonymousAuthenticationFilter - Set SecurityContextHolder to anonymous SecurityContext
2025-11-13 00:06:16 [http-nio-8088-exec-6] DEBUG o.s.security.web.FilterChainProxy - Secured GET /api/v1/files/fc284af6-76c3-40fc-b6ab-245bf05af010.jpg
2025-11-13 00:06:16 [http-nio-8088-exec-6] DEBUG c.g.c.controller.FileController - Downloading file: fc284af6-76c3-40fc-b6ab-245bf05af010.jpg
2025-11-13 00:06:16 [http-nio-8088-exec-3] DEBUG o.s.security.web.FilterChainProxy - Secured GET /api/v1/files/5f0d97d1-f3b4-431e-99dd-ad80499705ba.jpg
2025-11-13 00:06:16 [http-nio-8088-exec-3] DEBUG c.g.c.controller.FileController - Downloading file: 5f0d97d1-f3b4-431e-99dd-ad80499705ba.jpg
2025-11-13 00:06:16 [http-nio-8088-exec-4] DEBUG org.hibernate.SQL - 
    select
        u1_0.id,
        u1_0.created_at,
        u1_0.email,
        u1_0.full_name,
        u1_0.password,
        u1_0.phone,
        u1_0.status,
        u1_0.updated_at,
        u1_0.username 
    from
        users u1_0 
    where
        u1_0.username=?
2025-11-13 00:06:16 [http-nio-8088-exec-8] DEBUG o.s.security.web.FilterChainProxy - Securing GET /api/v1/files/a7ad5fc9-6e6e-4d2d-bf7f-0925fb9237ec.jpg
2025-11-13 00:06:16 [http-nio-8088-exec-8] DEBUG o.s.s.w.a.AnonymousAuthenticationFilter - Set SecurityContextHolder to anonymous SecurityContext
2025-11-13 00:06:16 [http-nio-8088-exec-5] DEBUG o.s.s.w.a.AnonymousAuthenticationFilter - Set SecurityContextHolder to anonymous SecurityContext
2025-11-13 00:06:16 [http-nio-8088-exec-5] DEBUG o.s.security.web.FilterChainProxy - Secured GET /api/v1/files/a10447e0-1a57-4b12-837d-218f6d3a6706.jpg
2025-11-13 00:06:16 [http-nio-8088-exec-1] DEBUG o.s.security.web.FilterChainProxy - Securing GET /api/v1/files/76508bcc-516c-4520-b640-75df6df6a0ca.jpg
2025-11-13 00:06:16 [http-nio-8088-exec-1] DEBUG o.s.s.w.a.AnonymousAuthenticationFilter - Set SecurityContextHolder to anonymous SecurityContext
2025-11-13 00:06:16 [http-nio-8088-exec-1] DEBUG o.s.security.web.FilterChainProxy - Secured GET /api/v1/files/76508bcc-516c-4520-b640-75df6df6a0ca.jpg
2025-11-13 00:06:16 [http-nio-8088-exec-5] DEBUG c.g.c.controller.FileController - Downloading file: a10447e0-1a57-4b12-837d-218f6d3a6706.jpg
2025-11-13 00:06:16 [http-nio-8088-exec-8] DEBUG o.s.security.web.FilterChainProxy - Secured GET /api/v1/files/a7ad5fc9-6e6e-4d2d-bf7f-0925fb9237ec.jpg
2025-11-13 00:06:16 [http-nio-8088-exec-2] DEBUG o.s.security.web.FilterChainProxy - Securing GET /api/v1/files/3be6958d-8594-4f88-bf4a-caed30cc8686.jpg
2025-11-13 00:06:16 [http-nio-8088-exec-2] DEBUG o.s.s.w.a.AnonymousAuthenticationFilter - Set SecurityContextHolder to anonymous SecurityContext
2025-11-13 00:06:16 [http-nio-8088-exec-1] DEBUG c.g.c.controller.FileController - Downloading file: 76508bcc-516c-4520-b640-75df6df6a0ca.jpg
2025-11-13 00:06:16 [http-nio-8088-exec-7] DEBUG o.s.security.web.FilterChainProxy - Securing GET /api/v1/files/dc7eea7e-d955-4e82-947f-8f3a275d09c8.jpg
2025-11-13 00:06:16 [http-nio-8088-exec-7] DEBUG o.s.s.w.a.AnonymousAuthenticationFilter - Set SecurityContextHolder to anonymous SecurityContext
2025-11-13 00:06:16 [http-nio-8088-exec-7] DEBUG o.s.security.web.FilterChainProxy - Secured GET /api/v1/files/dc7eea7e-d955-4e82-947f-8f3a275d09c8.jpg
2025-11-13 00:06:16 [http-nio-8088-exec-7] DEBUG c.g.c.controller.FileController - Downloading file: dc7eea7e-d955-4e82-947f-8f3a275d09c8.jpg
2025-11-13 00:06:16 [http-nio-8088-exec-2] DEBUG o.s.security.web.FilterChainProxy - Secured GET /api/v1/files/3be6958d-8594-4f88-bf4a-caed30cc8686.jpg
2025-11-13 00:06:16 [http-nio-8088-exec-2] DEBUG c.g.c.controller.FileController - Downloading file: 3be6958d-8594-4f88-bf4a-caed30cc8686.jpg
2025-11-13 00:06:16 [http-nio-8088-exec-4] DEBUG org.hibernate.SQL - 
    select
        r1_0.user_id,
        r1_1.id,
        r1_1.name 
    from
        user_roles r1_0 
    join
        roles r1_1 
            on r1_1.id=r1_0.role_id 
    where
        r1_0.user_id=?
2025-11-13 00:06:16 [http-nio-8088-exec-8] DEBUG c.g.c.controller.FileController - Downloading file: a7ad5fc9-6e6e-4d2d-bf7f-0925fb9237ec.jpg
2025-11-13 00:06:16 [http-nio-8088-exec-10] DEBUG o.s.security.web.FilterChainProxy - Securing GET /api/v1/files/4b9dcaa8-0825-4ee8-badc-86529e305d2a.jpg
2025-11-13 00:06:16 [http-nio-8088-exec-9] DEBUG o.s.security.web.FilterChainProxy - Securing GET /api/v1/files/257f1822-ec96-40c8-850e-a304cffa37fd.jpg
2025-11-13 00:06:16 [http-nio-8088-exec-10] DEBUG o.s.s.w.a.AnonymousAuthenticationFilter - Set SecurityContextHolder to anonymous SecurityContext
2025-11-13 00:06:16 [http-nio-8088-exec-9] DEBUG o.s.s.w.a.AnonymousAuthenticationFilter - Set SecurityContextHolder to anonymous SecurityContext
2025-11-13 00:06:16 [http-nio-8088-exec-10] DEBUG o.s.security.web.FilterChainProxy - Secured GET /api/v1/files/4b9dcaa8-0825-4ee8-badc-86529e305d2a.jpg
2025-11-13 00:06:16 [http-nio-8088-exec-9] DEBUG o.s.security.web.FilterChainProxy - Secured GET /api/v1/files/257f1822-ec96-40c8-850e-a304cffa37fd.jpg
2025-11-13 00:06:16 [http-nio-8088-exec-9] DEBUG c.g.c.controller.FileController - Downloading file: 257f1822-ec96-40c8-850e-a304cffa37fd.jpg
2025-11-13 00:06:16 [http-nio-8088-exec-10] DEBUG c.g.c.controller.FileController - Downloading file: 4b9dcaa8-0825-4ee8-badc-86529e305d2a.jpg
2025-11-13 00:06:16 [http-nio-8088-exec-4] DEBUG o.s.security.web.FilterChainProxy - Secured GET /api/v1/categories
2025-11-13 00:06:16 [http-nio-8088-exec-4] DEBUG o.s.s.a.m.AuthorizationManagerBeforeMethodInterceptor - Authorizing method invocation ReflectiveMethodInvocation: public org.springframework.http.ResponseEntity com.giapho.coffee_shop_backend.controller.CategoryController.getAllCategories(); target is of class [com.giapho.coffee_shop_backend.controller.CategoryController]
2025-11-13 00:06:16 [http-nio-8088-exec-4] DEBUG o.s.s.a.m.AuthorizationManagerBeforeMethodInterceptor - Authorized method invocation ReflectiveMethodInvocation: public org.springframework.http.ResponseEntity com.giapho.coffee_shop_backend.controller.CategoryController.getAllCategories(); target is of class [com.giapho.coffee_shop_backend.controller.CategoryController]
2025-11-13 00:06:16 [http-nio-8088-exec-4] DEBUG org.hibernate.SQL - 
    select
        c1_0.id,
        c1_0.description,
        c1_0.name 
    from
        categories c1_0
2025-11-13 00:06:40 [http-nio-8088-exec-3] DEBUG o.s.security.web.FilterChainProxy - Securing POST /api/v1/orders
2025-11-13 00:06:40 [http-nio-8088-exec-3] DEBUG org.hibernate.SQL - 
    select
        u1_0.id,
        u1_0.created_at,
        u1_0.email,
        u1_0.full_name,
        u1_0.password,
        u1_0.phone,
        u1_0.status,
        u1_0.updated_at,
        u1_0.username 
    from
        users u1_0 
    where
        u1_0.username=?
2025-11-13 00:06:40 [http-nio-8088-exec-3] DEBUG org.hibernate.SQL - 
    select
        r1_0.user_id,
        r1_1.id,
        r1_1.name 
    from
        user_roles r1_0 
    join
        roles r1_1 
            on r1_1.id=r1_0.role_id 
    where
        r1_0.user_id=?
2025-11-13 00:06:40 [http-nio-8088-exec-3] DEBUG o.s.security.web.FilterChainProxy - Secured POST /api/v1/orders
2025-11-13 00:06:40 [http-nio-8088-exec-3] DEBUG o.s.s.a.m.AuthorizationManagerBeforeMethodInterceptor - Authorizing method invocation ReflectiveMethodInvocation: public org.springframework.http.ResponseEntity com.giapho.coffee_shop_backend.controller.OrderController.createOrder(com.giapho.coffee_shop_backend.dto.OrderCreateRequestDTO); target is of class [com.giapho.coffee_shop_backend.controller.OrderController]
2025-11-13 00:06:40 [http-nio-8088-exec-3] DEBUG o.s.s.a.m.AuthorizationManagerBeforeMethodInterceptor - Authorized method invocation ReflectiveMethodInvocation: public org.springframework.http.ResponseEntity com.giapho.coffee_shop_backend.controller.OrderController.createOrder(com.giapho.coffee_shop_backend.dto.OrderCreateRequestDTO); target is of class [com.giapho.coffee_shop_backend.controller.OrderController]
2025-11-13 00:06:40 [http-nio-8088-exec-3] DEBUG org.hibernate.SQL - 
    select
        u1_0.id,
        u1_0.created_at,
        u1_0.email,
        u1_0.full_name,
        u1_0.password,
        u1_0.phone,
        u1_0.status,
        u1_0.updated_at,
        u1_0.username 
    from
        users u1_0 
    where
        u1_0.username=?
2025-11-13 00:06:40 [http-nio-8088-exec-3] DEBUG org.hibernate.SQL - 
    select
        r1_0.user_id,
        r1_1.id,
        r1_1.name 
    from
        user_roles r1_0 
    join
        roles r1_1 
            on r1_1.id=r1_0.role_id 
    where
        r1_0.user_id=?
2025-11-13 00:06:40 [http-nio-8088-exec-3] INFO  c.g.c.service.OrderService - No customer associated with new order
2025-11-13 00:06:40 [http-nio-8088-exec-3] DEBUG org.hibernate.SQL - 
    select
        p1_0.id,
        p1_0.category_id,
        p1_0.code,
        p1_0.cost,
        p1_0.created_at,
        p1_0.description,
        p1_0.image_url,
        p1_0.is_available,
        p1_0.name,
        p1_0.price,
        p1_0.updated_at 
    from
        products p1_0 
    where
        p1_0.id=?
2025-11-13 00:06:40 [http-nio-8088-exec-3] DEBUG org.hibernate.SQL - 
    insert 
    into
        orders
        (voucher_id, table_id, created_at, customer_id, discount_amount, paid_at, payment_method, status, sub_total, total_amount, type, user_id, voucher_code) 
    values
        (?, ?, ?, ?, ?, ?, ?, ?, ?, ?, ?, ?, ?)
2025-11-13 00:06:40 [http-nio-8088-exec-3] DEBUG org.hibernate.SQL - 
    insert 
    into
        order_details
        (notes, order_id, price_at_order, product_id, quantity) 
    values
        (?, ?, ?, ?, ?)
2025-11-13 00:06:40 [http-nio-8088-exec-3] DEBUG org.hibernate.SQL - 
    select
        o1_0.id,
        o1_0.voucher_id,
        ct1_0.id,
        ct1_0.capacity,
        ct1_0.name,
        ct1_0.status,
        o1_0.created_at,
        c1_0.id,
        c1_0.created_at,
        c1_0.email,
        c1_0.full_name,
        c1_0.loyalty_points,
        c1_0.phone,
        c1_0.updated_at,
        o1_0.discount_amount,
        od1_0.order_id,
        od1_0.id,
        od1_0.notes,
        od1_0.price_at_order,
        od1_0.product_id,
        od1_0.quantity,
        o1_0.paid_at,
        o1_0.payment_method,
        o1_0.status,
        o1_0.sub_total,
        o1_0.total_amount,
        o1_0.type,
        o1_0.user_id,
        u1_0.id,
        u1_0.created_at,
        u1_0.email,
        u1_0.full_name,
        u1_0.password,
        u1_0.phone,
        u1_0.status,
        u1_0.updated_at,
        u1_0.username,
        o1_0.voucher_code 
    from
        orders o1_0 
    left join
        order_details od1_0 
            on o1_0.id=od1_0.order_id 
    left join
        tables ct1_0 
            on ct1_0.id=o1_0.table_id 
    left join
        users u1_0 
            on u1_0.id=o1_0.user_id 
    left join
        customers c1_0 
            on c1_0.id=o1_0.customer_id 
    where
        o1_0.id=?
2025-11-13 00:06:40 [http-nio-8088-exec-6] DEBUG o.s.security.web.FilterChainProxy - Securing GET /api/v1/tables
2025-11-13 00:06:40 [http-nio-8088-exec-6] DEBUG org.hibernate.SQL - 
    select
        u1_0.id,
        u1_0.created_at,
        u1_0.email,
        u1_0.full_name,
        u1_0.password,
        u1_0.phone,
        u1_0.status,
        u1_0.updated_at,
        u1_0.username 
    from
        users u1_0 
    where
        u1_0.username=?
2025-11-13 00:06:40 [http-nio-8088-exec-6] DEBUG org.hibernate.SQL - 
    select
        r1_0.user_id,
        r1_1.id,
        r1_1.name 
    from
        user_roles r1_0 
    join
        roles r1_1 
            on r1_1.id=r1_0.role_id 
    where
        r1_0.user_id=?
2025-11-13 00:06:40 [http-nio-8088-exec-6] DEBUG o.s.security.web.FilterChainProxy - Secured GET /api/v1/tables
2025-11-13 00:06:40 [http-nio-8088-exec-6] DEBUG o.s.s.a.m.AuthorizationManagerBeforeMethodInterceptor - Authorizing method invocation ReflectiveMethodInvocation: public org.springframework.http.ResponseEntity com.giapho.coffee_shop_backend.controller.CafeTableController.getAllTables(); target is of class [com.giapho.coffee_shop_backend.controller.CafeTableController]
2025-11-13 00:06:40 [http-nio-8088-exec-6] DEBUG o.s.s.a.m.AuthorizationManagerBeforeMethodInterceptor - Authorized method invocation ReflectiveMethodInvocation: public org.springframework.http.ResponseEntity com.giapho.coffee_shop_backend.controller.CafeTableController.getAllTables(); target is of class [com.giapho.coffee_shop_backend.controller.CafeTableController]
2025-11-13 00:06:40 [http-nio-8088-exec-6] DEBUG org.hibernate.SQL - 
    select
        ct1_0.id,
        ct1_0.capacity,
        ct1_0.name,
        ct1_0.status 
    from
        tables ct1_0
2025-11-13 00:06:41 [http-nio-8088-exec-1] DEBUG o.s.security.web.FilterChainProxy - Securing GET /api/v1/products?page=0&size=1000
2025-11-13 00:06:41 [http-nio-8088-exec-1] DEBUG org.hibernate.SQL - 
    select
        u1_0.id,
        u1_0.created_at,
        u1_0.email,
        u1_0.full_name,
        u1_0.password,
        u1_0.phone,
        u1_0.status,
        u1_0.updated_at,
        u1_0.username 
    from
        users u1_0 
    where
        u1_0.username=?
2025-11-13 00:06:41 [http-nio-8088-exec-1] DEBUG org.hibernate.SQL - 
    select
        r1_0.user_id,
        r1_1.id,
        r1_1.name 
    from
        user_roles r1_0 
    join
        roles r1_1 
            on r1_1.id=r1_0.role_id 
    where
        r1_0.user_id=?
2025-11-13 00:06:41 [http-nio-8088-exec-1] DEBUG o.s.security.web.FilterChainProxy - Secured GET /api/v1/products?page=0&size=1000
2025-11-13 00:06:41 [http-nio-8088-exec-1] DEBUG o.s.s.a.m.AuthorizationManagerBeforeMethodInterceptor - Authorizing method invocation ReflectiveMethodInvocation: public org.springframework.http.ResponseEntity com.giapho.coffee_shop_backend.controller.ProductController.getAllProducts(java.lang.String,java.lang.Long,org.springframework.data.domain.Pageable); target is of class [com.giapho.coffee_shop_backend.controller.ProductController]
2025-11-13 00:06:41 [http-nio-8088-exec-1] DEBUG o.s.s.a.m.AuthorizationManagerBeforeMethodInterceptor - Authorized method invocation ReflectiveMethodInvocation: public org.springframework.http.ResponseEntity com.giapho.coffee_shop_backend.controller.ProductController.getAllProducts(java.lang.String,java.lang.Long,org.springframework.data.domain.Pageable); target is of class [com.giapho.coffee_shop_backend.controller.ProductController]
2025-11-13 00:06:41 [http-nio-8088-exec-1] DEBUG org.hibernate.SQL - 
    select
        p1_0.id,
        p1_0.category_id,
        c1_0.id,
        c1_0.description,
        c1_0.name,
        p1_0.code,
        p1_0.cost,
        p1_0.created_at,
        p1_0.description,
        p1_0.image_url,
        p1_0.is_available,
        p1_0.name,
        p1_0.price,
        p1_0.updated_at 
    from
        products p1_0 
    join
        categories c1_0 
            on c1_0.id=p1_0.category_id 
    limit
        ?, ?
2025-11-13 00:06:41 [http-nio-8088-exec-7] DEBUG o.s.security.web.FilterChainProxy - Securing GET /api/v1/files/82b4818b-f0d2-4206-bfa5-298f7111d20c.jpg
2025-11-13 00:06:41 [http-nio-8088-exec-7] DEBUG o.s.s.w.a.AnonymousAuthenticationFilter - Set SecurityContextHolder to anonymous SecurityContext
2025-11-13 00:06:41 [http-nio-8088-exec-7] DEBUG o.s.security.web.FilterChainProxy - Secured GET /api/v1/files/82b4818b-f0d2-4206-bfa5-298f7111d20c.jpg
2025-11-13 00:06:41 [http-nio-8088-exec-7] DEBUG c.g.c.controller.FileController - Downloading file: 82b4818b-f0d2-4206-bfa5-298f7111d20c.jpg
2025-11-13 00:06:41 [http-nio-8088-exec-2] DEBUG o.s.security.web.FilterChainProxy - Securing GET /api/v1/files/b0fcea8f-74ab-4ff1-bd62-6557e0ccb1f2.jpg
2025-11-13 00:06:41 [http-nio-8088-exec-2] DEBUG o.s.s.w.a.AnonymousAuthenticationFilter - Set SecurityContextHolder to anonymous SecurityContext
2025-11-13 00:06:41 [http-nio-8088-exec-2] DEBUG o.s.security.web.FilterChainProxy - Secured GET /api/v1/files/b0fcea8f-74ab-4ff1-bd62-6557e0ccb1f2.jpg
2025-11-13 00:06:41 [http-nio-8088-exec-2] DEBUG c.g.c.controller.FileController - Downloading file: b0fcea8f-74ab-4ff1-bd62-6557e0ccb1f2.jpg
2025-11-13 00:06:41 [http-nio-8088-exec-10] DEBUG o.s.security.web.FilterChainProxy - Securing GET /api/v1/files/80cf5e3d-5d4c-4d1b-9e7d-0a0b8bfa00eb.jpg
2025-11-13 00:06:41 [http-nio-8088-exec-10] DEBUG o.s.s.w.a.AnonymousAuthenticationFilter - Set SecurityContextHolder to anonymous SecurityContext
2025-11-13 00:06:41 [http-nio-8088-exec-10] DEBUG o.s.security.web.FilterChainProxy - Secured GET /api/v1/files/80cf5e3d-5d4c-4d1b-9e7d-0a0b8bfa00eb.jpg
2025-11-13 00:06:41 [http-nio-8088-exec-8] DEBUG o.s.security.web.FilterChainProxy - Securing GET /api/v1/files/e267ade1-780a-4a34-adf1-ecb1b2948e21.jpg
2025-11-13 00:06:41 [http-nio-8088-exec-8] DEBUG o.s.s.w.a.AnonymousAuthenticationFilter - Set SecurityContextHolder to anonymous SecurityContext
2025-11-13 00:06:41 [http-nio-8088-exec-8] DEBUG o.s.security.web.FilterChainProxy - Secured GET /api/v1/files/e267ade1-780a-4a34-adf1-ecb1b2948e21.jpg
2025-11-13 00:06:41 [http-nio-8088-exec-10] DEBUG c.g.c.controller.FileController - Downloading file: 80cf5e3d-5d4c-4d1b-9e7d-0a0b8bfa00eb.jpg
2025-11-13 00:06:41 [http-nio-8088-exec-8] DEBUG c.g.c.controller.FileController - Downloading file: e267ade1-780a-4a34-adf1-ecb1b2948e21.jpg
2025-11-13 00:06:41 [http-nio-8088-exec-9] DEBUG o.s.security.web.FilterChainProxy - Securing GET /api/v1/files/358e5aef-6b26-4cb1-a997-97ac999d9dc1.jpg
2025-11-13 00:06:41 [http-nio-8088-exec-9] DEBUG o.s.s.w.a.AnonymousAuthenticationFilter - Set SecurityContextHolder to anonymous SecurityContext
2025-11-13 00:06:41 [http-nio-8088-exec-9] DEBUG o.s.security.web.FilterChainProxy - Secured GET /api/v1/files/358e5aef-6b26-4cb1-a997-97ac999d9dc1.jpg
2025-11-13 00:06:41 [http-nio-8088-exec-9] DEBUG c.g.c.controller.FileController - Downloading file: 358e5aef-6b26-4cb1-a997-97ac999d9dc1.jpg
2025-11-13 00:06:41 [http-nio-8088-exec-5] DEBUG o.s.security.web.FilterChainProxy - Securing GET /api/v1/files/56de7c12-082e-4eb3-b6cb-d84d8cc38775.jpg
2025-11-13 00:06:41 [http-nio-8088-exec-5] DEBUG o.s.s.w.a.AnonymousAuthenticationFilter - Set SecurityContextHolder to anonymous SecurityContext
2025-11-13 00:06:41 [http-nio-8088-exec-5] DEBUG o.s.security.web.FilterChainProxy - Secured GET /api/v1/files/56de7c12-082e-4eb3-b6cb-d84d8cc38775.jpg
2025-11-13 00:06:41 [http-nio-8088-exec-4] DEBUG o.s.security.web.FilterChainProxy - Securing GET /api/v1/categories
2025-11-13 00:06:41 [http-nio-8088-exec-5] DEBUG c.g.c.controller.FileController - Downloading file: 56de7c12-082e-4eb3-b6cb-d84d8cc38775.jpg
2025-11-13 00:06:41 [http-nio-8088-exec-3] DEBUG o.s.security.web.FilterChainProxy - Securing GET /api/v1/files/a10447e0-1a57-4b12-837d-218f6d3a6706.jpg
2025-11-13 00:06:41 [http-nio-8088-exec-3] DEBUG o.s.s.w.a.AnonymousAuthenticationFilter - Set SecurityContextHolder to anonymous SecurityContext
2025-11-13 00:06:41 [http-nio-8088-exec-3] DEBUG o.s.security.web.FilterChainProxy - Secured GET /api/v1/files/a10447e0-1a57-4b12-837d-218f6d3a6706.jpg
2025-11-13 00:06:41 [http-nio-8088-exec-6] DEBUG o.s.security.web.FilterChainProxy - Securing GET /api/v1/files/01377e1e-70ed-48ba-bd4a-6379aeff4856.jpg
2025-11-13 00:06:41 [http-nio-8088-exec-6] DEBUG o.s.s.w.a.AnonymousAuthenticationFilter - Set SecurityContextHolder to anonymous SecurityContext
2025-11-13 00:06:41 [http-nio-8088-exec-6] DEBUG o.s.security.web.FilterChainProxy - Secured GET /api/v1/files/01377e1e-70ed-48ba-bd4a-6379aeff4856.jpg
2025-11-13 00:06:41 [http-nio-8088-exec-3] DEBUG c.g.c.controller.FileController - Downloading file: a10447e0-1a57-4b12-837d-218f6d3a6706.jpg
2025-11-13 00:06:41 [http-nio-8088-exec-6] DEBUG c.g.c.controller.FileController - Downloading file: 01377e1e-70ed-48ba-bd4a-6379aeff4856.jpg
2025-11-13 00:06:41 [http-nio-8088-exec-5] DEBUG o.s.security.web.FilterChainProxy - Securing GET /api/v1/files/587ac1e2-1a65-4144-bbb7-faff4eac57bd.jpg
2025-11-13 00:06:41 [http-nio-8088-exec-5] DEBUG o.s.s.w.a.AnonymousAuthenticationFilter - Set SecurityContextHolder to anonymous SecurityContext
2025-11-13 00:06:41 [http-nio-8088-exec-5] DEBUG o.s.security.web.FilterChainProxy - Secured GET /api/v1/files/587ac1e2-1a65-4144-bbb7-faff4eac57bd.jpg
2025-11-13 00:06:41 [http-nio-8088-exec-9] DEBUG o.s.security.web.FilterChainProxy - Securing GET /api/v1/files/fc284af6-76c3-40fc-b6ab-245bf05af010.jpg
2025-11-13 00:06:41 [http-nio-8088-exec-9] DEBUG o.s.s.w.a.AnonymousAuthenticationFilter - Set SecurityContextHolder to anonymous SecurityContext
2025-11-13 00:06:41 [http-nio-8088-exec-9] DEBUG o.s.security.web.FilterChainProxy - Secured GET /api/v1/files/fc284af6-76c3-40fc-b6ab-245bf05af010.jpg
2025-11-13 00:06:41 [http-nio-8088-exec-1] DEBUG o.s.security.web.FilterChainProxy - Securing GET /api/v1/files/399710fc-be76-468d-be99-161396dbd4a4.jpg
2025-11-13 00:06:41 [http-nio-8088-exec-1] DEBUG o.s.s.w.a.AnonymousAuthenticationFilter - Set SecurityContextHolder to anonymous SecurityContext
2025-11-13 00:06:41 [http-nio-8088-exec-7] DEBUG o.s.security.web.FilterChainProxy - Securing GET /api/v1/files/76508bcc-516c-4520-b640-75df6df6a0ca.jpg
2025-11-13 00:06:41 [http-nio-8088-exec-7] DEBUG o.s.s.w.a.AnonymousAuthenticationFilter - Set SecurityContextHolder to anonymous SecurityContext
2025-11-13 00:06:41 [http-nio-8088-exec-1] DEBUG o.s.security.web.FilterChainProxy - Secured GET /api/v1/files/399710fc-be76-468d-be99-161396dbd4a4.jpg
2025-11-13 00:06:41 [http-nio-8088-exec-9] DEBUG c.g.c.controller.FileController - Downloading file: fc284af6-76c3-40fc-b6ab-245bf05af010.jpg
2025-11-13 00:06:41 [http-nio-8088-exec-5] DEBUG c.g.c.controller.FileController - Downloading file: 587ac1e2-1a65-4144-bbb7-faff4eac57bd.jpg
2025-11-13 00:06:41 [http-nio-8088-exec-7] DEBUG o.s.security.web.FilterChainProxy - Secured GET /api/v1/files/76508bcc-516c-4520-b640-75df6df6a0ca.jpg
2025-11-13 00:06:41 [http-nio-8088-exec-1] DEBUG c.g.c.controller.FileController - Downloading file: 399710fc-be76-468d-be99-161396dbd4a4.jpg
2025-11-13 00:06:41 [http-nio-8088-exec-2] DEBUG o.s.security.web.FilterChainProxy - Securing GET /api/v1/files/5f0d97d1-f3b4-431e-99dd-ad80499705ba.jpg
2025-11-13 00:06:41 [http-nio-8088-exec-7] DEBUG c.g.c.controller.FileController - Downloading file: 76508bcc-516c-4520-b640-75df6df6a0ca.jpg
2025-11-13 00:06:41 [http-nio-8088-exec-2] DEBUG o.s.s.w.a.AnonymousAuthenticationFilter - Set SecurityContextHolder to anonymous SecurityContext
2025-11-13 00:06:41 [http-nio-8088-exec-2] DEBUG o.s.security.web.FilterChainProxy - Secured GET /api/v1/files/5f0d97d1-f3b4-431e-99dd-ad80499705ba.jpg
2025-11-13 00:06:41 [http-nio-8088-exec-2] DEBUG c.g.c.controller.FileController - Downloading file: 5f0d97d1-f3b4-431e-99dd-ad80499705ba.jpg
2025-11-13 00:06:41 [http-nio-8088-exec-10] DEBUG o.s.security.web.FilterChainProxy - Securing GET /api/v1/files/a7ad5fc9-6e6e-4d2d-bf7f-0925fb9237ec.jpg
2025-11-13 00:06:41 [http-nio-8088-exec-10] DEBUG o.s.s.w.a.AnonymousAuthenticationFilter - Set SecurityContextHolder to anonymous SecurityContext
2025-11-13 00:06:41 [http-nio-8088-exec-4] DEBUG org.hibernate.SQL - 
    select
        u1_0.id,
        u1_0.created_at,
        u1_0.email,
        u1_0.full_name,
        u1_0.password,
        u1_0.phone,
        u1_0.status,
        u1_0.updated_at,
        u1_0.username 
    from
        users u1_0 
    where
        u1_0.username=?
2025-11-13 00:06:41 [http-nio-8088-exec-10] DEBUG o.s.security.web.FilterChainProxy - Secured GET /api/v1/files/a7ad5fc9-6e6e-4d2d-bf7f-0925fb9237ec.jpg
2025-11-13 00:06:41 [http-nio-8088-exec-10] DEBUG c.g.c.controller.FileController - Downloading file: a7ad5fc9-6e6e-4d2d-bf7f-0925fb9237ec.jpg
2025-11-13 00:06:41 [http-nio-8088-exec-8] DEBUG o.s.security.web.FilterChainProxy - Securing GET /api/v1/files/dc7eea7e-d955-4e82-947f-8f3a275d09c8.jpg
2025-11-13 00:06:41 [http-nio-8088-exec-4] DEBUG org.hibernate.SQL - 
    select
        r1_0.user_id,
        r1_1.id,
        r1_1.name 
    from
        user_roles r1_0 
    join
        roles r1_1 
            on r1_1.id=r1_0.role_id 
    where
        r1_0.user_id=?
2025-11-13 00:06:41 [http-nio-8088-exec-8] DEBUG o.s.s.w.a.AnonymousAuthenticationFilter - Set SecurityContextHolder to anonymous SecurityContext
2025-11-13 00:06:41 [http-nio-8088-exec-8] DEBUG o.s.security.web.FilterChainProxy - Secured GET /api/v1/files/dc7eea7e-d955-4e82-947f-8f3a275d09c8.jpg
2025-11-13 00:06:41 [http-nio-8088-exec-8] DEBUG c.g.c.controller.FileController - Downloading file: dc7eea7e-d955-4e82-947f-8f3a275d09c8.jpg
2025-11-13 00:06:41 [http-nio-8088-exec-6] DEBUG o.s.security.web.FilterChainProxy - Securing GET /api/v1/files/4b9dcaa8-0825-4ee8-badc-86529e305d2a.jpg
2025-11-13 00:06:41 [http-nio-8088-exec-6] DEBUG o.s.s.w.a.AnonymousAuthenticationFilter - Set SecurityContextHolder to anonymous SecurityContext
2025-11-13 00:06:41 [http-nio-8088-exec-6] DEBUG o.s.security.web.FilterChainProxy - Secured GET /api/v1/files/4b9dcaa8-0825-4ee8-badc-86529e305d2a.jpg
2025-11-13 00:06:41 [http-nio-8088-exec-6] DEBUG c.g.c.controller.FileController - Downloading file: 4b9dcaa8-0825-4ee8-badc-86529e305d2a.jpg
2025-11-13 00:06:41 [http-nio-8088-exec-3] DEBUG o.s.security.web.FilterChainProxy - Securing GET /api/v1/files/257f1822-ec96-40c8-850e-a304cffa37fd.jpg
2025-11-13 00:06:41 [http-nio-8088-exec-3] DEBUG o.s.s.w.a.AnonymousAuthenticationFilter - Set SecurityContextHolder to anonymous SecurityContext
2025-11-13 00:06:41 [http-nio-8088-exec-3] DEBUG o.s.security.web.FilterChainProxy - Secured GET /api/v1/files/257f1822-ec96-40c8-850e-a304cffa37fd.jpg
2025-11-13 00:06:41 [http-nio-8088-exec-3] DEBUG c.g.c.controller.FileController - Downloading file: 257f1822-ec96-40c8-850e-a304cffa37fd.jpg
2025-11-13 00:06:41 [http-nio-8088-exec-1] DEBUG o.s.security.web.FilterChainProxy - Securing GET /api/v1/files/3be6958d-8594-4f88-bf4a-caed30cc8686.jpg
2025-11-13 00:06:41 [http-nio-8088-exec-1] DEBUG o.s.s.w.a.AnonymousAuthenticationFilter - Set SecurityContextHolder to anonymous SecurityContext
2025-11-13 00:06:41 [http-nio-8088-exec-1] DEBUG o.s.security.web.FilterChainProxy - Secured GET /api/v1/files/3be6958d-8594-4f88-bf4a-caed30cc8686.jpg
2025-11-13 00:06:41 [http-nio-8088-exec-1] DEBUG c.g.c.controller.FileController - Downloading file: 3be6958d-8594-4f88-bf4a-caed30cc8686.jpg
2025-11-13 00:06:41 [http-nio-8088-exec-4] DEBUG o.s.security.web.FilterChainProxy - Secured GET /api/v1/categories
2025-11-13 00:06:41 [http-nio-8088-exec-4] DEBUG o.s.s.a.m.AuthorizationManagerBeforeMethodInterceptor - Authorizing method invocation ReflectiveMethodInvocation: public org.springframework.http.ResponseEntity com.giapho.coffee_shop_backend.controller.CategoryController.getAllCategories(); target is of class [com.giapho.coffee_shop_backend.controller.CategoryController]
2025-11-13 00:06:41 [http-nio-8088-exec-4] DEBUG o.s.s.a.m.AuthorizationManagerBeforeMethodInterceptor - Authorized method invocation ReflectiveMethodInvocation: public org.springframework.http.ResponseEntity com.giapho.coffee_shop_backend.controller.CategoryController.getAllCategories(); target is of class [com.giapho.coffee_shop_backend.controller.CategoryController]
2025-11-13 00:06:41 [http-nio-8088-exec-4] DEBUG org.hibernate.SQL - 
    select
        c1_0.id,
        c1_0.description,
        c1_0.name 
    from
        categories c1_0
2025-11-13 00:07:35 [http-nio-8088-exec-2] DEBUG o.s.security.web.FilterChainProxy - Securing GET /api/v1/tables
2025-11-13 00:07:35 [http-nio-8088-exec-2] DEBUG org.hibernate.SQL - 
    select
        u1_0.id,
        u1_0.created_at,
        u1_0.email,
        u1_0.full_name,
        u1_0.password,
        u1_0.phone,
        u1_0.status,
        u1_0.updated_at,
        u1_0.username 
    from
        users u1_0 
    where
        u1_0.username=?
2025-11-13 00:07:35 [http-nio-8088-exec-2] DEBUG org.hibernate.SQL - 
    select
        r1_0.user_id,
        r1_1.id,
        r1_1.name 
    from
        user_roles r1_0 
    join
        roles r1_1 
            on r1_1.id=r1_0.role_id 
    where
        r1_0.user_id=?
2025-11-13 00:07:35 [http-nio-8088-exec-2] DEBUG o.s.security.web.FilterChainProxy - Secured GET /api/v1/tables
2025-11-13 00:07:35 [http-nio-8088-exec-2] DEBUG o.s.s.a.m.AuthorizationManagerBeforeMethodInterceptor - Authorizing method invocation ReflectiveMethodInvocation: public org.springframework.http.ResponseEntity com.giapho.coffee_shop_backend.controller.CafeTableController.getAllTables(); target is of class [com.giapho.coffee_shop_backend.controller.CafeTableController]
2025-11-13 00:07:35 [http-nio-8088-exec-2] DEBUG o.s.s.a.m.AuthorizationManagerBeforeMethodInterceptor - Authorized method invocation ReflectiveMethodInvocation: public org.springframework.http.ResponseEntity com.giapho.coffee_shop_backend.controller.CafeTableController.getAllTables(); target is of class [com.giapho.coffee_shop_backend.controller.CafeTableController]
2025-11-13 00:07:35 [http-nio-8088-exec-2] DEBUG org.hibernate.SQL - 
    select
        ct1_0.id,
        ct1_0.capacity,
        ct1_0.name,
        ct1_0.status 
    from
        tables ct1_0
2025-11-13 00:08:04 [http-nio-8088-exec-4] DEBUG o.s.security.web.FilterChainProxy - Securing POST /api/v1/orders
2025-11-13 00:08:04 [http-nio-8088-exec-4] DEBUG org.hibernate.SQL - 
    select
        u1_0.id,
        u1_0.created_at,
        u1_0.email,
        u1_0.full_name,
        u1_0.password,
        u1_0.phone,
        u1_0.status,
        u1_0.updated_at,
        u1_0.username 
    from
        users u1_0 
    where
        u1_0.username=?
2025-11-13 00:08:04 [http-nio-8088-exec-4] DEBUG org.hibernate.SQL - 
    select
        r1_0.user_id,
        r1_1.id,
        r1_1.name 
    from
        user_roles r1_0 
    join
        roles r1_1 
            on r1_1.id=r1_0.role_id 
    where
        r1_0.user_id=?
2025-11-13 00:08:04 [http-nio-8088-exec-4] DEBUG o.s.security.web.FilterChainProxy - Secured POST /api/v1/orders
2025-11-13 00:08:04 [http-nio-8088-exec-4] DEBUG o.s.s.a.m.AuthorizationManagerBeforeMethodInterceptor - Authorizing method invocation ReflectiveMethodInvocation: public org.springframework.http.ResponseEntity com.giapho.coffee_shop_backend.controller.OrderController.createOrder(com.giapho.coffee_shop_backend.dto.OrderCreateRequestDTO); target is of class [com.giapho.coffee_shop_backend.controller.OrderController]
2025-11-13 00:08:04 [http-nio-8088-exec-4] DEBUG o.s.s.a.m.AuthorizationManagerBeforeMethodInterceptor - Authorized method invocation ReflectiveMethodInvocation: public org.springframework.http.ResponseEntity com.giapho.coffee_shop_backend.controller.OrderController.createOrder(com.giapho.coffee_shop_backend.dto.OrderCreateRequestDTO); target is of class [com.giapho.coffee_shop_backend.controller.OrderController]
2025-11-13 00:08:04 [http-nio-8088-exec-4] DEBUG org.hibernate.SQL - 
    select
        u1_0.id,
        u1_0.created_at,
        u1_0.email,
        u1_0.full_name,
        u1_0.password,
        u1_0.phone,
        u1_0.status,
        u1_0.updated_at,
        u1_0.username 
    from
        users u1_0 
    where
        u1_0.username=?
2025-11-13 00:08:04 [http-nio-8088-exec-4] DEBUG org.hibernate.SQL - 
    select
        r1_0.user_id,
        r1_1.id,
        r1_1.name 
    from
        user_roles r1_0 
    join
        roles r1_1 
            on r1_1.id=r1_0.role_id 
    where
        r1_0.user_id=?
2025-11-13 00:08:04 [http-nio-8088-exec-4] INFO  c.g.c.service.OrderService - No customer associated with new order
2025-11-13 00:08:04 [http-nio-8088-exec-4] DEBUG org.hibernate.SQL - 
    select
        p1_0.id,
        p1_0.category_id,
        p1_0.code,
        p1_0.cost,
        p1_0.created_at,
        p1_0.description,
        p1_0.image_url,
        p1_0.is_available,
        p1_0.name,
        p1_0.price,
        p1_0.updated_at 
    from
        products p1_0 
    where
        p1_0.id=?
2025-11-13 00:08:04 [http-nio-8088-exec-4] DEBUG org.hibernate.SQL - 
    insert 
    into
        orders
        (voucher_id, table_id, created_at, customer_id, discount_amount, paid_at, payment_method, status, sub_total, total_amount, type, user_id, voucher_code) 
    values
        (?, ?, ?, ?, ?, ?, ?, ?, ?, ?, ?, ?, ?)
2025-11-13 00:08:04 [http-nio-8088-exec-4] DEBUG org.hibernate.SQL - 
    insert 
    into
        order_details
        (notes, order_id, price_at_order, product_id, quantity) 
    values
        (?, ?, ?, ?, ?)
2025-11-13 00:08:04 [http-nio-8088-exec-4] DEBUG org.hibernate.SQL - 
    select
        o1_0.id,
        o1_0.voucher_id,
        ct1_0.id,
        ct1_0.capacity,
        ct1_0.name,
        ct1_0.status,
        o1_0.created_at,
        c1_0.id,
        c1_0.created_at,
        c1_0.email,
        c1_0.full_name,
        c1_0.loyalty_points,
        c1_0.phone,
        c1_0.updated_at,
        o1_0.discount_amount,
        od1_0.order_id,
        od1_0.id,
        od1_0.notes,
        od1_0.price_at_order,
        od1_0.product_id,
        od1_0.quantity,
        o1_0.paid_at,
        o1_0.payment_method,
        o1_0.status,
        o1_0.sub_total,
        o1_0.total_amount,
        o1_0.type,
        o1_0.user_id,
        u1_0.id,
        u1_0.created_at,
        u1_0.email,
        u1_0.full_name,
        u1_0.password,
        u1_0.phone,
        u1_0.status,
        u1_0.updated_at,
        u1_0.username,
        o1_0.voucher_code 
    from
        orders o1_0 
    left join
        order_details od1_0 
            on o1_0.id=od1_0.order_id 
    left join
        tables ct1_0 
            on ct1_0.id=o1_0.table_id 
    left join
        users u1_0 
            on u1_0.id=o1_0.user_id 
    left join
        customers c1_0 
            on c1_0.id=o1_0.customer_id 
    where
        o1_0.id=?
2025-11-13 00:08:04 [http-nio-8088-exec-5] DEBUG o.s.security.web.FilterChainProxy - Securing GET /api/v1/tables
2025-11-13 00:08:04 [http-nio-8088-exec-5] DEBUG org.hibernate.SQL - 
    select
        u1_0.id,
        u1_0.created_at,
        u1_0.email,
        u1_0.full_name,
        u1_0.password,
        u1_0.phone,
        u1_0.status,
        u1_0.updated_at,
        u1_0.username 
    from
        users u1_0 
    where
        u1_0.username=?
2025-11-13 00:08:04 [http-nio-8088-exec-5] DEBUG org.hibernate.SQL - 
    select
        r1_0.user_id,
        r1_1.id,
        r1_1.name 
    from
        user_roles r1_0 
    join
        roles r1_1 
            on r1_1.id=r1_0.role_id 
    where
        r1_0.user_id=?
2025-11-13 00:08:04 [http-nio-8088-exec-5] DEBUG o.s.security.web.FilterChainProxy - Secured GET /api/v1/tables
2025-11-13 00:08:04 [http-nio-8088-exec-5] DEBUG o.s.s.a.m.AuthorizationManagerBeforeMethodInterceptor - Authorizing method invocation ReflectiveMethodInvocation: public org.springframework.http.ResponseEntity com.giapho.coffee_shop_backend.controller.CafeTableController.getAllTables(); target is of class [com.giapho.coffee_shop_backend.controller.CafeTableController]
2025-11-13 00:08:04 [http-nio-8088-exec-5] DEBUG o.s.s.a.m.AuthorizationManagerBeforeMethodInterceptor - Authorized method invocation ReflectiveMethodInvocation: public org.springframework.http.ResponseEntity com.giapho.coffee_shop_backend.controller.CafeTableController.getAllTables(); target is of class [com.giapho.coffee_shop_backend.controller.CafeTableController]
2025-11-13 00:08:04 [http-nio-8088-exec-5] DEBUG org.hibernate.SQL - 
    select
        ct1_0.id,
        ct1_0.capacity,
        ct1_0.name,
        ct1_0.status 
    from
        tables ct1_0
2025-11-13 00:08:04 [http-nio-8088-exec-9] DEBUG o.s.security.web.FilterChainProxy - Securing GET /api/v1/products?page=0&size=1000
2025-11-13 00:08:04 [http-nio-8088-exec-9] DEBUG org.hibernate.SQL - 
    select
        u1_0.id,
        u1_0.created_at,
        u1_0.email,
        u1_0.full_name,
        u1_0.password,
        u1_0.phone,
        u1_0.status,
        u1_0.updated_at,
        u1_0.username 
    from
        users u1_0 
    where
        u1_0.username=?
2025-11-13 00:08:04 [http-nio-8088-exec-9] DEBUG org.hibernate.SQL - 
    select
        r1_0.user_id,
        r1_1.id,
        r1_1.name 
    from
        user_roles r1_0 
    join
        roles r1_1 
            on r1_1.id=r1_0.role_id 
    where
        r1_0.user_id=?
2025-11-13 00:08:04 [http-nio-8088-exec-9] DEBUG o.s.security.web.FilterChainProxy - Secured GET /api/v1/products?page=0&size=1000
2025-11-13 00:08:04 [http-nio-8088-exec-9] DEBUG o.s.s.a.m.AuthorizationManagerBeforeMethodInterceptor - Authorizing method invocation ReflectiveMethodInvocation: public org.springframework.http.ResponseEntity com.giapho.coffee_shop_backend.controller.ProductController.getAllProducts(java.lang.String,java.lang.Long,org.springframework.data.domain.Pageable); target is of class [com.giapho.coffee_shop_backend.controller.ProductController]
2025-11-13 00:08:04 [http-nio-8088-exec-9] DEBUG o.s.s.a.m.AuthorizationManagerBeforeMethodInterceptor - Authorized method invocation ReflectiveMethodInvocation: public org.springframework.http.ResponseEntity com.giapho.coffee_shop_backend.controller.ProductController.getAllProducts(java.lang.String,java.lang.Long,org.springframework.data.domain.Pageable); target is of class [com.giapho.coffee_shop_backend.controller.ProductController]
2025-11-13 00:08:04 [http-nio-8088-exec-9] DEBUG org.hibernate.SQL - 
    select
        p1_0.id,
        p1_0.category_id,
        c1_0.id,
        c1_0.description,
        c1_0.name,
        p1_0.code,
        p1_0.cost,
        p1_0.created_at,
        p1_0.description,
        p1_0.image_url,
        p1_0.is_available,
        p1_0.name,
        p1_0.price,
        p1_0.updated_at 
    from
        products p1_0 
    join
        categories c1_0 
            on c1_0.id=p1_0.category_id 
    limit
        ?, ?
2025-11-13 00:08:04 [http-nio-8088-exec-2] DEBUG o.s.security.web.FilterChainProxy - Securing GET /api/v1/files/82b4818b-f0d2-4206-bfa5-298f7111d20c.jpg
2025-11-13 00:08:04 [http-nio-8088-exec-8] DEBUG o.s.security.web.FilterChainProxy - Securing GET /api/v1/files/56de7c12-082e-4eb3-b6cb-d84d8cc38775.jpg
2025-11-13 00:08:04 [http-nio-8088-exec-2] DEBUG o.s.s.w.a.AnonymousAuthenticationFilter - Set SecurityContextHolder to anonymous SecurityContext
2025-11-13 00:08:04 [http-nio-8088-exec-8] DEBUG o.s.s.w.a.AnonymousAuthenticationFilter - Set SecurityContextHolder to anonymous SecurityContext
2025-11-13 00:08:04 [http-nio-8088-exec-8] DEBUG o.s.security.web.FilterChainProxy - Secured GET /api/v1/files/56de7c12-082e-4eb3-b6cb-d84d8cc38775.jpg
2025-11-13 00:08:04 [http-nio-8088-exec-2] DEBUG o.s.security.web.FilterChainProxy - Secured GET /api/v1/files/82b4818b-f0d2-4206-bfa5-298f7111d20c.jpg
2025-11-13 00:08:04 [http-nio-8088-exec-2] DEBUG c.g.c.controller.FileController - Downloading file: 82b4818b-f0d2-4206-bfa5-298f7111d20c.jpg
2025-11-13 00:08:04 [http-nio-8088-exec-8] DEBUG c.g.c.controller.FileController - Downloading file: 56de7c12-082e-4eb3-b6cb-d84d8cc38775.jpg
2025-11-13 00:08:04 [http-nio-8088-exec-6] DEBUG o.s.security.web.FilterChainProxy - Securing GET /api/v1/files/b0fcea8f-74ab-4ff1-bd62-6557e0ccb1f2.jpg
2025-11-13 00:08:04 [http-nio-8088-exec-6] DEBUG o.s.s.w.a.AnonymousAuthenticationFilter - Set SecurityContextHolder to anonymous SecurityContext
2025-11-13 00:08:04 [http-nio-8088-exec-7] DEBUG o.s.security.web.FilterChainProxy - Securing GET /api/v1/files/358e5aef-6b26-4cb1-a997-97ac999d9dc1.jpg
2025-11-13 00:08:04 [http-nio-8088-exec-3] DEBUG o.s.security.web.FilterChainProxy - Securing GET /api/v1/files/e267ade1-780a-4a34-adf1-ecb1b2948e21.jpg
2025-11-13 00:08:04 [http-nio-8088-exec-7] DEBUG o.s.s.w.a.AnonymousAuthenticationFilter - Set SecurityContextHolder to anonymous SecurityContext
2025-11-13 00:08:04 [http-nio-8088-exec-3] DEBUG o.s.s.w.a.AnonymousAuthenticationFilter - Set SecurityContextHolder to anonymous SecurityContext
2025-11-13 00:08:04 [http-nio-8088-exec-7] DEBUG o.s.security.web.FilterChainProxy - Secured GET /api/v1/files/358e5aef-6b26-4cb1-a997-97ac999d9dc1.jpg
2025-11-13 00:08:04 [http-nio-8088-exec-3] DEBUG o.s.security.web.FilterChainProxy - Secured GET /api/v1/files/e267ade1-780a-4a34-adf1-ecb1b2948e21.jpg
2025-11-13 00:08:04 [http-nio-8088-exec-6] DEBUG o.s.security.web.FilterChainProxy - Secured GET /api/v1/files/b0fcea8f-74ab-4ff1-bd62-6557e0ccb1f2.jpg
2025-11-13 00:08:04 [http-nio-8088-exec-7] DEBUG c.g.c.controller.FileController - Downloading file: 358e5aef-6b26-4cb1-a997-97ac999d9dc1.jpg
2025-11-13 00:08:04 [http-nio-8088-exec-3] DEBUG c.g.c.controller.FileController - Downloading file: e267ade1-780a-4a34-adf1-ecb1b2948e21.jpg
2025-11-13 00:08:04 [http-nio-8088-exec-6] DEBUG c.g.c.controller.FileController - Downloading file: b0fcea8f-74ab-4ff1-bd62-6557e0ccb1f2.jpg
2025-11-13 00:08:04 [http-nio-8088-exec-10] DEBUG o.s.security.web.FilterChainProxy - Securing GET /api/v1/files/587ac1e2-1a65-4144-bbb7-faff4eac57bd.jpg
2025-11-13 00:08:04 [http-nio-8088-exec-10] DEBUG o.s.s.w.a.AnonymousAuthenticationFilter - Set SecurityContextHolder to anonymous SecurityContext
2025-11-13 00:08:04 [http-nio-8088-exec-10] DEBUG o.s.security.web.FilterChainProxy - Secured GET /api/v1/files/587ac1e2-1a65-4144-bbb7-faff4eac57bd.jpg
2025-11-13 00:08:04 [http-nio-8088-exec-10] DEBUG c.g.c.controller.FileController - Downloading file: 587ac1e2-1a65-4144-bbb7-faff4eac57bd.jpg
2025-11-13 00:08:04 [http-nio-8088-exec-4] DEBUG o.s.security.web.FilterChainProxy - Securing GET /api/v1/categories
2025-11-13 00:08:04 [http-nio-8088-exec-5] DEBUG o.s.security.web.FilterChainProxy - Securing GET /api/v1/files/01377e1e-70ed-48ba-bd4a-6379aeff4856.jpg
2025-11-13 00:08:04 [http-nio-8088-exec-5] DEBUG o.s.s.w.a.AnonymousAuthenticationFilter - Set SecurityContextHolder to anonymous SecurityContext
2025-11-13 00:08:04 [http-nio-8088-exec-5] DEBUG o.s.security.web.FilterChainProxy - Secured GET /api/v1/files/01377e1e-70ed-48ba-bd4a-6379aeff4856.jpg
2025-11-13 00:08:04 [http-nio-8088-exec-5] DEBUG c.g.c.controller.FileController - Downloading file: 01377e1e-70ed-48ba-bd4a-6379aeff4856.jpg
2025-11-13 00:08:04 [http-nio-8088-exec-2] DEBUG o.s.security.web.FilterChainProxy - Securing GET /api/v1/files/fc284af6-76c3-40fc-b6ab-245bf05af010.jpg
2025-11-13 00:08:04 [http-nio-8088-exec-2] DEBUG o.s.s.w.a.AnonymousAuthenticationFilter - Set SecurityContextHolder to anonymous SecurityContext
2025-11-13 00:08:04 [http-nio-8088-exec-2] DEBUG o.s.security.web.FilterChainProxy - Secured GET /api/v1/files/fc284af6-76c3-40fc-b6ab-245bf05af010.jpg
2025-11-13 00:08:04 [http-nio-8088-exec-2] DEBUG c.g.c.controller.FileController - Downloading file: fc284af6-76c3-40fc-b6ab-245bf05af010.jpg
2025-11-13 00:08:04 [http-nio-8088-exec-9] DEBUG o.s.security.web.FilterChainProxy - Securing GET /api/v1/files/a10447e0-1a57-4b12-837d-218f6d3a6706.jpg
2025-11-13 00:08:04 [http-nio-8088-exec-9] DEBUG o.s.s.w.a.AnonymousAuthenticationFilter - Set SecurityContextHolder to anonymous SecurityContext
2025-11-13 00:08:04 [http-nio-8088-exec-9] DEBUG o.s.security.web.FilterChainProxy - Secured GET /api/v1/files/a10447e0-1a57-4b12-837d-218f6d3a6706.jpg
2025-11-13 00:08:04 [http-nio-8088-exec-9] DEBUG c.g.c.controller.FileController - Downloading file: a10447e0-1a57-4b12-837d-218f6d3a6706.jpg
2025-11-13 00:08:04 [http-nio-8088-exec-7] DEBUG o.s.security.web.FilterChainProxy - Securing GET /api/v1/files/5f0d97d1-f3b4-431e-99dd-ad80499705ba.jpg
2025-11-13 00:08:04 [http-nio-8088-exec-7] DEBUG o.s.s.w.a.AnonymousAuthenticationFilter - Set SecurityContextHolder to anonymous SecurityContext
2025-11-13 00:08:04 [http-nio-8088-exec-7] DEBUG o.s.security.web.FilterChainProxy - Secured GET /api/v1/files/5f0d97d1-f3b4-431e-99dd-ad80499705ba.jpg
2025-11-13 00:08:04 [http-nio-8088-exec-7] DEBUG c.g.c.controller.FileController - Downloading file: 5f0d97d1-f3b4-431e-99dd-ad80499705ba.jpg
2025-11-13 00:08:04 [http-nio-8088-exec-10] DEBUG o.s.security.web.FilterChainProxy - Securing GET /api/v1/files/399710fc-be76-468d-be99-161396dbd4a4.jpg
2025-11-13 00:08:04 [http-nio-8088-exec-8] DEBUG o.s.security.web.FilterChainProxy - Securing GET /api/v1/files/80cf5e3d-5d4c-4d1b-9e7d-0a0b8bfa00eb.jpg
2025-11-13 00:08:04 [http-nio-8088-exec-10] DEBUG o.s.s.w.a.AnonymousAuthenticationFilter - Set SecurityContextHolder to anonymous SecurityContext
2025-11-13 00:08:04 [http-nio-8088-exec-8] DEBUG o.s.s.w.a.AnonymousAuthenticationFilter - Set SecurityContextHolder to anonymous SecurityContext
2025-11-13 00:08:04 [http-nio-8088-exec-10] DEBUG o.s.security.web.FilterChainProxy - Secured GET /api/v1/files/399710fc-be76-468d-be99-161396dbd4a4.jpg
2025-11-13 00:08:04 [http-nio-8088-exec-8] DEBUG o.s.security.web.FilterChainProxy - Secured GET /api/v1/files/80cf5e3d-5d4c-4d1b-9e7d-0a0b8bfa00eb.jpg
2025-11-13 00:08:04 [http-nio-8088-exec-10] DEBUG c.g.c.controller.FileController - Downloading file: 399710fc-be76-468d-be99-161396dbd4a4.jpg
2025-11-13 00:08:04 [http-nio-8088-exec-8] DEBUG c.g.c.controller.FileController - Downloading file: 80cf5e3d-5d4c-4d1b-9e7d-0a0b8bfa00eb.jpg
2025-11-13 00:08:04 [http-nio-8088-exec-4] DEBUG org.hibernate.SQL - 
    select
        u1_0.id,
        u1_0.created_at,
        u1_0.email,
        u1_0.full_name,
        u1_0.password,
        u1_0.phone,
        u1_0.status,
        u1_0.updated_at,
        u1_0.username 
    from
        users u1_0 
    where
        u1_0.username=?
2025-11-13 00:08:04 [http-nio-8088-exec-1] DEBUG o.s.security.web.FilterChainProxy - Securing GET /api/v1/files/76508bcc-516c-4520-b640-75df6df6a0ca.jpg
2025-11-13 00:08:04 [http-nio-8088-exec-1] DEBUG o.s.s.w.a.AnonymousAuthenticationFilter - Set SecurityContextHolder to anonymous SecurityContext
2025-11-13 00:08:04 [http-nio-8088-exec-1] DEBUG o.s.security.web.FilterChainProxy - Secured GET /api/v1/files/76508bcc-516c-4520-b640-75df6df6a0ca.jpg
2025-11-13 00:08:04 [http-nio-8088-exec-1] DEBUG c.g.c.controller.FileController - Downloading file: 76508bcc-516c-4520-b640-75df6df6a0ca.jpg
2025-11-13 00:08:04 [http-nio-8088-exec-3] DEBUG o.s.security.web.FilterChainProxy - Securing GET /api/v1/files/a7ad5fc9-6e6e-4d2d-bf7f-0925fb9237ec.jpg
2025-11-13 00:08:04 [http-nio-8088-exec-3] DEBUG o.s.s.w.a.AnonymousAuthenticationFilter - Set SecurityContextHolder to anonymous SecurityContext
2025-11-13 00:08:04 [http-nio-8088-exec-3] DEBUG o.s.security.web.FilterChainProxy - Secured GET /api/v1/files/a7ad5fc9-6e6e-4d2d-bf7f-0925fb9237ec.jpg
2025-11-13 00:08:04 [http-nio-8088-exec-9] DEBUG o.s.security.web.FilterChainProxy - Securing GET /api/v1/files/dc7eea7e-d955-4e82-947f-8f3a275d09c8.jpg
2025-11-13 00:08:04 [http-nio-8088-exec-3] DEBUG c.g.c.controller.FileController - Downloading file: a7ad5fc9-6e6e-4d2d-bf7f-0925fb9237ec.jpg
2025-11-13 00:08:04 [http-nio-8088-exec-9] DEBUG o.s.s.w.a.AnonymousAuthenticationFilter - Set SecurityContextHolder to anonymous SecurityContext
2025-11-13 00:08:04 [http-nio-8088-exec-9] DEBUG o.s.security.web.FilterChainProxy - Secured GET /api/v1/files/dc7eea7e-d955-4e82-947f-8f3a275d09c8.jpg
2025-11-13 00:08:04 [http-nio-8088-exec-9] DEBUG c.g.c.controller.FileController - Downloading file: dc7eea7e-d955-4e82-947f-8f3a275d09c8.jpg
2025-11-13 00:08:04 [http-nio-8088-exec-4] DEBUG org.hibernate.SQL - 
    select
        r1_0.user_id,
        r1_1.id,
        r1_1.name 
    from
        user_roles r1_0 
    join
        roles r1_1 
            on r1_1.id=r1_0.role_id 
    where
        r1_0.user_id=?
2025-11-13 00:08:04 [http-nio-8088-exec-8] DEBUG o.s.security.web.FilterChainProxy - Securing GET /api/v1/files/4b9dcaa8-0825-4ee8-badc-86529e305d2a.jpg
2025-11-13 00:08:04 [http-nio-8088-exec-8] DEBUG o.s.s.w.a.AnonymousAuthenticationFilter - Set SecurityContextHolder to anonymous SecurityContext
2025-11-13 00:08:04 [http-nio-8088-exec-6] DEBUG o.s.security.web.FilterChainProxy - Securing GET /api/v1/files/3be6958d-8594-4f88-bf4a-caed30cc8686.jpg
2025-11-13 00:08:04 [http-nio-8088-exec-6] DEBUG o.s.s.w.a.AnonymousAuthenticationFilter - Set SecurityContextHolder to anonymous SecurityContext
2025-11-13 00:08:04 [http-nio-8088-exec-6] DEBUG o.s.security.web.FilterChainProxy - Secured GET /api/v1/files/3be6958d-8594-4f88-bf4a-caed30cc8686.jpg
2025-11-13 00:08:04 [http-nio-8088-exec-6] DEBUG c.g.c.controller.FileController - Downloading file: 3be6958d-8594-4f88-bf4a-caed30cc8686.jpg
2025-11-13 00:08:04 [http-nio-8088-exec-8] DEBUG o.s.security.web.FilterChainProxy - Secured GET /api/v1/files/4b9dcaa8-0825-4ee8-badc-86529e305d2a.jpg
2025-11-13 00:08:04 [http-nio-8088-exec-8] DEBUG c.g.c.controller.FileController - Downloading file: 4b9dcaa8-0825-4ee8-badc-86529e305d2a.jpg
2025-11-13 00:08:04 [http-nio-8088-exec-9] DEBUG o.s.security.web.FilterChainProxy - Securing GET /api/v1/files/257f1822-ec96-40c8-850e-a304cffa37fd.jpg
2025-11-13 00:08:04 [http-nio-8088-exec-9] DEBUG o.s.s.w.a.AnonymousAuthenticationFilter - Set SecurityContextHolder to anonymous SecurityContext
2025-11-13 00:08:04 [http-nio-8088-exec-9] DEBUG o.s.security.web.FilterChainProxy - Secured GET /api/v1/files/257f1822-ec96-40c8-850e-a304cffa37fd.jpg
2025-11-13 00:08:04 [http-nio-8088-exec-9] DEBUG c.g.c.controller.FileController - Downloading file: 257f1822-ec96-40c8-850e-a304cffa37fd.jpg
2025-11-13 00:08:04 [http-nio-8088-exec-4] DEBUG o.s.security.web.FilterChainProxy - Secured GET /api/v1/categories
2025-11-13 00:08:04 [http-nio-8088-exec-4] DEBUG o.s.s.a.m.AuthorizationManagerBeforeMethodInterceptor - Authorizing method invocation ReflectiveMethodInvocation: public org.springframework.http.ResponseEntity com.giapho.coffee_shop_backend.controller.CategoryController.getAllCategories(); target is of class [com.giapho.coffee_shop_backend.controller.CategoryController]
2025-11-13 00:08:04 [http-nio-8088-exec-4] DEBUG o.s.s.a.m.AuthorizationManagerBeforeMethodInterceptor - Authorized method invocation ReflectiveMethodInvocation: public org.springframework.http.ResponseEntity com.giapho.coffee_shop_backend.controller.CategoryController.getAllCategories(); target is of class [com.giapho.coffee_shop_backend.controller.CategoryController]
2025-11-13 00:08:04 [http-nio-8088-exec-4] DEBUG org.hibernate.SQL - 
    select
        c1_0.id,
        c1_0.description,
        c1_0.name 
    from
        categories c1_0
2025-11-13 00:08:26 [http-nio-8088-exec-5] DEBUG o.s.security.web.FilterChainProxy - Securing GET /api/v1/tables
2025-11-13 00:08:26 [http-nio-8088-exec-5] DEBUG org.hibernate.SQL - 
    select
        u1_0.id,
        u1_0.created_at,
        u1_0.email,
        u1_0.full_name,
        u1_0.password,
        u1_0.phone,
        u1_0.status,
        u1_0.updated_at,
        u1_0.username 
    from
        users u1_0 
    where
        u1_0.username=?
2025-11-13 00:08:26 [http-nio-8088-exec-5] DEBUG org.hibernate.SQL - 
    select
        r1_0.user_id,
        r1_1.id,
        r1_1.name 
    from
        user_roles r1_0 
    join
        roles r1_1 
            on r1_1.id=r1_0.role_id 
    where
        r1_0.user_id=?
2025-11-13 00:08:26 [http-nio-8088-exec-5] DEBUG o.s.security.web.FilterChainProxy - Secured GET /api/v1/tables
2025-11-13 00:08:26 [http-nio-8088-exec-5] DEBUG o.s.s.a.m.AuthorizationManagerBeforeMethodInterceptor - Authorizing method invocation ReflectiveMethodInvocation: public org.springframework.http.ResponseEntity com.giapho.coffee_shop_backend.controller.CafeTableController.getAllTables(); target is of class [com.giapho.coffee_shop_backend.controller.CafeTableController]
2025-11-13 00:08:26 [http-nio-8088-exec-5] DEBUG o.s.s.a.m.AuthorizationManagerBeforeMethodInterceptor - Authorized method invocation ReflectiveMethodInvocation: public org.springframework.http.ResponseEntity com.giapho.coffee_shop_backend.controller.CafeTableController.getAllTables(); target is of class [com.giapho.coffee_shop_backend.controller.CafeTableController]
2025-11-13 00:08:26 [http-nio-8088-exec-5] DEBUG org.hibernate.SQL - 
    select
        ct1_0.id,
        ct1_0.capacity,
        ct1_0.name,
        ct1_0.status 
    from
        tables ct1_0
2025-11-13 00:08:28 [http-nio-8088-exec-10] DEBUG o.s.security.web.FilterChainProxy - Securing GET /api/v1/tables
2025-11-13 00:08:28 [http-nio-8088-exec-7] DEBUG o.s.security.web.FilterChainProxy - Securing GET /api/v1/products?page=0&size=1000
2025-11-13 00:08:28 [http-nio-8088-exec-1] DEBUG o.s.security.web.FilterChainProxy - Securing GET /api/v1/customers?page=0&size=1000
2025-11-13 00:08:28 [http-nio-8088-exec-7] DEBUG org.hibernate.SQL - 
    select
        u1_0.id,
        u1_0.created_at,
        u1_0.email,
        u1_0.full_name,
        u1_0.password,
        u1_0.phone,
        u1_0.status,
        u1_0.updated_at,
        u1_0.username 
    from
        users u1_0 
    where
        u1_0.username=?
2025-11-13 00:08:28 [http-nio-8088-exec-10] DEBUG org.hibernate.SQL - 
    select
        u1_0.id,
        u1_0.created_at,
        u1_0.email,
        u1_0.full_name,
        u1_0.password,
        u1_0.phone,
        u1_0.status,
        u1_0.updated_at,
        u1_0.username 
    from
        users u1_0 
    where
        u1_0.username=?
2025-11-13 00:08:28 [http-nio-8088-exec-1] DEBUG org.hibernate.SQL - 
    select
        u1_0.id,
        u1_0.created_at,
        u1_0.email,
        u1_0.full_name,
        u1_0.password,
        u1_0.phone,
        u1_0.status,
        u1_0.updated_at,
        u1_0.username 
    from
        users u1_0 
    where
        u1_0.username=?
2025-11-13 00:08:28 [http-nio-8088-exec-7] DEBUG org.hibernate.SQL - 
    select
        r1_0.user_id,
        r1_1.id,
        r1_1.name 
    from
        user_roles r1_0 
    join
        roles r1_1 
            on r1_1.id=r1_0.role_id 
    where
        r1_0.user_id=?
2025-11-13 00:08:28 [http-nio-8088-exec-10] DEBUG org.hibernate.SQL - 
    select
        r1_0.user_id,
        r1_1.id,
        r1_1.name 
    from
        user_roles r1_0 
    join
        roles r1_1 
            on r1_1.id=r1_0.role_id 
    where
        r1_0.user_id=?
2025-11-13 00:08:28 [http-nio-8088-exec-1] DEBUG org.hibernate.SQL - 
    select
        r1_0.user_id,
        r1_1.id,
        r1_1.name 
    from
        user_roles r1_0 
    join
        roles r1_1 
            on r1_1.id=r1_0.role_id 
    where
        r1_0.user_id=?
2025-11-13 00:08:28 [http-nio-8088-exec-7] DEBUG o.s.security.web.FilterChainProxy - Secured GET /api/v1/products?page=0&size=1000
2025-11-13 00:08:28 [http-nio-8088-exec-1] DEBUG o.s.security.web.FilterChainProxy - Secured GET /api/v1/customers?page=0&size=1000
2025-11-13 00:08:28 [http-nio-8088-exec-10] DEBUG o.s.security.web.FilterChainProxy - Secured GET /api/v1/tables
2025-11-13 00:08:28 [http-nio-8088-exec-10] DEBUG o.s.s.a.m.AuthorizationManagerBeforeMethodInterceptor - Authorizing method invocation ReflectiveMethodInvocation: public org.springframework.http.ResponseEntity com.giapho.coffee_shop_backend.controller.CafeTableController.getAllTables(); target is of class [com.giapho.coffee_shop_backend.controller.CafeTableController]
2025-11-13 00:08:28 [http-nio-8088-exec-10] DEBUG o.s.s.a.m.AuthorizationManagerBeforeMethodInterceptor - Authorized method invocation ReflectiveMethodInvocation: public org.springframework.http.ResponseEntity com.giapho.coffee_shop_backend.controller.CafeTableController.getAllTables(); target is of class [com.giapho.coffee_shop_backend.controller.CafeTableController]
2025-11-13 00:08:28 [http-nio-8088-exec-1] DEBUG o.s.s.a.m.AuthorizationManagerBeforeMethodInterceptor - Authorizing method invocation ReflectiveMethodInvocation: public org.springframework.http.ResponseEntity com.giapho.coffee_shop_backend.controller.CustomerController.searchCustomers(java.lang.String,org.springframework.data.domain.Pageable); target is of class [com.giapho.coffee_shop_backend.controller.CustomerController]
2025-11-13 00:08:28 [http-nio-8088-exec-1] DEBUG o.s.s.a.m.AuthorizationManagerBeforeMethodInterceptor - Authorized method invocation ReflectiveMethodInvocation: public org.springframework.http.ResponseEntity com.giapho.coffee_shop_backend.controller.CustomerController.searchCustomers(java.lang.String,org.springframework.data.domain.Pageable); target is of class [com.giapho.coffee_shop_backend.controller.CustomerController]
2025-11-13 00:08:28 [http-nio-8088-exec-7] DEBUG o.s.s.a.m.AuthorizationManagerBeforeMethodInterceptor - Authorizing method invocation ReflectiveMethodInvocation: public org.springframework.http.ResponseEntity com.giapho.coffee_shop_backend.controller.ProductController.getAllProducts(java.lang.String,java.lang.Long,org.springframework.data.domain.Pageable); target is of class [com.giapho.coffee_shop_backend.controller.ProductController]
2025-11-13 00:08:28 [http-nio-8088-exec-7] DEBUG o.s.s.a.m.AuthorizationManagerBeforeMethodInterceptor - Authorized method invocation ReflectiveMethodInvocation: public org.springframework.http.ResponseEntity com.giapho.coffee_shop_backend.controller.ProductController.getAllProducts(java.lang.String,java.lang.Long,org.springframework.data.domain.Pageable); target is of class [com.giapho.coffee_shop_backend.controller.ProductController]
2025-11-13 00:08:28 [http-nio-8088-exec-10] DEBUG org.hibernate.SQL - 
    select
        ct1_0.id,
        ct1_0.capacity,
        ct1_0.name,
        ct1_0.status 
    from
        tables ct1_0
2025-11-13 00:08:28 [http-nio-8088-exec-1] DEBUG org.hibernate.SQL - 
    select
        c1_0.id,
        c1_0.created_at,
        c1_0.email,
        c1_0.full_name,
        c1_0.loyalty_points,
        c1_0.phone,
        c1_0.updated_at 
    from
        customers c1_0 
    order by
        c1_0.full_name 
    limit
        ?, ?
2025-11-13 00:08:28 [http-nio-8088-exec-7] DEBUG org.hibernate.SQL - 
    select
        p1_0.id,
        p1_0.category_id,
        c1_0.id,
        c1_0.description,
        c1_0.name,
        p1_0.code,
        p1_0.cost,
        p1_0.created_at,
        p1_0.description,
        p1_0.image_url,
        p1_0.is_available,
        p1_0.name,
        p1_0.price,
        p1_0.updated_at 
    from
        products p1_0 
    join
        categories c1_0 
            on c1_0.id=p1_0.category_id 
    limit
        ?, ?
2025-11-13 00:08:28 [http-nio-8088-exec-6] DEBUG o.s.security.web.FilterChainProxy - Securing GET /api/v1/files/82b4818b-f0d2-4206-bfa5-298f7111d20c.jpg
2025-11-13 00:08:28 [http-nio-8088-exec-6] DEBUG o.s.s.w.a.AnonymousAuthenticationFilter - Set SecurityContextHolder to anonymous SecurityContext
2025-11-13 00:08:28 [http-nio-8088-exec-6] DEBUG o.s.security.web.FilterChainProxy - Secured GET /api/v1/files/82b4818b-f0d2-4206-bfa5-298f7111d20c.jpg
2025-11-13 00:08:28 [http-nio-8088-exec-9] DEBUG o.s.security.web.FilterChainProxy - Securing GET /api/v1/files/80cf5e3d-5d4c-4d1b-9e7d-0a0b8bfa00eb.jpg
2025-11-13 00:08:28 [http-nio-8088-exec-2] DEBUG o.s.security.web.FilterChainProxy - Securing GET /api/v1/files/56de7c12-082e-4eb3-b6cb-d84d8cc38775.jpg
2025-11-13 00:08:28 [http-nio-8088-exec-6] DEBUG c.g.c.controller.FileController - Downloading file: 82b4818b-f0d2-4206-bfa5-298f7111d20c.jpg
2025-11-13 00:08:28 [http-nio-8088-exec-2] DEBUG o.s.s.w.a.AnonymousAuthenticationFilter - Set SecurityContextHolder to anonymous SecurityContext
2025-11-13 00:08:28 [http-nio-8088-exec-2] DEBUG o.s.security.web.FilterChainProxy - Secured GET /api/v1/files/56de7c12-082e-4eb3-b6cb-d84d8cc38775.jpg
2025-11-13 00:08:28 [http-nio-8088-exec-4] DEBUG o.s.security.web.FilterChainProxy - Securing GET /api/v1/files/358e5aef-6b26-4cb1-a997-97ac999d9dc1.jpg
2025-11-13 00:08:28 [http-nio-8088-exec-2] DEBUG c.g.c.controller.FileController - Downloading file: 56de7c12-082e-4eb3-b6cb-d84d8cc38775.jpg
2025-11-13 00:08:28 [http-nio-8088-exec-4] DEBUG o.s.s.w.a.AnonymousAuthenticationFilter - Set SecurityContextHolder to anonymous SecurityContext
2025-11-13 00:08:28 [http-nio-8088-exec-4] DEBUG o.s.security.web.FilterChainProxy - Secured GET /api/v1/files/358e5aef-6b26-4cb1-a997-97ac999d9dc1.jpg
2025-11-13 00:08:28 [http-nio-8088-exec-4] DEBUG c.g.c.controller.FileController - Downloading file: 358e5aef-6b26-4cb1-a997-97ac999d9dc1.jpg
2025-11-13 00:08:28 [http-nio-8088-exec-3] DEBUG o.s.security.web.FilterChainProxy - Securing GET /api/v1/files/b0fcea8f-74ab-4ff1-bd62-6557e0ccb1f2.jpg
2025-11-13 00:08:28 [http-nio-8088-exec-3] DEBUG o.s.s.w.a.AnonymousAuthenticationFilter - Set SecurityContextHolder to anonymous SecurityContext
2025-11-13 00:08:28 [http-nio-8088-exec-3] DEBUG o.s.security.web.FilterChainProxy - Secured GET /api/v1/files/b0fcea8f-74ab-4ff1-bd62-6557e0ccb1f2.jpg
2025-11-13 00:08:28 [http-nio-8088-exec-8] DEBUG o.s.security.web.FilterChainProxy - Securing GET /api/v1/files/e267ade1-780a-4a34-adf1-ecb1b2948e21.jpg
2025-11-13 00:08:28 [http-nio-8088-exec-9] DEBUG o.s.s.w.a.AnonymousAuthenticationFilter - Set SecurityContextHolder to anonymous SecurityContext
2025-11-13 00:08:28 [http-nio-8088-exec-9] DEBUG o.s.security.web.FilterChainProxy - Secured GET /api/v1/files/80cf5e3d-5d4c-4d1b-9e7d-0a0b8bfa00eb.jpg
2025-11-13 00:08:28 [http-nio-8088-exec-8] DEBUG o.s.s.w.a.AnonymousAuthenticationFilter - Set SecurityContextHolder to anonymous SecurityContext
2025-11-13 00:08:28 [http-nio-8088-exec-3] DEBUG c.g.c.controller.FileController - Downloading file: b0fcea8f-74ab-4ff1-bd62-6557e0ccb1f2.jpg
2025-11-13 00:08:28 [http-nio-8088-exec-8] DEBUG o.s.security.web.FilterChainProxy - Secured GET /api/v1/files/e267ade1-780a-4a34-adf1-ecb1b2948e21.jpg
2025-11-13 00:08:28 [http-nio-8088-exec-9] DEBUG c.g.c.controller.FileController - Downloading file: 80cf5e3d-5d4c-4d1b-9e7d-0a0b8bfa00eb.jpg
2025-11-13 00:08:28 [http-nio-8088-exec-8] DEBUG c.g.c.controller.FileController - Downloading file: e267ade1-780a-4a34-adf1-ecb1b2948e21.jpg
2025-11-13 00:08:28 [http-nio-8088-exec-5] DEBUG o.s.security.web.FilterChainProxy - Securing GET /api/v1/categories
2025-11-13 00:08:28 [http-nio-8088-exec-2] DEBUG o.s.security.web.FilterChainProxy - Securing GET /api/v1/files/587ac1e2-1a65-4144-bbb7-faff4eac57bd.jpg
2025-11-13 00:08:28 [http-nio-8088-exec-2] DEBUG o.s.s.w.a.AnonymousAuthenticationFilter - Set SecurityContextHolder to anonymous SecurityContext
2025-11-13 00:08:28 [http-nio-8088-exec-1] DEBUG o.s.security.web.FilterChainProxy - Securing GET /api/v1/files/fc284af6-76c3-40fc-b6ab-245bf05af010.jpg
2025-11-13 00:08:28 [http-nio-8088-exec-2] DEBUG o.s.security.web.FilterChainProxy - Secured GET /api/v1/files/587ac1e2-1a65-4144-bbb7-faff4eac57bd.jpg
2025-11-13 00:08:28 [http-nio-8088-exec-1] DEBUG o.s.s.w.a.AnonymousAuthenticationFilter - Set SecurityContextHolder to anonymous SecurityContext
2025-11-13 00:08:28 [http-nio-8088-exec-1] DEBUG o.s.security.web.FilterChainProxy - Secured GET /api/v1/files/fc284af6-76c3-40fc-b6ab-245bf05af010.jpg
2025-11-13 00:08:28 [http-nio-8088-exec-2] DEBUG c.g.c.controller.FileController - Downloading file: 587ac1e2-1a65-4144-bbb7-faff4eac57bd.jpg
2025-11-13 00:08:28 [http-nio-8088-exec-1] DEBUG c.g.c.controller.FileController - Downloading file: fc284af6-76c3-40fc-b6ab-245bf05af010.jpg
2025-11-13 00:08:28 [http-nio-8088-exec-10] DEBUG o.s.security.web.FilterChainProxy - Securing GET /api/v1/files/a10447e0-1a57-4b12-837d-218f6d3a6706.jpg
2025-11-13 00:08:28 [http-nio-8088-exec-10] DEBUG o.s.s.w.a.AnonymousAuthenticationFilter - Set SecurityContextHolder to anonymous SecurityContext
2025-11-13 00:08:28 [http-nio-8088-exec-10] DEBUG o.s.security.web.FilterChainProxy - Secured GET /api/v1/files/a10447e0-1a57-4b12-837d-218f6d3a6706.jpg
2025-11-13 00:08:28 [http-nio-8088-exec-5] DEBUG org.hibernate.SQL - 
    select
        u1_0.id,
        u1_0.created_at,
        u1_0.email,
        u1_0.full_name,
        u1_0.password,
        u1_0.phone,
        u1_0.status,
        u1_0.updated_at,
        u1_0.username 
    from
        users u1_0 
    where
        u1_0.username=?
2025-11-13 00:08:28 [http-nio-8088-exec-10] DEBUG c.g.c.controller.FileController - Downloading file: a10447e0-1a57-4b12-837d-218f6d3a6706.jpg
2025-11-13 00:08:28 [http-nio-8088-exec-7] DEBUG o.s.security.web.FilterChainProxy - Securing GET /api/v1/files/01377e1e-70ed-48ba-bd4a-6379aeff4856.jpg
2025-11-13 00:08:28 [http-nio-8088-exec-7] DEBUG o.s.s.w.a.AnonymousAuthenticationFilter - Set SecurityContextHolder to anonymous SecurityContext
2025-11-13 00:08:28 [http-nio-8088-exec-7] DEBUG o.s.security.web.FilterChainProxy - Secured GET /api/v1/files/01377e1e-70ed-48ba-bd4a-6379aeff4856.jpg
2025-11-13 00:08:28 [http-nio-8088-exec-7] DEBUG c.g.c.controller.FileController - Downloading file: 01377e1e-70ed-48ba-bd4a-6379aeff4856.jpg
2025-11-13 00:08:28 [http-nio-8088-exec-6] DEBUG o.s.security.web.FilterChainProxy - Securing GET /api/v1/files/399710fc-be76-468d-be99-161396dbd4a4.jpg
2025-11-13 00:08:28 [http-nio-8088-exec-6] DEBUG o.s.s.w.a.AnonymousAuthenticationFilter - Set SecurityContextHolder to anonymous SecurityContext
2025-11-13 00:08:28 [http-nio-8088-exec-6] DEBUG o.s.security.web.FilterChainProxy - Secured GET /api/v1/files/399710fc-be76-468d-be99-161396dbd4a4.jpg
2025-11-13 00:08:28 [http-nio-8088-exec-4] DEBUG o.s.security.web.FilterChainProxy - Securing GET /api/v1/files/5f0d97d1-f3b4-431e-99dd-ad80499705ba.jpg
2025-11-13 00:08:28 [http-nio-8088-exec-4] DEBUG o.s.s.w.a.AnonymousAuthenticationFilter - Set SecurityContextHolder to anonymous SecurityContext
2025-11-13 00:08:28 [http-nio-8088-exec-4] DEBUG o.s.security.web.FilterChainProxy - Secured GET /api/v1/files/5f0d97d1-f3b4-431e-99dd-ad80499705ba.jpg
2025-11-13 00:08:28 [http-nio-8088-exec-3] DEBUG o.s.security.web.FilterChainProxy - Securing GET /api/v1/files/76508bcc-516c-4520-b640-75df6df6a0ca.jpg
2025-11-13 00:08:28 [http-nio-8088-exec-3] DEBUG o.s.s.w.a.AnonymousAuthenticationFilter - Set SecurityContextHolder to anonymous SecurityContext
2025-11-13 00:08:28 [http-nio-8088-exec-3] DEBUG o.s.security.web.FilterChainProxy - Secured GET /api/v1/files/76508bcc-516c-4520-b640-75df6df6a0ca.jpg
2025-11-13 00:08:28 [http-nio-8088-exec-4] DEBUG c.g.c.controller.FileController - Downloading file: 5f0d97d1-f3b4-431e-99dd-ad80499705ba.jpg
2025-11-13 00:08:28 [http-nio-8088-exec-3] DEBUG c.g.c.controller.FileController - Downloading file: 76508bcc-516c-4520-b640-75df6df6a0ca.jpg
2025-11-13 00:08:28 [http-nio-8088-exec-6] DEBUG c.g.c.controller.FileController - Downloading file: 399710fc-be76-468d-be99-161396dbd4a4.jpg
2025-11-13 00:08:28 [http-nio-8088-exec-9] DEBUG o.s.security.web.FilterChainProxy - Securing GET /api/v1/files/a7ad5fc9-6e6e-4d2d-bf7f-0925fb9237ec.jpg
2025-11-13 00:08:28 [http-nio-8088-exec-9] DEBUG o.s.s.w.a.AnonymousAuthenticationFilter - Set SecurityContextHolder to anonymous SecurityContext
2025-11-13 00:08:28 [http-nio-8088-exec-9] DEBUG o.s.security.web.FilterChainProxy - Secured GET /api/v1/files/a7ad5fc9-6e6e-4d2d-bf7f-0925fb9237ec.jpg
2025-11-13 00:08:28 [http-nio-8088-exec-8] DEBUG o.s.security.web.FilterChainProxy - Securing GET /api/v1/files/3be6958d-8594-4f88-bf4a-caed30cc8686.jpg
2025-11-13 00:08:28 [http-nio-8088-exec-9] DEBUG c.g.c.controller.FileController - Downloading file: a7ad5fc9-6e6e-4d2d-bf7f-0925fb9237ec.jpg
2025-11-13 00:08:28 [http-nio-8088-exec-8] DEBUG o.s.s.w.a.AnonymousAuthenticationFilter - Set SecurityContextHolder to anonymous SecurityContext
2025-11-13 00:08:28 [http-nio-8088-exec-8] DEBUG o.s.security.web.FilterChainProxy - Secured GET /api/v1/files/3be6958d-8594-4f88-bf4a-caed30cc8686.jpg
2025-11-13 00:08:28 [http-nio-8088-exec-1] DEBUG o.s.security.web.FilterChainProxy - Securing GET /api/v1/files/dc7eea7e-d955-4e82-947f-8f3a275d09c8.jpg
2025-11-13 00:08:28 [http-nio-8088-exec-8] DEBUG c.g.c.controller.FileController - Downloading file: 3be6958d-8594-4f88-bf4a-caed30cc8686.jpg
2025-11-13 00:08:28 [http-nio-8088-exec-1] DEBUG o.s.s.w.a.AnonymousAuthenticationFilter - Set SecurityContextHolder to anonymous SecurityContext
2025-11-13 00:08:28 [http-nio-8088-exec-1] DEBUG o.s.security.web.FilterChainProxy - Secured GET /api/v1/files/dc7eea7e-d955-4e82-947f-8f3a275d09c8.jpg
2025-11-13 00:08:28 [http-nio-8088-exec-1] DEBUG c.g.c.controller.FileController - Downloading file: dc7eea7e-d955-4e82-947f-8f3a275d09c8.jpg
2025-11-13 00:08:28 [http-nio-8088-exec-5] DEBUG org.hibernate.SQL - 
    select
        r1_0.user_id,
        r1_1.id,
        r1_1.name 
    from
        user_roles r1_0 
    join
        roles r1_1 
            on r1_1.id=r1_0.role_id 
    where
        r1_0.user_id=?
2025-11-13 00:08:28 [http-nio-8088-exec-2] DEBUG o.s.security.web.FilterChainProxy - Securing GET /api/v1/files/4b9dcaa8-0825-4ee8-badc-86529e305d2a.jpg
2025-11-13 00:08:28 [http-nio-8088-exec-2] DEBUG o.s.s.w.a.AnonymousAuthenticationFilter - Set SecurityContextHolder to anonymous SecurityContext
2025-11-13 00:08:28 [http-nio-8088-exec-2] DEBUG o.s.security.web.FilterChainProxy - Secured GET /api/v1/files/4b9dcaa8-0825-4ee8-badc-86529e305d2a.jpg
2025-11-13 00:08:28 [http-nio-8088-exec-2] DEBUG c.g.c.controller.FileController - Downloading file: 4b9dcaa8-0825-4ee8-badc-86529e305d2a.jpg
2025-11-13 00:08:28 [http-nio-8088-exec-10] DEBUG o.s.security.web.FilterChainProxy - Securing GET /api/v1/files/257f1822-ec96-40c8-850e-a304cffa37fd.jpg
2025-11-13 00:08:28 [http-nio-8088-exec-10] DEBUG o.s.s.w.a.AnonymousAuthenticationFilter - Set SecurityContextHolder to anonymous SecurityContext
2025-11-13 00:08:28 [http-nio-8088-exec-10] DEBUG o.s.security.web.FilterChainProxy - Secured GET /api/v1/files/257f1822-ec96-40c8-850e-a304cffa37fd.jpg
2025-11-13 00:08:28 [http-nio-8088-exec-10] DEBUG c.g.c.controller.FileController - Downloading file: 257f1822-ec96-40c8-850e-a304cffa37fd.jpg
2025-11-13 00:08:28 [http-nio-8088-exec-5] DEBUG o.s.security.web.FilterChainProxy - Secured GET /api/v1/categories
2025-11-13 00:08:28 [http-nio-8088-exec-5] DEBUG o.s.s.a.m.AuthorizationManagerBeforeMethodInterceptor - Authorizing method invocation ReflectiveMethodInvocation: public org.springframework.http.ResponseEntity com.giapho.coffee_shop_backend.controller.CategoryController.getAllCategories(); target is of class [com.giapho.coffee_shop_backend.controller.CategoryController]
2025-11-13 00:08:28 [http-nio-8088-exec-5] DEBUG o.s.s.a.m.AuthorizationManagerBeforeMethodInterceptor - Authorized method invocation ReflectiveMethodInvocation: public org.springframework.http.ResponseEntity com.giapho.coffee_shop_backend.controller.CategoryController.getAllCategories(); target is of class [com.giapho.coffee_shop_backend.controller.CategoryController]
2025-11-13 00:08:28 [http-nio-8088-exec-5] DEBUG org.hibernate.SQL - 
    select
        c1_0.id,
        c1_0.description,
        c1_0.name 
    from
        categories c1_0
2025-11-13 00:09:22 [http-nio-8088-exec-7] DEBUG o.s.security.web.FilterChainProxy - Securing POST /api/v1/orders
2025-11-13 00:09:22 [http-nio-8088-exec-7] DEBUG org.hibernate.SQL - 
    select
        u1_0.id,
        u1_0.created_at,
        u1_0.email,
        u1_0.full_name,
        u1_0.password,
        u1_0.phone,
        u1_0.status,
        u1_0.updated_at,
        u1_0.username 
    from
        users u1_0 
    where
        u1_0.username=?
2025-11-13 00:09:22 [http-nio-8088-exec-7] DEBUG org.hibernate.SQL - 
    select
        r1_0.user_id,
        r1_1.id,
        r1_1.name 
    from
        user_roles r1_0 
    join
        roles r1_1 
            on r1_1.id=r1_0.role_id 
    where
        r1_0.user_id=?
2025-11-13 00:09:22 [http-nio-8088-exec-7] DEBUG o.s.security.web.FilterChainProxy - Secured POST /api/v1/orders
2025-11-13 00:09:22 [http-nio-8088-exec-7] DEBUG o.s.s.a.m.AuthorizationManagerBeforeMethodInterceptor - Authorizing method invocation ReflectiveMethodInvocation: public org.springframework.http.ResponseEntity com.giapho.coffee_shop_backend.controller.OrderController.createOrder(com.giapho.coffee_shop_backend.dto.OrderCreateRequestDTO); target is of class [com.giapho.coffee_shop_backend.controller.OrderController]
2025-11-13 00:09:22 [http-nio-8088-exec-7] DEBUG o.s.s.a.m.AuthorizationManagerBeforeMethodInterceptor - Authorized method invocation ReflectiveMethodInvocation: public org.springframework.http.ResponseEntity com.giapho.coffee_shop_backend.controller.OrderController.createOrder(com.giapho.coffee_shop_backend.dto.OrderCreateRequestDTO); target is of class [com.giapho.coffee_shop_backend.controller.OrderController]
2025-11-13 00:09:22 [http-nio-8088-exec-7] DEBUG org.hibernate.SQL - 
    select
        u1_0.id,
        u1_0.created_at,
        u1_0.email,
        u1_0.full_name,
        u1_0.password,
        u1_0.phone,
        u1_0.status,
        u1_0.updated_at,
        u1_0.username 
    from
        users u1_0 
    where
        u1_0.username=?
2025-11-13 00:09:22 [http-nio-8088-exec-7] DEBUG org.hibernate.SQL - 
    select
        r1_0.user_id,
        r1_1.id,
        r1_1.name 
    from
        user_roles r1_0 
    join
        roles r1_1 
            on r1_1.id=r1_0.role_id 
    where
        r1_0.user_id=?
2025-11-13 00:09:22 [http-nio-8088-exec-7] INFO  c.g.c.service.OrderService - No customer associated with new order
2025-11-13 00:09:22 [http-nio-8088-exec-7] DEBUG org.hibernate.SQL - 
    select
        p1_0.id,
        p1_0.category_id,
        p1_0.code,
        p1_0.cost,
        p1_0.created_at,
        p1_0.description,
        p1_0.image_url,
        p1_0.is_available,
        p1_0.name,
        p1_0.price,
        p1_0.updated_at 
    from
        products p1_0 
    where
        p1_0.id=?
2025-11-13 00:09:22 [http-nio-8088-exec-7] DEBUG org.hibernate.SQL - 
    insert 
    into
        orders
        (voucher_id, table_id, created_at, customer_id, discount_amount, paid_at, payment_method, status, sub_total, total_amount, type, user_id, voucher_code) 
    values
        (?, ?, ?, ?, ?, ?, ?, ?, ?, ?, ?, ?, ?)
2025-11-13 00:09:22 [http-nio-8088-exec-7] DEBUG org.hibernate.SQL - 
    insert 
    into
        order_details
        (notes, order_id, price_at_order, product_id, quantity) 
    values
        (?, ?, ?, ?, ?)
2025-11-13 00:09:22 [http-nio-8088-exec-7] DEBUG org.hibernate.SQL - 
    select
        o1_0.id,
        o1_0.voucher_id,
        ct1_0.id,
        ct1_0.capacity,
        ct1_0.name,
        ct1_0.status,
        o1_0.created_at,
        c1_0.id,
        c1_0.created_at,
        c1_0.email,
        c1_0.full_name,
        c1_0.loyalty_points,
        c1_0.phone,
        c1_0.updated_at,
        o1_0.discount_amount,
        od1_0.order_id,
        od1_0.id,
        od1_0.notes,
        od1_0.price_at_order,
        od1_0.product_id,
        od1_0.quantity,
        o1_0.paid_at,
        o1_0.payment_method,
        o1_0.status,
        o1_0.sub_total,
        o1_0.total_amount,
        o1_0.type,
        o1_0.user_id,
        u1_0.id,
        u1_0.created_at,
        u1_0.email,
        u1_0.full_name,
        u1_0.password,
        u1_0.phone,
        u1_0.status,
        u1_0.updated_at,
        u1_0.username,
        o1_0.voucher_code 
    from
        orders o1_0 
    left join
        order_details od1_0 
            on o1_0.id=od1_0.order_id 
    left join
        tables ct1_0 
            on ct1_0.id=o1_0.table_id 
    left join
        users u1_0 
            on u1_0.id=o1_0.user_id 
    left join
        customers c1_0 
            on c1_0.id=o1_0.customer_id 
    where
        o1_0.id=?
2025-11-13 00:09:22 [http-nio-8088-exec-4] DEBUG o.s.security.web.FilterChainProxy - Securing GET /api/v1/tables
2025-11-13 00:09:22 [http-nio-8088-exec-4] DEBUG org.hibernate.SQL - 
    select
        u1_0.id,
        u1_0.created_at,
        u1_0.email,
        u1_0.full_name,
        u1_0.password,
        u1_0.phone,
        u1_0.status,
        u1_0.updated_at,
        u1_0.username 
    from
        users u1_0 
    where
        u1_0.username=?
2025-11-13 00:09:22 [http-nio-8088-exec-4] DEBUG org.hibernate.SQL - 
    select
        r1_0.user_id,
        r1_1.id,
        r1_1.name 
    from
        user_roles r1_0 
    join
        roles r1_1 
            on r1_1.id=r1_0.role_id 
    where
        r1_0.user_id=?
2025-11-13 00:09:22 [http-nio-8088-exec-4] DEBUG o.s.security.web.FilterChainProxy - Secured GET /api/v1/tables
2025-11-13 00:09:22 [http-nio-8088-exec-4] DEBUG o.s.s.a.m.AuthorizationManagerBeforeMethodInterceptor - Authorizing method invocation ReflectiveMethodInvocation: public org.springframework.http.ResponseEntity com.giapho.coffee_shop_backend.controller.CafeTableController.getAllTables(); target is of class [com.giapho.coffee_shop_backend.controller.CafeTableController]
2025-11-13 00:09:22 [http-nio-8088-exec-4] DEBUG o.s.s.a.m.AuthorizationManagerBeforeMethodInterceptor - Authorized method invocation ReflectiveMethodInvocation: public org.springframework.http.ResponseEntity com.giapho.coffee_shop_backend.controller.CafeTableController.getAllTables(); target is of class [com.giapho.coffee_shop_backend.controller.CafeTableController]
2025-11-13 00:09:22 [http-nio-8088-exec-4] DEBUG org.hibernate.SQL - 
    select
        ct1_0.id,
        ct1_0.capacity,
        ct1_0.name,
        ct1_0.status 
    from
        tables ct1_0
2025-11-13 00:09:22 [http-nio-8088-exec-3] DEBUG o.s.security.web.FilterChainProxy - Securing GET /api/v1/products?page=0&size=1000
2025-11-13 00:09:22 [http-nio-8088-exec-3] DEBUG org.hibernate.SQL - 
    select
        u1_0.id,
        u1_0.created_at,
        u1_0.email,
        u1_0.full_name,
        u1_0.password,
        u1_0.phone,
        u1_0.status,
        u1_0.updated_at,
        u1_0.username 
    from
        users u1_0 
    where
        u1_0.username=?
2025-11-13 00:09:22 [http-nio-8088-exec-3] DEBUG org.hibernate.SQL - 
    select
        r1_0.user_id,
        r1_1.id,
        r1_1.name 
    from
        user_roles r1_0 
    join
        roles r1_1 
            on r1_1.id=r1_0.role_id 
    where
        r1_0.user_id=?
2025-11-13 00:09:22 [http-nio-8088-exec-3] DEBUG o.s.security.web.FilterChainProxy - Secured GET /api/v1/products?page=0&size=1000
2025-11-13 00:09:22 [http-nio-8088-exec-3] DEBUG o.s.s.a.m.AuthorizationManagerBeforeMethodInterceptor - Authorizing method invocation ReflectiveMethodInvocation: public org.springframework.http.ResponseEntity com.giapho.coffee_shop_backend.controller.ProductController.getAllProducts(java.lang.String,java.lang.Long,org.springframework.data.domain.Pageable); target is of class [com.giapho.coffee_shop_backend.controller.ProductController]
2025-11-13 00:09:22 [http-nio-8088-exec-3] DEBUG o.s.s.a.m.AuthorizationManagerBeforeMethodInterceptor - Authorized method invocation ReflectiveMethodInvocation: public org.springframework.http.ResponseEntity com.giapho.coffee_shop_backend.controller.ProductController.getAllProducts(java.lang.String,java.lang.Long,org.springframework.data.domain.Pageable); target is of class [com.giapho.coffee_shop_backend.controller.ProductController]
2025-11-13 00:09:22 [http-nio-8088-exec-3] DEBUG org.hibernate.SQL - 
    select
        p1_0.id,
        p1_0.category_id,
        c1_0.id,
        c1_0.description,
        c1_0.name,
        p1_0.code,
        p1_0.cost,
        p1_0.created_at,
        p1_0.description,
        p1_0.image_url,
        p1_0.is_available,
        p1_0.name,
        p1_0.price,
        p1_0.updated_at 
    from
        products p1_0 
    join
        categories c1_0 
            on c1_0.id=p1_0.category_id 
    limit
        ?, ?
2025-11-13 00:09:22 [http-nio-8088-exec-1] DEBUG o.s.security.web.FilterChainProxy - Securing GET /api/v1/files/e267ade1-780a-4a34-adf1-ecb1b2948e21.jpg
2025-11-13 00:09:22 [http-nio-8088-exec-1] DEBUG o.s.s.w.a.AnonymousAuthenticationFilter - Set SecurityContextHolder to anonymous SecurityContext
2025-11-13 00:09:22 [http-nio-8088-exec-1] DEBUG o.s.security.web.FilterChainProxy - Secured GET /api/v1/files/e267ade1-780a-4a34-adf1-ecb1b2948e21.jpg
2025-11-13 00:09:22 [http-nio-8088-exec-9] DEBUG o.s.security.web.FilterChainProxy - Securing GET /api/v1/files/56de7c12-082e-4eb3-b6cb-d84d8cc38775.jpg
2025-11-13 00:09:22 [http-nio-8088-exec-9] DEBUG o.s.s.w.a.AnonymousAuthenticationFilter - Set SecurityContextHolder to anonymous SecurityContext
2025-11-13 00:09:22 [http-nio-8088-exec-9] DEBUG o.s.security.web.FilterChainProxy - Secured GET /api/v1/files/56de7c12-082e-4eb3-b6cb-d84d8cc38775.jpg
2025-11-13 00:09:22 [http-nio-8088-exec-1] DEBUG c.g.c.controller.FileController - Downloading file: e267ade1-780a-4a34-adf1-ecb1b2948e21.jpg
2025-11-13 00:09:22 [http-nio-8088-exec-2] DEBUG o.s.security.web.FilterChainProxy - Securing GET /api/v1/files/80cf5e3d-5d4c-4d1b-9e7d-0a0b8bfa00eb.jpg
2025-11-13 00:09:22 [http-nio-8088-exec-2] DEBUG o.s.s.w.a.AnonymousAuthenticationFilter - Set SecurityContextHolder to anonymous SecurityContext
2025-11-13 00:09:22 [http-nio-8088-exec-2] DEBUG o.s.security.web.FilterChainProxy - Secured GET /api/v1/files/80cf5e3d-5d4c-4d1b-9e7d-0a0b8bfa00eb.jpg
2025-11-13 00:09:22 [http-nio-8088-exec-10] DEBUG o.s.security.web.FilterChainProxy - Securing GET /api/v1/files/358e5aef-6b26-4cb1-a997-97ac999d9dc1.jpg
2025-11-13 00:09:22 [http-nio-8088-exec-2] DEBUG c.g.c.controller.FileController - Downloading file: 80cf5e3d-5d4c-4d1b-9e7d-0a0b8bfa00eb.jpg
2025-11-13 00:09:22 [http-nio-8088-exec-10] DEBUG o.s.s.w.a.AnonymousAuthenticationFilter - Set SecurityContextHolder to anonymous SecurityContext
2025-11-13 00:09:22 [http-nio-8088-exec-10] DEBUG o.s.security.web.FilterChainProxy - Secured GET /api/v1/files/358e5aef-6b26-4cb1-a997-97ac999d9dc1.jpg
2025-11-13 00:09:22 [http-nio-8088-exec-8] DEBUG o.s.security.web.FilterChainProxy - Securing GET /api/v1/files/b0fcea8f-74ab-4ff1-bd62-6557e0ccb1f2.jpg
2025-11-13 00:09:22 [http-nio-8088-exec-8] DEBUG o.s.s.w.a.AnonymousAuthenticationFilter - Set SecurityContextHolder to anonymous SecurityContext
2025-11-13 00:09:22 [http-nio-8088-exec-8] DEBUG o.s.security.web.FilterChainProxy - Secured GET /api/v1/files/b0fcea8f-74ab-4ff1-bd62-6557e0ccb1f2.jpg
2025-11-13 00:09:22 [http-nio-8088-exec-5] DEBUG o.s.security.web.FilterChainProxy - Securing GET /api/v1/categories
2025-11-13 00:09:22 [http-nio-8088-exec-8] DEBUG c.g.c.controller.FileController - Downloading file: b0fcea8f-74ab-4ff1-bd62-6557e0ccb1f2.jpg
2025-11-13 00:09:22 [http-nio-8088-exec-9] DEBUG c.g.c.controller.FileController - Downloading file: 56de7c12-082e-4eb3-b6cb-d84d8cc38775.jpg
2025-11-13 00:09:22 [http-nio-8088-exec-6] DEBUG o.s.security.web.FilterChainProxy - Securing GET /api/v1/files/82b4818b-f0d2-4206-bfa5-298f7111d20c.jpg
2025-11-13 00:09:22 [http-nio-8088-exec-6] DEBUG o.s.s.w.a.AnonymousAuthenticationFilter - Set SecurityContextHolder to anonymous SecurityContext
2025-11-13 00:09:22 [http-nio-8088-exec-6] DEBUG o.s.security.web.FilterChainProxy - Secured GET /api/v1/files/82b4818b-f0d2-4206-bfa5-298f7111d20c.jpg
2025-11-13 00:09:22 [http-nio-8088-exec-8] DEBUG o.s.security.web.FilterChainProxy - Securing GET /api/v1/files/fc284af6-76c3-40fc-b6ab-245bf05af010.jpg
2025-11-13 00:09:22 [http-nio-8088-exec-8] DEBUG o.s.s.w.a.AnonymousAuthenticationFilter - Set SecurityContextHolder to anonymous SecurityContext
2025-11-13 00:09:22 [http-nio-8088-exec-6] DEBUG c.g.c.controller.FileController - Downloading file: 82b4818b-f0d2-4206-bfa5-298f7111d20c.jpg
2025-11-13 00:09:22 [http-nio-8088-exec-7] DEBUG o.s.security.web.FilterChainProxy - Securing GET /api/v1/files/a10447e0-1a57-4b12-837d-218f6d3a6706.jpg
2025-11-13 00:09:22 [http-nio-8088-exec-7] DEBUG o.s.s.w.a.AnonymousAuthenticationFilter - Set SecurityContextHolder to anonymous SecurityContext
2025-11-13 00:09:22 [http-nio-8088-exec-7] DEBUG o.s.security.web.FilterChainProxy - Secured GET /api/v1/files/a10447e0-1a57-4b12-837d-218f6d3a6706.jpg
2025-11-13 00:09:22 [http-nio-8088-exec-9] DEBUG o.s.security.web.FilterChainProxy - Securing GET /api/v1/files/587ac1e2-1a65-4144-bbb7-faff4eac57bd.jpg
2025-11-13 00:09:22 [http-nio-8088-exec-9] DEBUG o.s.s.w.a.AnonymousAuthenticationFilter - Set SecurityContextHolder to anonymous SecurityContext
2025-11-13 00:09:22 [http-nio-8088-exec-9] DEBUG o.s.security.web.FilterChainProxy - Secured GET /api/v1/files/587ac1e2-1a65-4144-bbb7-faff4eac57bd.jpg
2025-11-13 00:09:22 [http-nio-8088-exec-8] DEBUG o.s.security.web.FilterChainProxy - Secured GET /api/v1/files/fc284af6-76c3-40fc-b6ab-245bf05af010.jpg
2025-11-13 00:09:22 [http-nio-8088-exec-8] DEBUG c.g.c.controller.FileController - Downloading file: fc284af6-76c3-40fc-b6ab-245bf05af010.jpg
2025-11-13 00:09:22 [http-nio-8088-exec-10] DEBUG c.g.c.controller.FileController - Downloading file: 358e5aef-6b26-4cb1-a997-97ac999d9dc1.jpg
2025-11-13 00:09:22 [http-nio-8088-exec-5] DEBUG org.hibernate.SQL - 
    select
        u1_0.id,
        u1_0.created_at,
        u1_0.email,
        u1_0.full_name,
        u1_0.password,
        u1_0.phone,
        u1_0.status,
        u1_0.updated_at,
        u1_0.username 
    from
        users u1_0 
    where
        u1_0.username=?
2025-11-13 00:09:22 [http-nio-8088-exec-3] DEBUG o.s.security.web.FilterChainProxy - Securing GET /api/v1/files/01377e1e-70ed-48ba-bd4a-6379aeff4856.jpg
2025-11-13 00:09:22 [http-nio-8088-exec-3] DEBUG o.s.s.w.a.AnonymousAuthenticationFilter - Set SecurityContextHolder to anonymous SecurityContext
2025-11-13 00:09:22 [http-nio-8088-exec-1] DEBUG o.s.security.web.FilterChainProxy - Securing GET /api/v1/files/5f0d97d1-f3b4-431e-99dd-ad80499705ba.jpg
2025-11-13 00:09:22 [http-nio-8088-exec-1] DEBUG o.s.s.w.a.AnonymousAuthenticationFilter - Set SecurityContextHolder to anonymous SecurityContext
2025-11-13 00:09:22 [http-nio-8088-exec-3] DEBUG o.s.security.web.FilterChainProxy - Secured GET /api/v1/files/01377e1e-70ed-48ba-bd4a-6379aeff4856.jpg
2025-11-13 00:09:22 [http-nio-8088-exec-1] DEBUG o.s.security.web.FilterChainProxy - Secured GET /api/v1/files/5f0d97d1-f3b4-431e-99dd-ad80499705ba.jpg
2025-11-13 00:09:22 [http-nio-8088-exec-3] DEBUG c.g.c.controller.FileController - Downloading file: 01377e1e-70ed-48ba-bd4a-6379aeff4856.jpg
2025-11-13 00:09:22 [http-nio-8088-exec-1] DEBUG c.g.c.controller.FileController - Downloading file: 5f0d97d1-f3b4-431e-99dd-ad80499705ba.jpg
2025-11-13 00:09:22 [http-nio-8088-exec-7] DEBUG c.g.c.controller.FileController - Downloading file: a10447e0-1a57-4b12-837d-218f6d3a6706.jpg
2025-11-13 00:09:22 [http-nio-8088-exec-9] DEBUG c.g.c.controller.FileController - Downloading file: 587ac1e2-1a65-4144-bbb7-faff4eac57bd.jpg
2025-11-13 00:09:22 [http-nio-8088-exec-4] DEBUG o.s.security.web.FilterChainProxy - Securing GET /api/v1/files/399710fc-be76-468d-be99-161396dbd4a4.jpg
2025-11-13 00:09:22 [http-nio-8088-exec-4] DEBUG o.s.s.w.a.AnonymousAuthenticationFilter - Set SecurityContextHolder to anonymous SecurityContext
2025-11-13 00:09:22 [http-nio-8088-exec-4] DEBUG o.s.security.web.FilterChainProxy - Secured GET /api/v1/files/399710fc-be76-468d-be99-161396dbd4a4.jpg
2025-11-13 00:09:22 [http-nio-8088-exec-4] DEBUG c.g.c.controller.FileController - Downloading file: 399710fc-be76-468d-be99-161396dbd4a4.jpg
2025-11-13 00:09:22 [http-nio-8088-exec-2] DEBUG o.s.security.web.FilterChainProxy - Securing GET /api/v1/files/76508bcc-516c-4520-b640-75df6df6a0ca.jpg
2025-11-13 00:09:22 [http-nio-8088-exec-2] DEBUG o.s.s.w.a.AnonymousAuthenticationFilter - Set SecurityContextHolder to anonymous SecurityContext
2025-11-13 00:09:22 [http-nio-8088-exec-2] DEBUG o.s.security.web.FilterChainProxy - Secured GET /api/v1/files/76508bcc-516c-4520-b640-75df6df6a0ca.jpg
2025-11-13 00:09:22 [http-nio-8088-exec-2] DEBUG c.g.c.controller.FileController - Downloading file: 76508bcc-516c-4520-b640-75df6df6a0ca.jpg
2025-11-13 00:09:22 [http-nio-8088-exec-4] DEBUG o.s.security.web.FilterChainProxy - Securing GET /api/v1/files/a7ad5fc9-6e6e-4d2d-bf7f-0925fb9237ec.jpg
2025-11-13 00:09:22 [http-nio-8088-exec-6] DEBUG o.s.security.web.FilterChainProxy - Securing GET /api/v1/files/dc7eea7e-d955-4e82-947f-8f3a275d09c8.jpg
2025-11-13 00:09:22 [http-nio-8088-exec-10] DEBUG o.s.security.web.FilterChainProxy - Securing GET /api/v1/files/3be6958d-8594-4f88-bf4a-caed30cc8686.jpg
2025-11-13 00:09:22 [http-nio-8088-exec-5] DEBUG org.hibernate.SQL - 
    select
        r1_0.user_id,
        r1_1.id,
        r1_1.name 
    from
        user_roles r1_0 
    join
        roles r1_1 
            on r1_1.id=r1_0.role_id 
    where
        r1_0.user_id=?
2025-11-13 00:09:22 [http-nio-8088-exec-10] DEBUG o.s.s.w.a.AnonymousAuthenticationFilter - Set SecurityContextHolder to anonymous SecurityContext
2025-11-13 00:09:22 [http-nio-8088-exec-10] DEBUG o.s.security.web.FilterChainProxy - Secured GET /api/v1/files/3be6958d-8594-4f88-bf4a-caed30cc8686.jpg
2025-11-13 00:09:22 [http-nio-8088-exec-4] DEBUG o.s.s.w.a.AnonymousAuthenticationFilter - Set SecurityContextHolder to anonymous SecurityContext
2025-11-13 00:09:22 [http-nio-8088-exec-4] DEBUG o.s.security.web.FilterChainProxy - Secured GET /api/v1/files/a7ad5fc9-6e6e-4d2d-bf7f-0925fb9237ec.jpg
2025-11-13 00:09:22 [http-nio-8088-exec-10] DEBUG c.g.c.controller.FileController - Downloading file: 3be6958d-8594-4f88-bf4a-caed30cc8686.jpg
2025-11-13 00:09:22 [http-nio-8088-exec-4] DEBUG c.g.c.controller.FileController - Downloading file: a7ad5fc9-6e6e-4d2d-bf7f-0925fb9237ec.jpg
2025-11-13 00:09:22 [http-nio-8088-exec-8] DEBUG o.s.security.web.FilterChainProxy - Securing GET /api/v1/files/257f1822-ec96-40c8-850e-a304cffa37fd.jpg
2025-11-13 00:09:22 [http-nio-8088-exec-8] DEBUG o.s.s.w.a.AnonymousAuthenticationFilter - Set SecurityContextHolder to anonymous SecurityContext
2025-11-13 00:09:22 [http-nio-8088-exec-8] DEBUG o.s.security.web.FilterChainProxy - Secured GET /api/v1/files/257f1822-ec96-40c8-850e-a304cffa37fd.jpg
2025-11-13 00:09:22 [http-nio-8088-exec-8] DEBUG c.g.c.controller.FileController - Downloading file: 257f1822-ec96-40c8-850e-a304cffa37fd.jpg
2025-11-13 00:09:22 [http-nio-8088-exec-6] DEBUG o.s.s.w.a.AnonymousAuthenticationFilter - Set SecurityContextHolder to anonymous SecurityContext
2025-11-13 00:09:22 [http-nio-8088-exec-6] DEBUG o.s.security.web.FilterChainProxy - Secured GET /api/v1/files/dc7eea7e-d955-4e82-947f-8f3a275d09c8.jpg
2025-11-13 00:09:22 [http-nio-8088-exec-6] DEBUG c.g.c.controller.FileController - Downloading file: dc7eea7e-d955-4e82-947f-8f3a275d09c8.jpg
2025-11-13 00:09:22 [http-nio-8088-exec-10] DEBUG o.s.security.web.FilterChainProxy - Securing GET /api/v1/files/4b9dcaa8-0825-4ee8-badc-86529e305d2a.jpg
2025-11-13 00:09:22 [http-nio-8088-exec-10] DEBUG o.s.s.w.a.AnonymousAuthenticationFilter - Set SecurityContextHolder to anonymous SecurityContext
2025-11-13 00:09:22 [http-nio-8088-exec-10] DEBUG o.s.security.web.FilterChainProxy - Secured GET /api/v1/files/4b9dcaa8-0825-4ee8-badc-86529e305d2a.jpg
2025-11-13 00:09:22 [http-nio-8088-exec-10] DEBUG c.g.c.controller.FileController - Downloading file: 4b9dcaa8-0825-4ee8-badc-86529e305d2a.jpg
2025-11-13 00:09:22 [http-nio-8088-exec-5] DEBUG o.s.security.web.FilterChainProxy - Secured GET /api/v1/categories
2025-11-13 00:09:22 [http-nio-8088-exec-5] DEBUG o.s.s.a.m.AuthorizationManagerBeforeMethodInterceptor - Authorizing method invocation ReflectiveMethodInvocation: public org.springframework.http.ResponseEntity com.giapho.coffee_shop_backend.controller.CategoryController.getAllCategories(); target is of class [com.giapho.coffee_shop_backend.controller.CategoryController]
2025-11-13 00:09:22 [http-nio-8088-exec-5] DEBUG o.s.s.a.m.AuthorizationManagerBeforeMethodInterceptor - Authorized method invocation ReflectiveMethodInvocation: public org.springframework.http.ResponseEntity com.giapho.coffee_shop_backend.controller.CategoryController.getAllCategories(); target is of class [com.giapho.coffee_shop_backend.controller.CategoryController]
2025-11-13 00:09:22 [http-nio-8088-exec-5] DEBUG org.hibernate.SQL - 
    select
        c1_0.id,
        c1_0.description,
        c1_0.name 
    from
        categories c1_0
2025-11-13 00:09:42 [http-nio-8088-exec-3] DEBUG o.s.security.web.FilterChainProxy - Securing GET /api/v1/tables
2025-11-13 00:09:42 [http-nio-8088-exec-3] DEBUG org.hibernate.SQL - 
    select
        u1_0.id,
        u1_0.created_at,
        u1_0.email,
        u1_0.full_name,
        u1_0.password,
        u1_0.phone,
        u1_0.status,
        u1_0.updated_at,
        u1_0.username 
    from
        users u1_0 
    where
        u1_0.username=?
2025-11-13 00:09:42 [http-nio-8088-exec-3] DEBUG org.hibernate.SQL - 
    select
        r1_0.user_id,
        r1_1.id,
        r1_1.name 
    from
        user_roles r1_0 
    join
        roles r1_1 
            on r1_1.id=r1_0.role_id 
    where
        r1_0.user_id=?
2025-11-13 00:09:42 [http-nio-8088-exec-3] DEBUG o.s.security.web.FilterChainProxy - Secured GET /api/v1/tables
2025-11-13 00:09:42 [http-nio-8088-exec-3] DEBUG o.s.s.a.m.AuthorizationManagerBeforeMethodInterceptor - Authorizing method invocation ReflectiveMethodInvocation: public org.springframework.http.ResponseEntity com.giapho.coffee_shop_backend.controller.CafeTableController.getAllTables(); target is of class [com.giapho.coffee_shop_backend.controller.CafeTableController]
2025-11-13 00:09:42 [http-nio-8088-exec-3] DEBUG o.s.s.a.m.AuthorizationManagerBeforeMethodInterceptor - Authorized method invocation ReflectiveMethodInvocation: public org.springframework.http.ResponseEntity com.giapho.coffee_shop_backend.controller.CafeTableController.getAllTables(); target is of class [com.giapho.coffee_shop_backend.controller.CafeTableController]
2025-11-13 00:09:42 [http-nio-8088-exec-3] DEBUG org.hibernate.SQL - 
    select
        ct1_0.id,
        ct1_0.capacity,
        ct1_0.name,
        ct1_0.status 
    from
        tables ct1_0
2025-11-13 00:09:57 [http-nio-8088-exec-2] DEBUG o.s.security.web.FilterChainProxy - Securing GET /api/v1/products?page=0&size=1000
2025-11-13 00:09:57 [http-nio-8088-exec-2] DEBUG org.hibernate.SQL - 
    select
        u1_0.id,
        u1_0.created_at,
        u1_0.email,
        u1_0.full_name,
        u1_0.password,
        u1_0.phone,
        u1_0.status,
        u1_0.updated_at,
        u1_0.username 
    from
        users u1_0 
    where
        u1_0.username=?
2025-11-13 00:09:57 [http-nio-8088-exec-2] DEBUG org.hibernate.SQL - 
    select
        r1_0.user_id,
        r1_1.id,
        r1_1.name 
    from
        user_roles r1_0 
    join
        roles r1_1 
            on r1_1.id=r1_0.role_id 
    where
        r1_0.user_id=?
2025-11-13 00:09:57 [http-nio-8088-exec-2] DEBUG o.s.security.web.FilterChainProxy - Secured GET /api/v1/products?page=0&size=1000
2025-11-13 00:09:57 [http-nio-8088-exec-2] DEBUG o.s.s.a.m.AuthorizationManagerBeforeMethodInterceptor - Authorizing method invocation ReflectiveMethodInvocation: public org.springframework.http.ResponseEntity com.giapho.coffee_shop_backend.controller.ProductController.getAllProducts(java.lang.String,java.lang.Long,org.springframework.data.domain.Pageable); target is of class [com.giapho.coffee_shop_backend.controller.ProductController]
2025-11-13 00:09:57 [http-nio-8088-exec-2] DEBUG o.s.s.a.m.AuthorizationManagerBeforeMethodInterceptor - Authorized method invocation ReflectiveMethodInvocation: public org.springframework.http.ResponseEntity com.giapho.coffee_shop_backend.controller.ProductController.getAllProducts(java.lang.String,java.lang.Long,org.springframework.data.domain.Pageable); target is of class [com.giapho.coffee_shop_backend.controller.ProductController]
2025-11-13 00:09:57 [http-nio-8088-exec-2] DEBUG org.hibernate.SQL - 
    select
        p1_0.id,
        p1_0.category_id,
        c1_0.id,
        c1_0.description,
        c1_0.name,
        p1_0.code,
        p1_0.cost,
        p1_0.created_at,
        p1_0.description,
        p1_0.image_url,
        p1_0.is_available,
        p1_0.name,
        p1_0.price,
        p1_0.updated_at 
    from
        products p1_0 
    join
        categories c1_0 
            on c1_0.id=p1_0.category_id 
    limit
        ?, ?
2025-11-13 00:09:57 [http-nio-8088-exec-7] DEBUG o.s.security.web.FilterChainProxy - Securing GET /api/v1/files/82b4818b-f0d2-4206-bfa5-298f7111d20c.jpg
2025-11-13 00:09:57 [http-nio-8088-exec-8] DEBUG o.s.security.web.FilterChainProxy - Securing GET /api/v1/files/56de7c12-082e-4eb3-b6cb-d84d8cc38775.jpg
2025-11-13 00:09:57 [http-nio-8088-exec-7] DEBUG o.s.s.w.a.AnonymousAuthenticationFilter - Set SecurityContextHolder to anonymous SecurityContext
2025-11-13 00:09:57 [http-nio-8088-exec-7] DEBUG o.s.security.web.FilterChainProxy - Secured GET /api/v1/files/82b4818b-f0d2-4206-bfa5-298f7111d20c.jpg
2025-11-13 00:09:57 [http-nio-8088-exec-4] DEBUG o.s.security.web.FilterChainProxy - Securing GET /api/v1/files/b0fcea8f-74ab-4ff1-bd62-6557e0ccb1f2.jpg
2025-11-13 00:09:57 [http-nio-8088-exec-8] DEBUG o.s.s.w.a.AnonymousAuthenticationFilter - Set SecurityContextHolder to anonymous SecurityContext
2025-11-13 00:09:57 [http-nio-8088-exec-8] DEBUG o.s.security.web.FilterChainProxy - Secured GET /api/v1/files/56de7c12-082e-4eb3-b6cb-d84d8cc38775.jpg
2025-11-13 00:09:57 [http-nio-8088-exec-6] DEBUG o.s.security.web.FilterChainProxy - Securing GET /api/v1/files/e267ade1-780a-4a34-adf1-ecb1b2948e21.jpg
2025-11-13 00:09:57 [http-nio-8088-exec-7] DEBUG c.g.c.controller.FileController - Downloading file: 82b4818b-f0d2-4206-bfa5-298f7111d20c.jpg
2025-11-13 00:09:57 [http-nio-8088-exec-6] DEBUG o.s.s.w.a.AnonymousAuthenticationFilter - Set SecurityContextHolder to anonymous SecurityContext
2025-11-13 00:09:57 [http-nio-8088-exec-6] DEBUG o.s.security.web.FilterChainProxy - Secured GET /api/v1/files/e267ade1-780a-4a34-adf1-ecb1b2948e21.jpg
2025-11-13 00:09:57 [http-nio-8088-exec-6] DEBUG c.g.c.controller.FileController - Downloading file: e267ade1-780a-4a34-adf1-ecb1b2948e21.jpg
2025-11-13 00:09:57 [http-nio-8088-exec-4] DEBUG o.s.s.w.a.AnonymousAuthenticationFilter - Set SecurityContextHolder to anonymous SecurityContext
2025-11-13 00:09:57 [http-nio-8088-exec-4] DEBUG o.s.security.web.FilterChainProxy - Secured GET /api/v1/files/b0fcea8f-74ab-4ff1-bd62-6557e0ccb1f2.jpg
2025-11-13 00:09:57 [http-nio-8088-exec-10] DEBUG o.s.security.web.FilterChainProxy - Securing GET /api/v1/files/80cf5e3d-5d4c-4d1b-9e7d-0a0b8bfa00eb.jpg
2025-11-13 00:09:57 [http-nio-8088-exec-4] DEBUG c.g.c.controller.FileController - Downloading file: b0fcea8f-74ab-4ff1-bd62-6557e0ccb1f2.jpg
2025-11-13 00:09:57 [http-nio-8088-exec-10] DEBUG o.s.s.w.a.AnonymousAuthenticationFilter - Set SecurityContextHolder to anonymous SecurityContext
2025-11-13 00:09:57 [http-nio-8088-exec-10] DEBUG o.s.security.web.FilterChainProxy - Secured GET /api/v1/files/80cf5e3d-5d4c-4d1b-9e7d-0a0b8bfa00eb.jpg
2025-11-13 00:09:57 [http-nio-8088-exec-10] DEBUG c.g.c.controller.FileController - Downloading file: 80cf5e3d-5d4c-4d1b-9e7d-0a0b8bfa00eb.jpg
2025-11-13 00:09:57 [http-nio-8088-exec-8] DEBUG c.g.c.controller.FileController - Downloading file: 56de7c12-082e-4eb3-b6cb-d84d8cc38775.jpg
2025-11-13 00:09:57 [http-nio-8088-exec-5] DEBUG o.s.security.web.FilterChainProxy - Securing GET /api/v1/files/358e5aef-6b26-4cb1-a997-97ac999d9dc1.jpg
2025-11-13 00:09:57 [http-nio-8088-exec-5] DEBUG o.s.s.w.a.AnonymousAuthenticationFilter - Set SecurityContextHolder to anonymous SecurityContext
2025-11-13 00:09:57 [http-nio-8088-exec-5] DEBUG o.s.security.web.FilterChainProxy - Secured GET /api/v1/files/358e5aef-6b26-4cb1-a997-97ac999d9dc1.jpg
2025-11-13 00:09:57 [http-nio-8088-exec-5] DEBUG c.g.c.controller.FileController - Downloading file: 358e5aef-6b26-4cb1-a997-97ac999d9dc1.jpg
2025-11-13 00:09:57 [http-nio-8088-exec-9] DEBUG o.s.security.web.FilterChainProxy - Securing GET /api/v1/categories
2025-11-13 00:09:57 [http-nio-8088-exec-4] DEBUG o.s.security.web.FilterChainProxy - Securing GET /api/v1/files/587ac1e2-1a65-4144-bbb7-faff4eac57bd.jpg
2025-11-13 00:09:57 [http-nio-8088-exec-4] DEBUG o.s.s.w.a.AnonymousAuthenticationFilter - Set SecurityContextHolder to anonymous SecurityContext
2025-11-13 00:09:57 [http-nio-8088-exec-4] DEBUG o.s.security.web.FilterChainProxy - Secured GET /api/v1/files/587ac1e2-1a65-4144-bbb7-faff4eac57bd.jpg
2025-11-13 00:09:57 [http-nio-8088-exec-4] DEBUG c.g.c.controller.FileController - Downloading file: 587ac1e2-1a65-4144-bbb7-faff4eac57bd.jpg
2025-11-13 00:09:57 [http-nio-8088-exec-1] DEBUG o.s.security.web.FilterChainProxy - Securing GET /api/v1/files/a10447e0-1a57-4b12-837d-218f6d3a6706.jpg
2025-11-13 00:09:57 [http-nio-8088-exec-3] DEBUG o.s.security.web.FilterChainProxy - Securing GET /api/v1/files/fc284af6-76c3-40fc-b6ab-245bf05af010.jpg
2025-11-13 00:09:57 [http-nio-8088-exec-1] DEBUG o.s.s.w.a.AnonymousAuthenticationFilter - Set SecurityContextHolder to anonymous SecurityContext
2025-11-13 00:09:57 [http-nio-8088-exec-3] DEBUG o.s.s.w.a.AnonymousAuthenticationFilter - Set SecurityContextHolder to anonymous SecurityContext
2025-11-13 00:09:57 [http-nio-8088-exec-3] DEBUG o.s.security.web.FilterChainProxy - Secured GET /api/v1/files/fc284af6-76c3-40fc-b6ab-245bf05af010.jpg
2025-11-13 00:09:57 [http-nio-8088-exec-1] DEBUG o.s.security.web.FilterChainProxy - Secured GET /api/v1/files/a10447e0-1a57-4b12-837d-218f6d3a6706.jpg
2025-11-13 00:09:57 [http-nio-8088-exec-3] DEBUG c.g.c.controller.FileController - Downloading file: fc284af6-76c3-40fc-b6ab-245bf05af010.jpg
2025-11-13 00:09:57 [http-nio-8088-exec-1] DEBUG c.g.c.controller.FileController - Downloading file: a10447e0-1a57-4b12-837d-218f6d3a6706.jpg
2025-11-13 00:09:57 [http-nio-8088-exec-2] DEBUG o.s.security.web.FilterChainProxy - Securing GET /api/v1/files/01377e1e-70ed-48ba-bd4a-6379aeff4856.jpg
2025-11-13 00:09:57 [http-nio-8088-exec-2] DEBUG o.s.s.w.a.AnonymousAuthenticationFilter - Set SecurityContextHolder to anonymous SecurityContext
2025-11-13 00:09:57 [http-nio-8088-exec-2] DEBUG o.s.security.web.FilterChainProxy - Secured GET /api/v1/files/01377e1e-70ed-48ba-bd4a-6379aeff4856.jpg
2025-11-13 00:09:57 [http-nio-8088-exec-2] DEBUG c.g.c.controller.FileController - Downloading file: 01377e1e-70ed-48ba-bd4a-6379aeff4856.jpg
2025-11-13 00:09:57 [http-nio-8088-exec-8] DEBUG o.s.security.web.FilterChainProxy - Securing GET /api/v1/files/5f0d97d1-f3b4-431e-99dd-ad80499705ba.jpg
2025-11-13 00:09:57 [http-nio-8088-exec-8] DEBUG o.s.s.w.a.AnonymousAuthenticationFilter - Set SecurityContextHolder to anonymous SecurityContext
2025-11-13 00:09:57 [http-nio-8088-exec-10] DEBUG o.s.security.web.FilterChainProxy - Securing GET /api/v1/files/399710fc-be76-468d-be99-161396dbd4a4.jpg
2025-11-13 00:09:57 [http-nio-8088-exec-8] DEBUG o.s.security.web.FilterChainProxy - Secured GET /api/v1/files/5f0d97d1-f3b4-431e-99dd-ad80499705ba.jpg
2025-11-13 00:09:57 [http-nio-8088-exec-10] DEBUG o.s.s.w.a.AnonymousAuthenticationFilter - Set SecurityContextHolder to anonymous SecurityContext
2025-11-13 00:09:57 [http-nio-8088-exec-10] DEBUG o.s.security.web.FilterChainProxy - Secured GET /api/v1/files/399710fc-be76-468d-be99-161396dbd4a4.jpg
2025-11-13 00:09:57 [http-nio-8088-exec-8] DEBUG c.g.c.controller.FileController - Downloading file: 5f0d97d1-f3b4-431e-99dd-ad80499705ba.jpg
2025-11-13 00:09:57 [http-nio-8088-exec-10] DEBUG c.g.c.controller.FileController - Downloading file: 399710fc-be76-468d-be99-161396dbd4a4.jpg
2025-11-13 00:09:57 [http-nio-8088-exec-5] DEBUG o.s.security.web.FilterChainProxy - Securing GET /api/v1/files/76508bcc-516c-4520-b640-75df6df6a0ca.jpg
2025-11-13 00:09:57 [http-nio-8088-exec-6] DEBUG o.s.security.web.FilterChainProxy - Securing GET /api/v1/files/a7ad5fc9-6e6e-4d2d-bf7f-0925fb9237ec.jpg
2025-11-13 00:09:57 [http-nio-8088-exec-6] DEBUG o.s.s.w.a.AnonymousAuthenticationFilter - Set SecurityContextHolder to anonymous SecurityContext
2025-11-13 00:09:57 [http-nio-8088-exec-6] DEBUG o.s.security.web.FilterChainProxy - Secured GET /api/v1/files/a7ad5fc9-6e6e-4d2d-bf7f-0925fb9237ec.jpg
2025-11-13 00:09:57 [http-nio-8088-exec-6] DEBUG c.g.c.controller.FileController - Downloading file: a7ad5fc9-6e6e-4d2d-bf7f-0925fb9237ec.jpg
2025-11-13 00:09:57 [http-nio-8088-exec-9] DEBUG org.hibernate.SQL - 
    select
        u1_0.id,
        u1_0.created_at,
        u1_0.email,
        u1_0.full_name,
        u1_0.password,
        u1_0.phone,
        u1_0.status,
        u1_0.updated_at,
        u1_0.username 
    from
        users u1_0 
    where
        u1_0.username=?
2025-11-13 00:09:57 [http-nio-8088-exec-5] DEBUG o.s.s.w.a.AnonymousAuthenticationFilter - Set SecurityContextHolder to anonymous SecurityContext
2025-11-13 00:09:57 [http-nio-8088-exec-5] DEBUG o.s.security.web.FilterChainProxy - Secured GET /api/v1/files/76508bcc-516c-4520-b640-75df6df6a0ca.jpg
2025-11-13 00:09:57 [http-nio-8088-exec-7] DEBUG o.s.security.web.FilterChainProxy - Securing GET /api/v1/files/3be6958d-8594-4f88-bf4a-caed30cc8686.jpg
2025-11-13 00:09:57 [http-nio-8088-exec-5] DEBUG c.g.c.controller.FileController - Downloading file: 76508bcc-516c-4520-b640-75df6df6a0ca.jpg
2025-11-13 00:09:57 [http-nio-8088-exec-7] DEBUG o.s.s.w.a.AnonymousAuthenticationFilter - Set SecurityContextHolder to anonymous SecurityContext
2025-11-13 00:09:57 [http-nio-8088-exec-7] DEBUG o.s.security.web.FilterChainProxy - Secured GET /api/v1/files/3be6958d-8594-4f88-bf4a-caed30cc8686.jpg
2025-11-13 00:09:57 [http-nio-8088-exec-7] DEBUG c.g.c.controller.FileController - Downloading file: 3be6958d-8594-4f88-bf4a-caed30cc8686.jpg
2025-11-13 00:09:57 [http-nio-8088-exec-9] DEBUG org.hibernate.SQL - 
    select
        r1_0.user_id,
        r1_1.id,
        r1_1.name 
    from
        user_roles r1_0 
    join
        roles r1_1 
            on r1_1.id=r1_0.role_id 
    where
        r1_0.user_id=?
2025-11-13 00:09:57 [http-nio-8088-exec-3] DEBUG o.s.security.web.FilterChainProxy - Securing GET /api/v1/files/dc7eea7e-d955-4e82-947f-8f3a275d09c8.jpg
2025-11-13 00:09:57 [http-nio-8088-exec-1] DEBUG o.s.security.web.FilterChainProxy - Securing GET /api/v1/files/4b9dcaa8-0825-4ee8-badc-86529e305d2a.jpg
2025-11-13 00:09:57 [http-nio-8088-exec-1] DEBUG o.s.s.w.a.AnonymousAuthenticationFilter - Set SecurityContextHolder to anonymous SecurityContext
2025-11-13 00:09:57 [http-nio-8088-exec-1] DEBUG o.s.security.web.FilterChainProxy - Secured GET /api/v1/files/4b9dcaa8-0825-4ee8-badc-86529e305d2a.jpg
2025-11-13 00:09:57 [http-nio-8088-exec-3] DEBUG o.s.s.w.a.AnonymousAuthenticationFilter - Set SecurityContextHolder to anonymous SecurityContext
2025-11-13 00:09:57 [http-nio-8088-exec-3] DEBUG o.s.security.web.FilterChainProxy - Secured GET /api/v1/files/dc7eea7e-d955-4e82-947f-8f3a275d09c8.jpg
2025-11-13 00:09:57 [http-nio-8088-exec-1] DEBUG c.g.c.controller.FileController - Downloading file: 4b9dcaa8-0825-4ee8-badc-86529e305d2a.jpg
2025-11-13 00:09:57 [http-nio-8088-exec-5] DEBUG o.s.security.web.FilterChainProxy - Securing GET /api/v1/files/257f1822-ec96-40c8-850e-a304cffa37fd.jpg
2025-11-13 00:09:57 [http-nio-8088-exec-5] DEBUG o.s.s.w.a.AnonymousAuthenticationFilter - Set SecurityContextHolder to anonymous SecurityContext
2025-11-13 00:09:57 [http-nio-8088-exec-3] DEBUG c.g.c.controller.FileController - Downloading file: dc7eea7e-d955-4e82-947f-8f3a275d09c8.jpg
2025-11-13 00:09:57 [http-nio-8088-exec-5] DEBUG o.s.security.web.FilterChainProxy - Secured GET /api/v1/files/257f1822-ec96-40c8-850e-a304cffa37fd.jpg
2025-11-13 00:09:57 [http-nio-8088-exec-5] DEBUG c.g.c.controller.FileController - Downloading file: 257f1822-ec96-40c8-850e-a304cffa37fd.jpg
2025-11-13 00:09:57 [http-nio-8088-exec-9] DEBUG o.s.security.web.FilterChainProxy - Secured GET /api/v1/categories
2025-11-13 00:09:57 [http-nio-8088-exec-9] DEBUG o.s.s.a.m.AuthorizationManagerBeforeMethodInterceptor - Authorizing method invocation ReflectiveMethodInvocation: public org.springframework.http.ResponseEntity com.giapho.coffee_shop_backend.controller.CategoryController.getAllCategories(); target is of class [com.giapho.coffee_shop_backend.controller.CategoryController]
2025-11-13 00:09:57 [http-nio-8088-exec-9] DEBUG o.s.s.a.m.AuthorizationManagerBeforeMethodInterceptor - Authorized method invocation ReflectiveMethodInvocation: public org.springframework.http.ResponseEntity com.giapho.coffee_shop_backend.controller.CategoryController.getAllCategories(); target is of class [com.giapho.coffee_shop_backend.controller.CategoryController]
2025-11-13 00:09:57 [http-nio-8088-exec-9] DEBUG org.hibernate.SQL - 
    select
        c1_0.id,
        c1_0.description,
        c1_0.name 
    from
        categories c1_0
2025-11-13 00:10:15 [http-nio-8088-exec-2] DEBUG o.s.security.web.FilterChainProxy - Securing GET /api/v1/tables
2025-11-13 00:10:15 [http-nio-8088-exec-2] DEBUG org.hibernate.SQL - 
    select
        u1_0.id,
        u1_0.created_at,
        u1_0.email,
        u1_0.full_name,
        u1_0.password,
        u1_0.phone,
        u1_0.status,
        u1_0.updated_at,
        u1_0.username 
    from
        users u1_0 
    where
        u1_0.username=?
2025-11-13 00:10:15 [http-nio-8088-exec-2] DEBUG org.hibernate.SQL - 
    select
        r1_0.user_id,
        r1_1.id,
        r1_1.name 
    from
        user_roles r1_0 
    join
        roles r1_1 
            on r1_1.id=r1_0.role_id 
    where
        r1_0.user_id=?
2025-11-13 00:10:15 [http-nio-8088-exec-2] DEBUG o.s.security.web.FilterChainProxy - Secured GET /api/v1/tables
2025-11-13 00:10:15 [http-nio-8088-exec-2] DEBUG o.s.s.a.m.AuthorizationManagerBeforeMethodInterceptor - Authorizing method invocation ReflectiveMethodInvocation: public org.springframework.http.ResponseEntity com.giapho.coffee_shop_backend.controller.CafeTableController.getAllTables(); target is of class [com.giapho.coffee_shop_backend.controller.CafeTableController]
2025-11-13 00:10:15 [http-nio-8088-exec-2] DEBUG o.s.s.a.m.AuthorizationManagerBeforeMethodInterceptor - Authorized method invocation ReflectiveMethodInvocation: public org.springframework.http.ResponseEntity com.giapho.coffee_shop_backend.controller.CafeTableController.getAllTables(); target is of class [com.giapho.coffee_shop_backend.controller.CafeTableController]
2025-11-13 00:10:15 [http-nio-8088-exec-2] DEBUG org.hibernate.SQL - 
    select
        ct1_0.id,
        ct1_0.capacity,
        ct1_0.name,
        ct1_0.status 
    from
        tables ct1_0
2025-11-13 00:10:47 [http-nio-8088-exec-10] DEBUG o.s.security.web.FilterChainProxy - Securing GET /api/v1/products?page=0&size=1000
2025-11-13 00:10:47 [http-nio-8088-exec-10] DEBUG org.hibernate.SQL - 
    select
        u1_0.id,
        u1_0.created_at,
        u1_0.email,
        u1_0.full_name,
        u1_0.password,
        u1_0.phone,
        u1_0.status,
        u1_0.updated_at,
        u1_0.username 
    from
        users u1_0 
    where
        u1_0.username=?
2025-11-13 00:10:47 [http-nio-8088-exec-10] DEBUG org.hibernate.SQL - 
    select
        r1_0.user_id,
        r1_1.id,
        r1_1.name 
    from
        user_roles r1_0 
    join
        roles r1_1 
            on r1_1.id=r1_0.role_id 
    where
        r1_0.user_id=?
2025-11-13 00:10:47 [http-nio-8088-exec-10] DEBUG o.s.security.web.FilterChainProxy - Secured GET /api/v1/products?page=0&size=1000
2025-11-13 00:10:47 [http-nio-8088-exec-10] DEBUG o.s.s.a.m.AuthorizationManagerBeforeMethodInterceptor - Authorizing method invocation ReflectiveMethodInvocation: public org.springframework.http.ResponseEntity com.giapho.coffee_shop_backend.controller.ProductController.getAllProducts(java.lang.String,java.lang.Long,org.springframework.data.domain.Pageable); target is of class [com.giapho.coffee_shop_backend.controller.ProductController]
2025-11-13 00:10:47 [http-nio-8088-exec-10] DEBUG o.s.s.a.m.AuthorizationManagerBeforeMethodInterceptor - Authorized method invocation ReflectiveMethodInvocation: public org.springframework.http.ResponseEntity com.giapho.coffee_shop_backend.controller.ProductController.getAllProducts(java.lang.String,java.lang.Long,org.springframework.data.domain.Pageable); target is of class [com.giapho.coffee_shop_backend.controller.ProductController]
2025-11-13 00:10:47 [http-nio-8088-exec-10] DEBUG org.hibernate.SQL - 
    select
        p1_0.id,
        p1_0.category_id,
        c1_0.id,
        c1_0.description,
        c1_0.name,
        p1_0.code,
        p1_0.cost,
        p1_0.created_at,
        p1_0.description,
        p1_0.image_url,
        p1_0.is_available,
        p1_0.name,
        p1_0.price,
        p1_0.updated_at 
    from
        products p1_0 
    join
        categories c1_0 
            on c1_0.id=p1_0.category_id 
    limit
        ?, ?
2025-11-13 00:10:47 [http-nio-8088-exec-8] DEBUG o.s.security.web.FilterChainProxy - Securing GET /api/v1/files/82b4818b-f0d2-4206-bfa5-298f7111d20c.jpg
2025-11-13 00:10:47 [http-nio-8088-exec-8] DEBUG o.s.s.w.a.AnonymousAuthenticationFilter - Set SecurityContextHolder to anonymous SecurityContext
2025-11-13 00:10:47 [http-nio-8088-exec-4] DEBUG o.s.security.web.FilterChainProxy - Securing GET /api/v1/files/b0fcea8f-74ab-4ff1-bd62-6557e0ccb1f2.jpg
2025-11-13 00:10:47 [http-nio-8088-exec-4] DEBUG o.s.s.w.a.AnonymousAuthenticationFilter - Set SecurityContextHolder to anonymous SecurityContext
2025-11-13 00:10:47 [http-nio-8088-exec-4] DEBUG o.s.security.web.FilterChainProxy - Secured GET /api/v1/files/b0fcea8f-74ab-4ff1-bd62-6557e0ccb1f2.jpg
2025-11-13 00:10:47 [http-nio-8088-exec-8] DEBUG o.s.security.web.FilterChainProxy - Secured GET /api/v1/files/82b4818b-f0d2-4206-bfa5-298f7111d20c.jpg
2025-11-13 00:10:47 [http-nio-8088-exec-3] DEBUG o.s.security.web.FilterChainProxy - Securing GET /api/v1/files/80cf5e3d-5d4c-4d1b-9e7d-0a0b8bfa00eb.jpg
2025-11-13 00:10:47 [http-nio-8088-exec-6] DEBUG o.s.security.web.FilterChainProxy - Securing GET /api/v1/files/56de7c12-082e-4eb3-b6cb-d84d8cc38775.jpg
2025-11-13 00:10:47 [http-nio-8088-exec-3] DEBUG o.s.s.w.a.AnonymousAuthenticationFilter - Set SecurityContextHolder to anonymous SecurityContext
2025-11-13 00:10:47 [http-nio-8088-exec-3] DEBUG o.s.security.web.FilterChainProxy - Secured GET /api/v1/files/80cf5e3d-5d4c-4d1b-9e7d-0a0b8bfa00eb.jpg
2025-11-13 00:10:47 [http-nio-8088-exec-4] DEBUG c.g.c.controller.FileController - Downloading file: b0fcea8f-74ab-4ff1-bd62-6557e0ccb1f2.jpg
2025-11-13 00:10:47 [http-nio-8088-exec-3] DEBUG c.g.c.controller.FileController - Downloading file: 80cf5e3d-5d4c-4d1b-9e7d-0a0b8bfa00eb.jpg
2025-11-13 00:10:47 [http-nio-8088-exec-7] DEBUG o.s.security.web.FilterChainProxy - Securing GET /api/v1/files/e267ade1-780a-4a34-adf1-ecb1b2948e21.jpg
2025-11-13 00:10:47 [http-nio-8088-exec-7] DEBUG o.s.s.w.a.AnonymousAuthenticationFilter - Set SecurityContextHolder to anonymous SecurityContext
2025-11-13 00:10:47 [http-nio-8088-exec-7] DEBUG o.s.security.web.FilterChainProxy - Secured GET /api/v1/files/e267ade1-780a-4a34-adf1-ecb1b2948e21.jpg
2025-11-13 00:10:47 [http-nio-8088-exec-8] DEBUG c.g.c.controller.FileController - Downloading file: 82b4818b-f0d2-4206-bfa5-298f7111d20c.jpg
2025-11-13 00:10:47 [http-nio-8088-exec-1] DEBUG o.s.security.web.FilterChainProxy - Securing GET /api/v1/files/358e5aef-6b26-4cb1-a997-97ac999d9dc1.jpg
2025-11-13 00:10:47 [http-nio-8088-exec-1] DEBUG o.s.s.w.a.AnonymousAuthenticationFilter - Set SecurityContextHolder to anonymous SecurityContext
2025-11-13 00:10:47 [http-nio-8088-exec-1] DEBUG o.s.security.web.FilterChainProxy - Secured GET /api/v1/files/358e5aef-6b26-4cb1-a997-97ac999d9dc1.jpg
2025-11-13 00:10:47 [http-nio-8088-exec-1] DEBUG c.g.c.controller.FileController - Downloading file: 358e5aef-6b26-4cb1-a997-97ac999d9dc1.jpg
2025-11-13 00:10:47 [http-nio-8088-exec-6] DEBUG o.s.s.w.a.AnonymousAuthenticationFilter - Set SecurityContextHolder to anonymous SecurityContext
2025-11-13 00:10:47 [http-nio-8088-exec-6] DEBUG o.s.security.web.FilterChainProxy - Secured GET /api/v1/files/56de7c12-082e-4eb3-b6cb-d84d8cc38775.jpg
2025-11-13 00:10:47 [http-nio-8088-exec-7] DEBUG c.g.c.controller.FileController - Downloading file: e267ade1-780a-4a34-adf1-ecb1b2948e21.jpg
2025-11-13 00:10:47 [http-nio-8088-exec-6] DEBUG c.g.c.controller.FileController - Downloading file: 56de7c12-082e-4eb3-b6cb-d84d8cc38775.jpg
2025-11-13 00:10:47 [http-nio-8088-exec-5] DEBUG o.s.security.web.FilterChainProxy - Securing GET /api/v1/categories
2025-11-13 00:10:47 [http-nio-8088-exec-9] DEBUG o.s.security.web.FilterChainProxy - Securing GET /api/v1/files/a10447e0-1a57-4b12-837d-218f6d3a6706.jpg
2025-11-13 00:10:47 [http-nio-8088-exec-9] DEBUG o.s.s.w.a.AnonymousAuthenticationFilter - Set SecurityContextHolder to anonymous SecurityContext
2025-11-13 00:10:47 [http-nio-8088-exec-9] DEBUG o.s.security.web.FilterChainProxy - Secured GET /api/v1/files/a10447e0-1a57-4b12-837d-218f6d3a6706.jpg
2025-11-13 00:10:47 [http-nio-8088-exec-9] DEBUG c.g.c.controller.FileController - Downloading file: a10447e0-1a57-4b12-837d-218f6d3a6706.jpg
2025-11-13 00:10:47 [http-nio-8088-exec-2] DEBUG o.s.security.web.FilterChainProxy - Securing GET /api/v1/files/01377e1e-70ed-48ba-bd4a-6379aeff4856.jpg
2025-11-13 00:10:47 [http-nio-8088-exec-2] DEBUG o.s.s.w.a.AnonymousAuthenticationFilter - Set SecurityContextHolder to anonymous SecurityContext
2025-11-13 00:10:47 [http-nio-8088-exec-2] DEBUG o.s.security.web.FilterChainProxy - Secured GET /api/v1/files/01377e1e-70ed-48ba-bd4a-6379aeff4856.jpg
2025-11-13 00:10:47 [http-nio-8088-exec-2] DEBUG c.g.c.controller.FileController - Downloading file: 01377e1e-70ed-48ba-bd4a-6379aeff4856.jpg
2025-11-13 00:10:47 [http-nio-8088-exec-10] DEBUG o.s.security.web.FilterChainProxy - Securing GET /api/v1/files/399710fc-be76-468d-be99-161396dbd4a4.jpg
2025-11-13 00:10:47 [http-nio-8088-exec-10] DEBUG o.s.s.w.a.AnonymousAuthenticationFilter - Set SecurityContextHolder to anonymous SecurityContext
2025-11-13 00:10:47 [http-nio-8088-exec-10] DEBUG o.s.security.web.FilterChainProxy - Secured GET /api/v1/files/399710fc-be76-468d-be99-161396dbd4a4.jpg
2025-11-13 00:10:47 [http-nio-8088-exec-10] DEBUG c.g.c.controller.FileController - Downloading file: 399710fc-be76-468d-be99-161396dbd4a4.jpg
2025-11-13 00:10:47 [http-nio-8088-exec-7] DEBUG o.s.security.web.FilterChainProxy - Securing GET /api/v1/files/5f0d97d1-f3b4-431e-99dd-ad80499705ba.jpg
2025-11-13 00:10:47 [http-nio-8088-exec-4] DEBUG o.s.security.web.FilterChainProxy - Securing GET /api/v1/files/fc284af6-76c3-40fc-b6ab-245bf05af010.jpg
2025-11-13 00:10:47 [http-nio-8088-exec-9] DEBUG o.s.security.web.FilterChainProxy - Securing GET /api/v1/files/587ac1e2-1a65-4144-bbb7-faff4eac57bd.jpg
2025-11-13 00:10:47 [http-nio-8088-exec-4] DEBUG o.s.s.w.a.AnonymousAuthenticationFilter - Set SecurityContextHolder to anonymous SecurityContext
2025-11-13 00:10:47 [http-nio-8088-exec-9] DEBUG o.s.s.w.a.AnonymousAuthenticationFilter - Set SecurityContextHolder to anonymous SecurityContext
2025-11-13 00:10:47 [http-nio-8088-exec-9] DEBUG o.s.security.web.FilterChainProxy - Secured GET /api/v1/files/587ac1e2-1a65-4144-bbb7-faff4eac57bd.jpg
2025-11-13 00:10:47 [http-nio-8088-exec-7] DEBUG o.s.s.w.a.AnonymousAuthenticationFilter - Set SecurityContextHolder to anonymous SecurityContext
2025-11-13 00:10:47 [http-nio-8088-exec-7] DEBUG o.s.security.web.FilterChainProxy - Secured GET /api/v1/files/5f0d97d1-f3b4-431e-99dd-ad80499705ba.jpg
2025-11-13 00:10:47 [http-nio-8088-exec-4] DEBUG o.s.security.web.FilterChainProxy - Secured GET /api/v1/files/fc284af6-76c3-40fc-b6ab-245bf05af010.jpg
2025-11-13 00:10:47 [http-nio-8088-exec-7] DEBUG c.g.c.controller.FileController - Downloading file: 5f0d97d1-f3b4-431e-99dd-ad80499705ba.jpg
2025-11-13 00:10:47 [http-nio-8088-exec-9] DEBUG c.g.c.controller.FileController - Downloading file: 587ac1e2-1a65-4144-bbb7-faff4eac57bd.jpg
2025-11-13 00:10:47 [http-nio-8088-exec-4] DEBUG c.g.c.controller.FileController - Downloading file: fc284af6-76c3-40fc-b6ab-245bf05af010.jpg
2025-11-13 00:10:47 [http-nio-8088-exec-8] DEBUG o.s.security.web.FilterChainProxy - Securing GET /api/v1/files/76508bcc-516c-4520-b640-75df6df6a0ca.jpg
2025-11-13 00:10:47 [http-nio-8088-exec-8] DEBUG o.s.s.w.a.AnonymousAuthenticationFilter - Set SecurityContextHolder to anonymous SecurityContext
2025-11-13 00:10:47 [http-nio-8088-exec-1] DEBUG o.s.security.web.FilterChainProxy - Securing GET /api/v1/files/a7ad5fc9-6e6e-4d2d-bf7f-0925fb9237ec.jpg
2025-11-13 00:10:47 [http-nio-8088-exec-1] DEBUG o.s.s.w.a.AnonymousAuthenticationFilter - Set SecurityContextHolder to anonymous SecurityContext
2025-11-13 00:10:47 [http-nio-8088-exec-8] DEBUG o.s.security.web.FilterChainProxy - Secured GET /api/v1/files/76508bcc-516c-4520-b640-75df6df6a0ca.jpg
2025-11-13 00:10:47 [http-nio-8088-exec-1] DEBUG o.s.security.web.FilterChainProxy - Secured GET /api/v1/files/a7ad5fc9-6e6e-4d2d-bf7f-0925fb9237ec.jpg
2025-11-13 00:10:47 [http-nio-8088-exec-1] DEBUG c.g.c.controller.FileController - Downloading file: a7ad5fc9-6e6e-4d2d-bf7f-0925fb9237ec.jpg
2025-11-13 00:10:47 [http-nio-8088-exec-3] DEBUG o.s.security.web.FilterChainProxy - Securing GET /api/v1/files/3be6958d-8594-4f88-bf4a-caed30cc8686.jpg
2025-11-13 00:10:47 [http-nio-8088-exec-3] DEBUG o.s.s.w.a.AnonymousAuthenticationFilter - Set SecurityContextHolder to anonymous SecurityContext
2025-11-13 00:10:47 [http-nio-8088-exec-3] DEBUG o.s.security.web.FilterChainProxy - Secured GET /api/v1/files/3be6958d-8594-4f88-bf4a-caed30cc8686.jpg
2025-11-13 00:10:47 [http-nio-8088-exec-8] DEBUG c.g.c.controller.FileController - Downloading file: 76508bcc-516c-4520-b640-75df6df6a0ca.jpg
2025-11-13 00:10:47 [http-nio-8088-exec-3] DEBUG c.g.c.controller.FileController - Downloading file: 3be6958d-8594-4f88-bf4a-caed30cc8686.jpg
2025-11-13 00:10:47 [http-nio-8088-exec-5] DEBUG org.hibernate.SQL - 
    select
        u1_0.id,
        u1_0.created_at,
        u1_0.email,
        u1_0.full_name,
        u1_0.password,
        u1_0.phone,
        u1_0.status,
        u1_0.updated_at,
        u1_0.username 
    from
        users u1_0 
    where
        u1_0.username=?
2025-11-13 00:10:47 [http-nio-8088-exec-3] DEBUG o.s.security.web.FilterChainProxy - Securing GET /api/v1/files/4b9dcaa8-0825-4ee8-badc-86529e305d2a.jpg
2025-11-13 00:10:47 [http-nio-8088-exec-3] DEBUG o.s.s.w.a.AnonymousAuthenticationFilter - Set SecurityContextHolder to anonymous SecurityContext
2025-11-13 00:10:47 [http-nio-8088-exec-3] DEBUG o.s.security.web.FilterChainProxy - Secured GET /api/v1/files/4b9dcaa8-0825-4ee8-badc-86529e305d2a.jpg
2025-11-13 00:10:47 [http-nio-8088-exec-3] DEBUG c.g.c.controller.FileController - Downloading file: 4b9dcaa8-0825-4ee8-badc-86529e305d2a.jpg
2025-11-13 00:10:47 [http-nio-8088-exec-9] DEBUG o.s.security.web.FilterChainProxy - Securing GET /api/v1/files/dc7eea7e-d955-4e82-947f-8f3a275d09c8.jpg
2025-11-13 00:10:47 [http-nio-8088-exec-9] DEBUG o.s.s.w.a.AnonymousAuthenticationFilter - Set SecurityContextHolder to anonymous SecurityContext
2025-11-13 00:10:47 [http-nio-8088-exec-9] DEBUG o.s.security.web.FilterChainProxy - Secured GET /api/v1/files/dc7eea7e-d955-4e82-947f-8f3a275d09c8.jpg
2025-11-13 00:10:47 [http-nio-8088-exec-9] DEBUG c.g.c.controller.FileController - Downloading file: dc7eea7e-d955-4e82-947f-8f3a275d09c8.jpg
2025-11-13 00:10:47 [http-nio-8088-exec-1] DEBUG o.s.security.web.FilterChainProxy - Securing GET /api/v1/files/257f1822-ec96-40c8-850e-a304cffa37fd.jpg
2025-11-13 00:10:47 [http-nio-8088-exec-1] DEBUG o.s.s.w.a.AnonymousAuthenticationFilter - Set SecurityContextHolder to anonymous SecurityContext
2025-11-13 00:10:47 [http-nio-8088-exec-1] DEBUG o.s.security.web.FilterChainProxy - Secured GET /api/v1/files/257f1822-ec96-40c8-850e-a304cffa37fd.jpg
2025-11-13 00:10:47 [http-nio-8088-exec-5] DEBUG org.hibernate.SQL - 
    select
        r1_0.user_id,
        r1_1.id,
        r1_1.name 
    from
        user_roles r1_0 
    join
        roles r1_1 
            on r1_1.id=r1_0.role_id 
    where
        r1_0.user_id=?
2025-11-13 00:10:47 [http-nio-8088-exec-1] DEBUG c.g.c.controller.FileController - Downloading file: 257f1822-ec96-40c8-850e-a304cffa37fd.jpg
2025-11-13 00:10:47 [http-nio-8088-exec-5] DEBUG o.s.security.web.FilterChainProxy - Secured GET /api/v1/categories
2025-11-13 00:10:47 [http-nio-8088-exec-5] DEBUG o.s.s.a.m.AuthorizationManagerBeforeMethodInterceptor - Authorizing method invocation ReflectiveMethodInvocation: public org.springframework.http.ResponseEntity com.giapho.coffee_shop_backend.controller.CategoryController.getAllCategories(); target is of class [com.giapho.coffee_shop_backend.controller.CategoryController]
2025-11-13 00:10:47 [http-nio-8088-exec-5] DEBUG o.s.s.a.m.AuthorizationManagerBeforeMethodInterceptor - Authorized method invocation ReflectiveMethodInvocation: public org.springframework.http.ResponseEntity com.giapho.coffee_shop_backend.controller.CategoryController.getAllCategories(); target is of class [com.giapho.coffee_shop_backend.controller.CategoryController]
2025-11-13 00:10:47 [http-nio-8088-exec-5] DEBUG org.hibernate.SQL - 
    select
        c1_0.id,
        c1_0.description,
        c1_0.name 
    from
        categories c1_0
2025-11-13 00:11:03 [http-nio-8088-exec-2] DEBUG o.s.security.web.FilterChainProxy - Securing GET /api/v1/tables
2025-11-13 00:11:03 [http-nio-8088-exec-6] DEBUG o.s.security.web.FilterChainProxy - Securing GET /api/v1/products?page=0&size=1000
2025-11-13 00:11:03 [http-nio-8088-exec-10] DEBUG o.s.security.web.FilterChainProxy - Securing GET /api/v1/customers?page=0&size=1000
2025-11-13 00:11:03 [http-nio-8088-exec-2] DEBUG org.hibernate.SQL - 
    select
        u1_0.id,
        u1_0.created_at,
        u1_0.email,
        u1_0.full_name,
        u1_0.password,
        u1_0.phone,
        u1_0.status,
        u1_0.updated_at,
        u1_0.username 
    from
        users u1_0 
    where
        u1_0.username=?
2025-11-13 00:11:03 [http-nio-8088-exec-6] DEBUG org.hibernate.SQL - 
    select
        u1_0.id,
        u1_0.created_at,
        u1_0.email,
        u1_0.full_name,
        u1_0.password,
        u1_0.phone,
        u1_0.status,
        u1_0.updated_at,
        u1_0.username 
    from
        users u1_0 
    where
        u1_0.username=?
2025-11-13 00:11:03 [http-nio-8088-exec-10] DEBUG org.hibernate.SQL - 
    select
        u1_0.id,
        u1_0.created_at,
        u1_0.email,
        u1_0.full_name,
        u1_0.password,
        u1_0.phone,
        u1_0.status,
        u1_0.updated_at,
        u1_0.username 
    from
        users u1_0 
    where
        u1_0.username=?
2025-11-13 00:11:03 [http-nio-8088-exec-10] DEBUG org.hibernate.SQL - 
    select
        r1_0.user_id,
        r1_1.id,
        r1_1.name 
    from
        user_roles r1_0 
    join
        roles r1_1 
            on r1_1.id=r1_0.role_id 
    where
        r1_0.user_id=?
2025-11-13 00:11:03 [http-nio-8088-exec-6] DEBUG org.hibernate.SQL - 
    select
        r1_0.user_id,
        r1_1.id,
        r1_1.name 
    from
        user_roles r1_0 
    join
        roles r1_1 
            on r1_1.id=r1_0.role_id 
    where
        r1_0.user_id=?
2025-11-13 00:11:03 [http-nio-8088-exec-2] DEBUG org.hibernate.SQL - 
    select
        r1_0.user_id,
        r1_1.id,
        r1_1.name 
    from
        user_roles r1_0 
    join
        roles r1_1 
            on r1_1.id=r1_0.role_id 
    where
        r1_0.user_id=?
2025-11-13 00:11:03 [http-nio-8088-exec-2] DEBUG o.s.security.web.FilterChainProxy - Secured GET /api/v1/tables
2025-11-13 00:11:03 [http-nio-8088-exec-6] DEBUG o.s.security.web.FilterChainProxy - Secured GET /api/v1/products?page=0&size=1000
2025-11-13 00:11:03 [http-nio-8088-exec-10] DEBUG o.s.security.web.FilterChainProxy - Secured GET /api/v1/customers?page=0&size=1000
2025-11-13 00:11:03 [http-nio-8088-exec-2] DEBUG o.s.s.a.m.AuthorizationManagerBeforeMethodInterceptor - Authorizing method invocation ReflectiveMethodInvocation: public org.springframework.http.ResponseEntity com.giapho.coffee_shop_backend.controller.CafeTableController.getAllTables(); target is of class [com.giapho.coffee_shop_backend.controller.CafeTableController]
2025-11-13 00:11:03 [http-nio-8088-exec-2] DEBUG o.s.s.a.m.AuthorizationManagerBeforeMethodInterceptor - Authorized method invocation ReflectiveMethodInvocation: public org.springframework.http.ResponseEntity com.giapho.coffee_shop_backend.controller.CafeTableController.getAllTables(); target is of class [com.giapho.coffee_shop_backend.controller.CafeTableController]
2025-11-13 00:11:03 [http-nio-8088-exec-6] DEBUG o.s.s.a.m.AuthorizationManagerBeforeMethodInterceptor - Authorizing method invocation ReflectiveMethodInvocation: public org.springframework.http.ResponseEntity com.giapho.coffee_shop_backend.controller.ProductController.getAllProducts(java.lang.String,java.lang.Long,org.springframework.data.domain.Pageable); target is of class [com.giapho.coffee_shop_backend.controller.ProductController]
2025-11-13 00:11:03 [http-nio-8088-exec-6] DEBUG o.s.s.a.m.AuthorizationManagerBeforeMethodInterceptor - Authorized method invocation ReflectiveMethodInvocation: public org.springframework.http.ResponseEntity com.giapho.coffee_shop_backend.controller.ProductController.getAllProducts(java.lang.String,java.lang.Long,org.springframework.data.domain.Pageable); target is of class [com.giapho.coffee_shop_backend.controller.ProductController]
2025-11-13 00:11:03 [http-nio-8088-exec-10] DEBUG o.s.s.a.m.AuthorizationManagerBeforeMethodInterceptor - Authorizing method invocation ReflectiveMethodInvocation: public org.springframework.http.ResponseEntity com.giapho.coffee_shop_backend.controller.CustomerController.searchCustomers(java.lang.String,org.springframework.data.domain.Pageable); target is of class [com.giapho.coffee_shop_backend.controller.CustomerController]
2025-11-13 00:11:03 [http-nio-8088-exec-10] DEBUG o.s.s.a.m.AuthorizationManagerBeforeMethodInterceptor - Authorized method invocation ReflectiveMethodInvocation: public org.springframework.http.ResponseEntity com.giapho.coffee_shop_backend.controller.CustomerController.searchCustomers(java.lang.String,org.springframework.data.domain.Pageable); target is of class [com.giapho.coffee_shop_backend.controller.CustomerController]
2025-11-13 00:11:03 [http-nio-8088-exec-2] DEBUG org.hibernate.SQL - 
    select
        ct1_0.id,
        ct1_0.capacity,
        ct1_0.name,
        ct1_0.status 
    from
        tables ct1_0
2025-11-13 00:11:03 [http-nio-8088-exec-6] DEBUG org.hibernate.SQL - 
    select
        p1_0.id,
        p1_0.category_id,
        c1_0.id,
        c1_0.description,
        c1_0.name,
        p1_0.code,
        p1_0.cost,
        p1_0.created_at,
        p1_0.description,
        p1_0.image_url,
        p1_0.is_available,
        p1_0.name,
        p1_0.price,
        p1_0.updated_at 
    from
        products p1_0 
    join
        categories c1_0 
            on c1_0.id=p1_0.category_id 
    limit
        ?, ?
2025-11-13 00:11:03 [http-nio-8088-exec-10] DEBUG org.hibernate.SQL - 
    select
        c1_0.id,
        c1_0.created_at,
        c1_0.email,
        c1_0.full_name,
        c1_0.loyalty_points,
        c1_0.phone,
        c1_0.updated_at 
    from
        customers c1_0 
    order by
        c1_0.full_name 
    limit
        ?, ?
2025-11-13 00:11:03 [http-nio-8088-exec-4] DEBUG o.s.security.web.FilterChainProxy - Securing GET /api/v1/files/56de7c12-082e-4eb3-b6cb-d84d8cc38775.jpg
2025-11-13 00:11:03 [http-nio-8088-exec-7] DEBUG o.s.security.web.FilterChainProxy - Securing GET /api/v1/files/82b4818b-f0d2-4206-bfa5-298f7111d20c.jpg
2025-11-13 00:11:03 [http-nio-8088-exec-4] DEBUG o.s.s.w.a.AnonymousAuthenticationFilter - Set SecurityContextHolder to anonymous SecurityContext
2025-11-13 00:11:03 [http-nio-8088-exec-7] DEBUG o.s.s.w.a.AnonymousAuthenticationFilter - Set SecurityContextHolder to anonymous SecurityContext
2025-11-13 00:11:03 [http-nio-8088-exec-4] DEBUG o.s.security.web.FilterChainProxy - Secured GET /api/v1/files/56de7c12-082e-4eb3-b6cb-d84d8cc38775.jpg
2025-11-13 00:11:03 [http-nio-8088-exec-7] DEBUG o.s.security.web.FilterChainProxy - Secured GET /api/v1/files/82b4818b-f0d2-4206-bfa5-298f7111d20c.jpg
2025-11-13 00:11:03 [http-nio-8088-exec-4] DEBUG c.g.c.controller.FileController - Downloading file: 56de7c12-082e-4eb3-b6cb-d84d8cc38775.jpg
2025-11-13 00:11:03 [http-nio-8088-exec-9] DEBUG o.s.security.web.FilterChainProxy - Securing GET /api/v1/files/e267ade1-780a-4a34-adf1-ecb1b2948e21.jpg
2025-11-13 00:11:03 [http-nio-8088-exec-9] DEBUG o.s.s.w.a.AnonymousAuthenticationFilter - Set SecurityContextHolder to anonymous SecurityContext
2025-11-13 00:11:03 [http-nio-8088-exec-7] DEBUG c.g.c.controller.FileController - Downloading file: 82b4818b-f0d2-4206-bfa5-298f7111d20c.jpg
2025-11-13 00:11:03 [http-nio-8088-exec-9] DEBUG o.s.security.web.FilterChainProxy - Secured GET /api/v1/files/e267ade1-780a-4a34-adf1-ecb1b2948e21.jpg
2025-11-13 00:11:03 [http-nio-8088-exec-9] DEBUG c.g.c.controller.FileController - Downloading file: e267ade1-780a-4a34-adf1-ecb1b2948e21.jpg
2025-11-13 00:11:03 [http-nio-8088-exec-1] DEBUG o.s.security.web.FilterChainProxy - Securing GET /api/v1/files/358e5aef-6b26-4cb1-a997-97ac999d9dc1.jpg
2025-11-13 00:11:03 [http-nio-8088-exec-1] DEBUG o.s.s.w.a.AnonymousAuthenticationFilter - Set SecurityContextHolder to anonymous SecurityContext
2025-11-13 00:11:03 [http-nio-8088-exec-1] DEBUG o.s.security.web.FilterChainProxy - Secured GET /api/v1/files/358e5aef-6b26-4cb1-a997-97ac999d9dc1.jpg
2025-11-13 00:11:03 [http-nio-8088-exec-1] DEBUG c.g.c.controller.FileController - Downloading file: 358e5aef-6b26-4cb1-a997-97ac999d9dc1.jpg
2025-11-13 00:11:03 [http-nio-8088-exec-3] DEBUG o.s.security.web.FilterChainProxy - Securing GET /api/v1/files/80cf5e3d-5d4c-4d1b-9e7d-0a0b8bfa00eb.jpg
2025-11-13 00:11:03 [http-nio-8088-exec-8] DEBUG o.s.security.web.FilterChainProxy - Securing GET /api/v1/files/b0fcea8f-74ab-4ff1-bd62-6557e0ccb1f2.jpg
2025-11-13 00:11:03 [http-nio-8088-exec-3] DEBUG o.s.s.w.a.AnonymousAuthenticationFilter - Set SecurityContextHolder to anonymous SecurityContext
2025-11-13 00:11:03 [http-nio-8088-exec-8] DEBUG o.s.s.w.a.AnonymousAuthenticationFilter - Set SecurityContextHolder to anonymous SecurityContext
2025-11-13 00:11:03 [http-nio-8088-exec-8] DEBUG o.s.security.web.FilterChainProxy - Secured GET /api/v1/files/b0fcea8f-74ab-4ff1-bd62-6557e0ccb1f2.jpg
2025-11-13 00:11:03 [http-nio-8088-exec-5] DEBUG o.s.security.web.FilterChainProxy - Securing GET /api/v1/categories
2025-11-13 00:11:03 [http-nio-8088-exec-8] DEBUG c.g.c.controller.FileController - Downloading file: b0fcea8f-74ab-4ff1-bd62-6557e0ccb1f2.jpg
2025-11-13 00:11:03 [http-nio-8088-exec-3] DEBUG o.s.security.web.FilterChainProxy - Secured GET /api/v1/files/80cf5e3d-5d4c-4d1b-9e7d-0a0b8bfa00eb.jpg
2025-11-13 00:11:03 [http-nio-8088-exec-3] DEBUG c.g.c.controller.FileController - Downloading file: 80cf5e3d-5d4c-4d1b-9e7d-0a0b8bfa00eb.jpg
2025-11-13 00:11:03 [http-nio-8088-exec-2] DEBUG o.s.security.web.FilterChainProxy - Securing GET /api/v1/files/587ac1e2-1a65-4144-bbb7-faff4eac57bd.jpg
2025-11-13 00:11:03 [http-nio-8088-exec-2] DEBUG o.s.s.w.a.AnonymousAuthenticationFilter - Set SecurityContextHolder to anonymous SecurityContext
2025-11-13 00:11:03 [http-nio-8088-exec-2] DEBUG o.s.security.web.FilterChainProxy - Secured GET /api/v1/files/587ac1e2-1a65-4144-bbb7-faff4eac57bd.jpg
2025-11-13 00:11:03 [http-nio-8088-exec-10] DEBUG o.s.security.web.FilterChainProxy - Securing GET /api/v1/files/fc284af6-76c3-40fc-b6ab-245bf05af010.jpg
2025-11-13 00:11:03 [http-nio-8088-exec-10] DEBUG o.s.s.w.a.AnonymousAuthenticationFilter - Set SecurityContextHolder to anonymous SecurityContext
2025-11-13 00:11:03 [http-nio-8088-exec-10] DEBUG o.s.security.web.FilterChainProxy - Secured GET /api/v1/files/fc284af6-76c3-40fc-b6ab-245bf05af010.jpg
2025-11-13 00:11:03 [http-nio-8088-exec-2] DEBUG c.g.c.controller.FileController - Downloading file: 587ac1e2-1a65-4144-bbb7-faff4eac57bd.jpg
2025-11-13 00:11:03 [http-nio-8088-exec-10] DEBUG c.g.c.controller.FileController - Downloading file: fc284af6-76c3-40fc-b6ab-245bf05af010.jpg
2025-11-13 00:11:03 [http-nio-8088-exec-5] DEBUG org.hibernate.SQL - 
    select
        u1_0.id,
        u1_0.created_at,
        u1_0.email,
        u1_0.full_name,
        u1_0.password,
        u1_0.phone,
        u1_0.status,
        u1_0.updated_at,
        u1_0.username 
    from
        users u1_0 
    where
        u1_0.username=?
2025-11-13 00:11:03 [http-nio-8088-exec-6] DEBUG o.s.security.web.FilterChainProxy - Securing GET /api/v1/files/a10447e0-1a57-4b12-837d-218f6d3a6706.jpg
2025-11-13 00:11:03 [http-nio-8088-exec-6] DEBUG o.s.s.w.a.AnonymousAuthenticationFilter - Set SecurityContextHolder to anonymous SecurityContext
2025-11-13 00:11:03 [http-nio-8088-exec-6] DEBUG o.s.security.web.FilterChainProxy - Secured GET /api/v1/files/a10447e0-1a57-4b12-837d-218f6d3a6706.jpg
2025-11-13 00:11:03 [http-nio-8088-exec-8] DEBUG o.s.security.web.FilterChainProxy - Securing GET /api/v1/files/01377e1e-70ed-48ba-bd4a-6379aeff4856.jpg
2025-11-13 00:11:03 [http-nio-8088-exec-8] DEBUG o.s.s.w.a.AnonymousAuthenticationFilter - Set SecurityContextHolder to anonymous SecurityContext
2025-11-13 00:11:03 [http-nio-8088-exec-8] DEBUG o.s.security.web.FilterChainProxy - Secured GET /api/v1/files/01377e1e-70ed-48ba-bd4a-6379aeff4856.jpg
2025-11-13 00:11:03 [http-nio-8088-exec-6] DEBUG c.g.c.controller.FileController - Downloading file: a10447e0-1a57-4b12-837d-218f6d3a6706.jpg
2025-11-13 00:11:03 [http-nio-8088-exec-8] DEBUG c.g.c.controller.FileController - Downloading file: 01377e1e-70ed-48ba-bd4a-6379aeff4856.jpg
2025-11-13 00:11:03 [http-nio-8088-exec-10] DEBUG o.s.security.web.FilterChainProxy - Securing GET /api/v1/files/399710fc-be76-468d-be99-161396dbd4a4.jpg
2025-11-13 00:11:03 [http-nio-8088-exec-10] DEBUG o.s.s.w.a.AnonymousAuthenticationFilter - Set SecurityContextHolder to anonymous SecurityContext
2025-11-13 00:11:03 [http-nio-8088-exec-10] DEBUG o.s.security.web.FilterChainProxy - Secured GET /api/v1/files/399710fc-be76-468d-be99-161396dbd4a4.jpg
2025-11-13 00:11:03 [http-nio-8088-exec-1] DEBUG o.s.security.web.FilterChainProxy - Securing GET /api/v1/files/5f0d97d1-f3b4-431e-99dd-ad80499705ba.jpg
2025-11-13 00:11:03 [http-nio-8088-exec-1] DEBUG o.s.s.w.a.AnonymousAuthenticationFilter - Set SecurityContextHolder to anonymous SecurityContext
2025-11-13 00:11:03 [http-nio-8088-exec-10] DEBUG c.g.c.controller.FileController - Downloading file: 399710fc-be76-468d-be99-161396dbd4a4.jpg
2025-11-13 00:11:03 [http-nio-8088-exec-1] DEBUG o.s.security.web.FilterChainProxy - Secured GET /api/v1/files/5f0d97d1-f3b4-431e-99dd-ad80499705ba.jpg
2025-11-13 00:11:03 [http-nio-8088-exec-1] DEBUG c.g.c.controller.FileController - Downloading file: 5f0d97d1-f3b4-431e-99dd-ad80499705ba.jpg
2025-11-13 00:11:03 [http-nio-8088-exec-4] DEBUG o.s.security.web.FilterChainProxy - Securing GET /api/v1/files/a7ad5fc9-6e6e-4d2d-bf7f-0925fb9237ec.jpg
2025-11-13 00:11:03 [http-nio-8088-exec-2] DEBUG o.s.security.web.FilterChainProxy - Securing GET /api/v1/files/3be6958d-8594-4f88-bf4a-caed30cc8686.jpg
2025-11-13 00:11:03 [http-nio-8088-exec-4] DEBUG o.s.s.w.a.AnonymousAuthenticationFilter - Set SecurityContextHolder to anonymous SecurityContext
2025-11-13 00:11:03 [http-nio-8088-exec-2] DEBUG o.s.s.w.a.AnonymousAuthenticationFilter - Set SecurityContextHolder to anonymous SecurityContext
2025-11-13 00:11:03 [http-nio-8088-exec-2] DEBUG o.s.security.web.FilterChainProxy - Secured GET /api/v1/files/3be6958d-8594-4f88-bf4a-caed30cc8686.jpg
2025-11-13 00:11:03 [http-nio-8088-exec-6] DEBUG o.s.security.web.FilterChainProxy - Securing GET /api/v1/files/76508bcc-516c-4520-b640-75df6df6a0ca.jpg
2025-11-13 00:11:03 [http-nio-8088-exec-6] DEBUG o.s.s.w.a.AnonymousAuthenticationFilter - Set SecurityContextHolder to anonymous SecurityContext
2025-11-13 00:11:03 [http-nio-8088-exec-6] DEBUG o.s.security.web.FilterChainProxy - Secured GET /api/v1/files/76508bcc-516c-4520-b640-75df6df6a0ca.jpg
2025-11-13 00:11:03 [http-nio-8088-exec-6] DEBUG c.g.c.controller.FileController - Downloading file: 76508bcc-516c-4520-b640-75df6df6a0ca.jpg
2025-11-13 00:11:03 [http-nio-8088-exec-5] DEBUG org.hibernate.SQL - 
    select
        r1_0.user_id,
        r1_1.id,
        r1_1.name 
    from
        user_roles r1_0 
    join
        roles r1_1 
            on r1_1.id=r1_0.role_id 
    where
        r1_0.user_id=?
2025-11-13 00:11:03 [http-nio-8088-exec-4] DEBUG o.s.security.web.FilterChainProxy - Secured GET /api/v1/files/a7ad5fc9-6e6e-4d2d-bf7f-0925fb9237ec.jpg
2025-11-13 00:11:03 [http-nio-8088-exec-2] DEBUG c.g.c.controller.FileController - Downloading file: 3be6958d-8594-4f88-bf4a-caed30cc8686.jpg
2025-11-13 00:11:03 [http-nio-8088-exec-4] DEBUG c.g.c.controller.FileController - Downloading file: a7ad5fc9-6e6e-4d2d-bf7f-0925fb9237ec.jpg
2025-11-13 00:11:03 [http-nio-8088-exec-8] DEBUG o.s.security.web.FilterChainProxy - Securing GET /api/v1/files/dc7eea7e-d955-4e82-947f-8f3a275d09c8.jpg
2025-11-13 00:11:03 [http-nio-8088-exec-8] DEBUG o.s.s.w.a.AnonymousAuthenticationFilter - Set SecurityContextHolder to anonymous SecurityContext
2025-11-13 00:11:03 [http-nio-8088-exec-3] DEBUG o.s.security.web.FilterChainProxy - Securing GET /api/v1/files/4b9dcaa8-0825-4ee8-badc-86529e305d2a.jpg
2025-11-13 00:11:03 [http-nio-8088-exec-3] DEBUG o.s.s.w.a.AnonymousAuthenticationFilter - Set SecurityContextHolder to anonymous SecurityContext
2025-11-13 00:11:03 [http-nio-8088-exec-3] DEBUG o.s.security.web.FilterChainProxy - Secured GET /api/v1/files/4b9dcaa8-0825-4ee8-badc-86529e305d2a.jpg
2025-11-13 00:11:03 [http-nio-8088-exec-3] DEBUG c.g.c.controller.FileController - Downloading file: 4b9dcaa8-0825-4ee8-badc-86529e305d2a.jpg
2025-11-13 00:11:03 [http-nio-8088-exec-8] DEBUG o.s.security.web.FilterChainProxy - Secured GET /api/v1/files/dc7eea7e-d955-4e82-947f-8f3a275d09c8.jpg
2025-11-13 00:11:03 [http-nio-8088-exec-8] DEBUG c.g.c.controller.FileController - Downloading file: dc7eea7e-d955-4e82-947f-8f3a275d09c8.jpg
2025-11-13 00:11:03 [http-nio-8088-exec-3] DEBUG o.s.security.web.FilterChainProxy - Securing GET /api/v1/files/257f1822-ec96-40c8-850e-a304cffa37fd.jpg
2025-11-13 00:11:03 [http-nio-8088-exec-3] DEBUG o.s.s.w.a.AnonymousAuthenticationFilter - Set SecurityContextHolder to anonymous SecurityContext
2025-11-13 00:11:03 [http-nio-8088-exec-3] DEBUG o.s.security.web.FilterChainProxy - Secured GET /api/v1/files/257f1822-ec96-40c8-850e-a304cffa37fd.jpg
2025-11-13 00:11:03 [http-nio-8088-exec-3] DEBUG c.g.c.controller.FileController - Downloading file: 257f1822-ec96-40c8-850e-a304cffa37fd.jpg
2025-11-13 00:11:03 [http-nio-8088-exec-5] DEBUG o.s.security.web.FilterChainProxy - Secured GET /api/v1/categories
2025-11-13 00:11:03 [http-nio-8088-exec-5] DEBUG o.s.s.a.m.AuthorizationManagerBeforeMethodInterceptor - Authorizing method invocation ReflectiveMethodInvocation: public org.springframework.http.ResponseEntity com.giapho.coffee_shop_backend.controller.CategoryController.getAllCategories(); target is of class [com.giapho.coffee_shop_backend.controller.CategoryController]
2025-11-13 00:11:03 [http-nio-8088-exec-5] DEBUG o.s.s.a.m.AuthorizationManagerBeforeMethodInterceptor - Authorized method invocation ReflectiveMethodInvocation: public org.springframework.http.ResponseEntity com.giapho.coffee_shop_backend.controller.CategoryController.getAllCategories(); target is of class [com.giapho.coffee_shop_backend.controller.CategoryController]
2025-11-13 00:11:03 [http-nio-8088-exec-5] DEBUG org.hibernate.SQL - 
    select
        c1_0.id,
        c1_0.description,
        c1_0.name 
    from
        categories c1_0
2025-11-13 00:11:21 [http-nio-8088-exec-9] DEBUG o.s.security.web.FilterChainProxy - Securing GET /api/v1/products?page=0&size=1000
2025-11-13 00:11:21 [http-nio-8088-exec-9] DEBUG org.hibernate.SQL - 
    select
        u1_0.id,
        u1_0.created_at,
        u1_0.email,
        u1_0.full_name,
        u1_0.password,
        u1_0.phone,
        u1_0.status,
        u1_0.updated_at,
        u1_0.username 
    from
        users u1_0 
    where
        u1_0.username=?
2025-11-13 00:11:21 [http-nio-8088-exec-9] DEBUG org.hibernate.SQL - 
    select
        r1_0.user_id,
        r1_1.id,
        r1_1.name 
    from
        user_roles r1_0 
    join
        roles r1_1 
            on r1_1.id=r1_0.role_id 
    where
        r1_0.user_id=?
2025-11-13 00:11:21 [http-nio-8088-exec-9] DEBUG o.s.security.web.FilterChainProxy - Secured GET /api/v1/products?page=0&size=1000
2025-11-13 00:11:21 [http-nio-8088-exec-9] DEBUG o.s.s.a.m.AuthorizationManagerBeforeMethodInterceptor - Authorizing method invocation ReflectiveMethodInvocation: public org.springframework.http.ResponseEntity com.giapho.coffee_shop_backend.controller.ProductController.getAllProducts(java.lang.String,java.lang.Long,org.springframework.data.domain.Pageable); target is of class [com.giapho.coffee_shop_backend.controller.ProductController]
2025-11-13 00:11:21 [http-nio-8088-exec-9] DEBUG o.s.s.a.m.AuthorizationManagerBeforeMethodInterceptor - Authorized method invocation ReflectiveMethodInvocation: public org.springframework.http.ResponseEntity com.giapho.coffee_shop_backend.controller.ProductController.getAllProducts(java.lang.String,java.lang.Long,org.springframework.data.domain.Pageable); target is of class [com.giapho.coffee_shop_backend.controller.ProductController]
2025-11-13 00:11:21 [http-nio-8088-exec-9] DEBUG org.hibernate.SQL - 
    select
        p1_0.id,
        p1_0.category_id,
        c1_0.id,
        c1_0.description,
        c1_0.name,
        p1_0.code,
        p1_0.cost,
        p1_0.created_at,
        p1_0.description,
        p1_0.image_url,
        p1_0.is_available,
        p1_0.name,
        p1_0.price,
        p1_0.updated_at 
    from
        products p1_0 
    join
        categories c1_0 
            on c1_0.id=p1_0.category_id 
    limit
        ?, ?
2025-11-13 00:11:21 [http-nio-8088-exec-1] DEBUG o.s.security.web.FilterChainProxy - Securing GET /api/v1/files/56de7c12-082e-4eb3-b6cb-d84d8cc38775.jpg
2025-11-13 00:11:21 [http-nio-8088-exec-1] DEBUG o.s.s.w.a.AnonymousAuthenticationFilter - Set SecurityContextHolder to anonymous SecurityContext
2025-11-13 00:11:21 [http-nio-8088-exec-1] DEBUG o.s.security.web.FilterChainProxy - Secured GET /api/v1/files/56de7c12-082e-4eb3-b6cb-d84d8cc38775.jpg
2025-11-13 00:11:21 [http-nio-8088-exec-10] DEBUG o.s.security.web.FilterChainProxy - Securing GET /api/v1/files/b0fcea8f-74ab-4ff1-bd62-6557e0ccb1f2.jpg
2025-11-13 00:11:21 [http-nio-8088-exec-10] DEBUG o.s.s.w.a.AnonymousAuthenticationFilter - Set SecurityContextHolder to anonymous SecurityContext
2025-11-13 00:11:21 [http-nio-8088-exec-1] DEBUG c.g.c.controller.FileController - Downloading file: 56de7c12-082e-4eb3-b6cb-d84d8cc38775.jpg
2025-11-13 00:11:21 [http-nio-8088-exec-10] DEBUG o.s.security.web.FilterChainProxy - Secured GET /api/v1/files/b0fcea8f-74ab-4ff1-bd62-6557e0ccb1f2.jpg
2025-11-13 00:11:21 [http-nio-8088-exec-7] DEBUG o.s.security.web.FilterChainProxy - Securing GET /api/v1/files/82b4818b-f0d2-4206-bfa5-298f7111d20c.jpg
2025-11-13 00:11:21 [http-nio-8088-exec-7] DEBUG o.s.s.w.a.AnonymousAuthenticationFilter - Set SecurityContextHolder to anonymous SecurityContext
2025-11-13 00:11:21 [http-nio-8088-exec-7] DEBUG o.s.security.web.FilterChainProxy - Secured GET /api/v1/files/82b4818b-f0d2-4206-bfa5-298f7111d20c.jpg
2025-11-13 00:11:21 [http-nio-8088-exec-4] DEBUG o.s.security.web.FilterChainProxy - Securing GET /api/v1/files/e267ade1-780a-4a34-adf1-ecb1b2948e21.jpg
2025-11-13 00:11:21 [http-nio-8088-exec-4] DEBUG o.s.s.w.a.AnonymousAuthenticationFilter - Set SecurityContextHolder to anonymous SecurityContext
2025-11-13 00:11:21 [http-nio-8088-exec-4] DEBUG o.s.security.web.FilterChainProxy - Secured GET /api/v1/files/e267ade1-780a-4a34-adf1-ecb1b2948e21.jpg
2025-11-13 00:11:21 [http-nio-8088-exec-4] DEBUG c.g.c.controller.FileController - Downloading file: e267ade1-780a-4a34-adf1-ecb1b2948e21.jpg
2025-11-13 00:11:21 [http-nio-8088-exec-7] DEBUG c.g.c.controller.FileController - Downloading file: 82b4818b-f0d2-4206-bfa5-298f7111d20c.jpg
2025-11-13 00:11:21 [http-nio-8088-exec-2] DEBUG o.s.security.web.FilterChainProxy - Securing GET /api/v1/files/358e5aef-6b26-4cb1-a997-97ac999d9dc1.jpg
2025-11-13 00:11:21 [http-nio-8088-exec-2] DEBUG o.s.s.w.a.AnonymousAuthenticationFilter - Set SecurityContextHolder to anonymous SecurityContext
2025-11-13 00:11:21 [http-nio-8088-exec-2] DEBUG o.s.security.web.FilterChainProxy - Secured GET /api/v1/files/358e5aef-6b26-4cb1-a997-97ac999d9dc1.jpg
2025-11-13 00:11:21 [http-nio-8088-exec-2] DEBUG c.g.c.controller.FileController - Downloading file: 358e5aef-6b26-4cb1-a997-97ac999d9dc1.jpg
2025-11-13 00:11:21 [http-nio-8088-exec-8] DEBUG o.s.security.web.FilterChainProxy - Securing GET /api/v1/categories
2025-11-13 00:11:21 [http-nio-8088-exec-10] DEBUG c.g.c.controller.FileController - Downloading file: b0fcea8f-74ab-4ff1-bd62-6557e0ccb1f2.jpg
2025-11-13 00:11:21 [http-nio-8088-exec-6] DEBUG o.s.security.web.FilterChainProxy - Securing GET /api/v1/files/80cf5e3d-5d4c-4d1b-9e7d-0a0b8bfa00eb.jpg
2025-11-13 00:11:21 [http-nio-8088-exec-6] DEBUG o.s.s.w.a.AnonymousAuthenticationFilter - Set SecurityContextHolder to anonymous SecurityContext
2025-11-13 00:11:21 [http-nio-8088-exec-6] DEBUG o.s.security.web.FilterChainProxy - Secured GET /api/v1/files/80cf5e3d-5d4c-4d1b-9e7d-0a0b8bfa00eb.jpg
2025-11-13 00:11:21 [http-nio-8088-exec-6] DEBUG c.g.c.controller.FileController - Downloading file: 80cf5e3d-5d4c-4d1b-9e7d-0a0b8bfa00eb.jpg
2025-11-13 00:11:21 [http-nio-8088-exec-4] DEBUG o.s.security.web.FilterChainProxy - Securing GET /api/v1/files/fc284af6-76c3-40fc-b6ab-245bf05af010.jpg
2025-11-13 00:11:21 [http-nio-8088-exec-4] DEBUG o.s.s.w.a.AnonymousAuthenticationFilter - Set SecurityContextHolder to anonymous SecurityContext
2025-11-13 00:11:21 [http-nio-8088-exec-5] DEBUG o.s.security.web.FilterChainProxy - Securing GET /api/v1/files/587ac1e2-1a65-4144-bbb7-faff4eac57bd.jpg
2025-11-13 00:11:21 [http-nio-8088-exec-5] DEBUG o.s.s.w.a.AnonymousAuthenticationFilter - Set SecurityContextHolder to anonymous SecurityContext
2025-11-13 00:11:21 [http-nio-8088-exec-5] DEBUG o.s.security.web.FilterChainProxy - Secured GET /api/v1/files/587ac1e2-1a65-4144-bbb7-faff4eac57bd.jpg
2025-11-13 00:11:21 [http-nio-8088-exec-9] DEBUG o.s.security.web.FilterChainProxy - Securing GET /api/v1/files/01377e1e-70ed-48ba-bd4a-6379aeff4856.jpg
2025-11-13 00:11:21 [http-nio-8088-exec-9] DEBUG o.s.s.w.a.AnonymousAuthenticationFilter - Set SecurityContextHolder to anonymous SecurityContext
2025-11-13 00:11:21 [http-nio-8088-exec-9] DEBUG o.s.security.web.FilterChainProxy - Secured GET /api/v1/files/01377e1e-70ed-48ba-bd4a-6379aeff4856.jpg
2025-11-13 00:11:21 [http-nio-8088-exec-5] DEBUG c.g.c.controller.FileController - Downloading file: 587ac1e2-1a65-4144-bbb7-faff4eac57bd.jpg
2025-11-13 00:11:21 [http-nio-8088-exec-9] DEBUG c.g.c.controller.FileController - Downloading file: 01377e1e-70ed-48ba-bd4a-6379aeff4856.jpg
2025-11-13 00:11:21 [http-nio-8088-exec-4] DEBUG o.s.security.web.FilterChainProxy - Secured GET /api/v1/files/fc284af6-76c3-40fc-b6ab-245bf05af010.jpg
2025-11-13 00:11:21 [http-nio-8088-exec-1] DEBUG o.s.security.web.FilterChainProxy - Securing GET /api/v1/files/399710fc-be76-468d-be99-161396dbd4a4.jpg
2025-11-13 00:11:21 [http-nio-8088-exec-6] DEBUG o.s.security.web.FilterChainProxy - Securing GET /api/v1/files/5f0d97d1-f3b4-431e-99dd-ad80499705ba.jpg
2025-11-13 00:11:21 [http-nio-8088-exec-1] DEBUG o.s.s.w.a.AnonymousAuthenticationFilter - Set SecurityContextHolder to anonymous SecurityContext
2025-11-13 00:11:21 [http-nio-8088-exec-6] DEBUG o.s.s.w.a.AnonymousAuthenticationFilter - Set SecurityContextHolder to anonymous SecurityContext
2025-11-13 00:11:21 [http-nio-8088-exec-1] DEBUG o.s.security.web.FilterChainProxy - Secured GET /api/v1/files/399710fc-be76-468d-be99-161396dbd4a4.jpg
2025-11-13 00:11:21 [http-nio-8088-exec-6] DEBUG o.s.security.web.FilterChainProxy - Secured GET /api/v1/files/5f0d97d1-f3b4-431e-99dd-ad80499705ba.jpg
2025-11-13 00:11:21 [http-nio-8088-exec-6] DEBUG c.g.c.controller.FileController - Downloading file: 5f0d97d1-f3b4-431e-99dd-ad80499705ba.jpg
2025-11-13 00:11:21 [http-nio-8088-exec-10] DEBUG o.s.security.web.FilterChainProxy - Securing GET /api/v1/files/76508bcc-516c-4520-b640-75df6df6a0ca.jpg
2025-11-13 00:11:21 [http-nio-8088-exec-10] DEBUG o.s.s.w.a.AnonymousAuthenticationFilter - Set SecurityContextHolder to anonymous SecurityContext
2025-11-13 00:11:21 [http-nio-8088-exec-10] DEBUG o.s.security.web.FilterChainProxy - Secured GET /api/v1/files/76508bcc-516c-4520-b640-75df6df6a0ca.jpg
2025-11-13 00:11:21 [http-nio-8088-exec-10] DEBUG c.g.c.controller.FileController - Downloading file: 76508bcc-516c-4520-b640-75df6df6a0ca.jpg
2025-11-13 00:11:21 [http-nio-8088-exec-5] DEBUG o.s.security.web.FilterChainProxy - Securing GET /api/v1/files/a10447e0-1a57-4b12-837d-218f6d3a6706.jpg
2025-11-13 00:11:21 [http-nio-8088-exec-8] DEBUG org.hibernate.SQL - 
    select
        u1_0.id,
        u1_0.created_at,
        u1_0.email,
        u1_0.full_name,
        u1_0.password,
        u1_0.phone,
        u1_0.status,
        u1_0.updated_at,
        u1_0.username 
    from
        users u1_0 
    where
        u1_0.username=?
2025-11-13 00:11:21 [http-nio-8088-exec-5] DEBUG o.s.s.w.a.AnonymousAuthenticationFilter - Set SecurityContextHolder to anonymous SecurityContext
2025-11-13 00:11:21 [http-nio-8088-exec-1] DEBUG c.g.c.controller.FileController - Downloading file: 399710fc-be76-468d-be99-161396dbd4a4.jpg
2025-11-13 00:11:21 [http-nio-8088-exec-5] DEBUG o.s.security.web.FilterChainProxy - Secured GET /api/v1/files/a10447e0-1a57-4b12-837d-218f6d3a6706.jpg
2025-11-13 00:11:21 [http-nio-8088-exec-5] DEBUG c.g.c.controller.FileController - Downloading file: a10447e0-1a57-4b12-837d-218f6d3a6706.jpg
2025-11-13 00:11:21 [http-nio-8088-exec-4] DEBUG c.g.c.controller.FileController - Downloading file: fc284af6-76c3-40fc-b6ab-245bf05af010.jpg
2025-11-13 00:11:21 [http-nio-8088-exec-7] DEBUG o.s.security.web.FilterChainProxy - Securing GET /api/v1/files/a7ad5fc9-6e6e-4d2d-bf7f-0925fb9237ec.jpg
2025-11-13 00:11:21 [http-nio-8088-exec-7] DEBUG o.s.s.w.a.AnonymousAuthenticationFilter - Set SecurityContextHolder to anonymous SecurityContext
2025-11-13 00:11:21 [http-nio-8088-exec-7] DEBUG o.s.security.web.FilterChainProxy - Secured GET /api/v1/files/a7ad5fc9-6e6e-4d2d-bf7f-0925fb9237ec.jpg
2025-11-13 00:11:21 [http-nio-8088-exec-7] DEBUG c.g.c.controller.FileController - Downloading file: a7ad5fc9-6e6e-4d2d-bf7f-0925fb9237ec.jpg
2025-11-13 00:11:21 [http-nio-8088-exec-2] DEBUG o.s.security.web.FilterChainProxy - Securing GET /api/v1/files/dc7eea7e-d955-4e82-947f-8f3a275d09c8.jpg
2025-11-13 00:11:21 [http-nio-8088-exec-2] DEBUG o.s.s.w.a.AnonymousAuthenticationFilter - Set SecurityContextHolder to anonymous SecurityContext
2025-11-13 00:11:21 [http-nio-8088-exec-3] DEBUG o.s.security.web.FilterChainProxy - Securing GET /api/v1/files/3be6958d-8594-4f88-bf4a-caed30cc8686.jpg
2025-11-13 00:11:21 [http-nio-8088-exec-2] DEBUG o.s.security.web.FilterChainProxy - Secured GET /api/v1/files/dc7eea7e-d955-4e82-947f-8f3a275d09c8.jpg
2025-11-13 00:11:21 [http-nio-8088-exec-3] DEBUG o.s.s.w.a.AnonymousAuthenticationFilter - Set SecurityContextHolder to anonymous SecurityContext
2025-11-13 00:11:21 [http-nio-8088-exec-3] DEBUG o.s.security.web.FilterChainProxy - Secured GET /api/v1/files/3be6958d-8594-4f88-bf4a-caed30cc8686.jpg
2025-11-13 00:11:21 [http-nio-8088-exec-8] DEBUG org.hibernate.SQL - 
    select
        r1_0.user_id,
        r1_1.id,
        r1_1.name 
    from
        user_roles r1_0 
    join
        roles r1_1 
            on r1_1.id=r1_0.role_id 
    where
        r1_0.user_id=?
2025-11-13 00:11:21 [http-nio-8088-exec-2] DEBUG c.g.c.controller.FileController - Downloading file: dc7eea7e-d955-4e82-947f-8f3a275d09c8.jpg
2025-11-13 00:11:21 [http-nio-8088-exec-3] DEBUG c.g.c.controller.FileController - Downloading file: 3be6958d-8594-4f88-bf4a-caed30cc8686.jpg
2025-11-13 00:11:21 [http-nio-8088-exec-6] DEBUG o.s.security.web.FilterChainProxy - Securing GET /api/v1/files/4b9dcaa8-0825-4ee8-badc-86529e305d2a.jpg
2025-11-13 00:11:21 [http-nio-8088-exec-6] DEBUG o.s.s.w.a.AnonymousAuthenticationFilter - Set SecurityContextHolder to anonymous SecurityContext
2025-11-13 00:11:21 [http-nio-8088-exec-6] DEBUG o.s.security.web.FilterChainProxy - Secured GET /api/v1/files/4b9dcaa8-0825-4ee8-badc-86529e305d2a.jpg
2025-11-13 00:11:21 [http-nio-8088-exec-6] DEBUG c.g.c.controller.FileController - Downloading file: 4b9dcaa8-0825-4ee8-badc-86529e305d2a.jpg
2025-11-13 00:11:21 [http-nio-8088-exec-9] DEBUG o.s.security.web.FilterChainProxy - Securing GET /api/v1/files/257f1822-ec96-40c8-850e-a304cffa37fd.jpg
2025-11-13 00:11:21 [http-nio-8088-exec-9] DEBUG o.s.s.w.a.AnonymousAuthenticationFilter - Set SecurityContextHolder to anonymous SecurityContext
2025-11-13 00:11:21 [http-nio-8088-exec-9] DEBUG o.s.security.web.FilterChainProxy - Secured GET /api/v1/files/257f1822-ec96-40c8-850e-a304cffa37fd.jpg
2025-11-13 00:11:21 [http-nio-8088-exec-9] DEBUG c.g.c.controller.FileController - Downloading file: 257f1822-ec96-40c8-850e-a304cffa37fd.jpg
2025-11-13 00:11:21 [http-nio-8088-exec-8] DEBUG o.s.security.web.FilterChainProxy - Secured GET /api/v1/categories
2025-11-13 00:11:21 [http-nio-8088-exec-8] DEBUG o.s.s.a.m.AuthorizationManagerBeforeMethodInterceptor - Authorizing method invocation ReflectiveMethodInvocation: public org.springframework.http.ResponseEntity com.giapho.coffee_shop_backend.controller.CategoryController.getAllCategories(); target is of class [com.giapho.coffee_shop_backend.controller.CategoryController]
2025-11-13 00:11:21 [http-nio-8088-exec-8] DEBUG o.s.s.a.m.AuthorizationManagerBeforeMethodInterceptor - Authorized method invocation ReflectiveMethodInvocation: public org.springframework.http.ResponseEntity com.giapho.coffee_shop_backend.controller.CategoryController.getAllCategories(); target is of class [com.giapho.coffee_shop_backend.controller.CategoryController]
2025-11-13 00:11:21 [http-nio-8088-exec-8] DEBUG org.hibernate.SQL - 
    select
        c1_0.id,
        c1_0.description,
        c1_0.name 
    from
        categories c1_0
2025-11-13 00:12:08 [http-nio-8088-exec-5] DEBUG o.s.security.web.FilterChainProxy - Securing GET /api/v1/tables
2025-11-13 00:12:08 [http-nio-8088-exec-5] DEBUG org.hibernate.SQL - 
    select
        u1_0.id,
        u1_0.created_at,
        u1_0.email,
        u1_0.full_name,
        u1_0.password,
        u1_0.phone,
        u1_0.status,
        u1_0.updated_at,
        u1_0.username 
    from
        users u1_0 
    where
        u1_0.username=?
2025-11-13 00:12:08 [http-nio-8088-exec-5] DEBUG org.hibernate.SQL - 
    select
        r1_0.user_id,
        r1_1.id,
        r1_1.name 
    from
        user_roles r1_0 
    join
        roles r1_1 
            on r1_1.id=r1_0.role_id 
    where
        r1_0.user_id=?
2025-11-13 00:12:08 [http-nio-8088-exec-5] DEBUG o.s.security.web.FilterChainProxy - Secured GET /api/v1/tables
2025-11-13 00:12:08 [http-nio-8088-exec-5] DEBUG o.s.s.a.m.AuthorizationManagerBeforeMethodInterceptor - Authorizing method invocation ReflectiveMethodInvocation: public org.springframework.http.ResponseEntity com.giapho.coffee_shop_backend.controller.CafeTableController.getAllTables(); target is of class [com.giapho.coffee_shop_backend.controller.CafeTableController]
2025-11-13 00:12:08 [http-nio-8088-exec-5] DEBUG o.s.s.a.m.AuthorizationManagerBeforeMethodInterceptor - Authorized method invocation ReflectiveMethodInvocation: public org.springframework.http.ResponseEntity com.giapho.coffee_shop_backend.controller.CafeTableController.getAllTables(); target is of class [com.giapho.coffee_shop_backend.controller.CafeTableController]
2025-11-13 00:12:08 [http-nio-8088-exec-5] DEBUG org.hibernate.SQL - 
    select
        ct1_0.id,
        ct1_0.capacity,
        ct1_0.name,
        ct1_0.status 
    from
        tables ct1_0
2025-11-13 00:12:11 [http-nio-8088-exec-10] DEBUG o.s.security.web.FilterChainProxy - Securing GET /api/v1/products?page=0&size=1000
2025-11-13 00:12:11 [http-nio-8088-exec-10] DEBUG org.hibernate.SQL - 
    select
        u1_0.id,
        u1_0.created_at,
        u1_0.email,
        u1_0.full_name,
        u1_0.password,
        u1_0.phone,
        u1_0.status,
        u1_0.updated_at,
        u1_0.username 
    from
        users u1_0 
    where
        u1_0.username=?
2025-11-13 00:12:11 [http-nio-8088-exec-10] DEBUG org.hibernate.SQL - 
    select
        r1_0.user_id,
        r1_1.id,
        r1_1.name 
    from
        user_roles r1_0 
    join
        roles r1_1 
            on r1_1.id=r1_0.role_id 
    where
        r1_0.user_id=?
2025-11-13 00:12:11 [http-nio-8088-exec-10] DEBUG o.s.security.web.FilterChainProxy - Secured GET /api/v1/products?page=0&size=1000
2025-11-13 00:12:11 [http-nio-8088-exec-10] DEBUG o.s.s.a.m.AuthorizationManagerBeforeMethodInterceptor - Authorizing method invocation ReflectiveMethodInvocation: public org.springframework.http.ResponseEntity com.giapho.coffee_shop_backend.controller.ProductController.getAllProducts(java.lang.String,java.lang.Long,org.springframework.data.domain.Pageable); target is of class [com.giapho.coffee_shop_backend.controller.ProductController]
2025-11-13 00:12:11 [http-nio-8088-exec-10] DEBUG o.s.s.a.m.AuthorizationManagerBeforeMethodInterceptor - Authorized method invocation ReflectiveMethodInvocation: public org.springframework.http.ResponseEntity com.giapho.coffee_shop_backend.controller.ProductController.getAllProducts(java.lang.String,java.lang.Long,org.springframework.data.domain.Pageable); target is of class [com.giapho.coffee_shop_backend.controller.ProductController]
2025-11-13 00:12:11 [http-nio-8088-exec-10] DEBUG org.hibernate.SQL - 
    select
        p1_0.id,
        p1_0.category_id,
        c1_0.id,
        c1_0.description,
        c1_0.name,
        p1_0.code,
        p1_0.cost,
        p1_0.created_at,
        p1_0.description,
        p1_0.image_url,
        p1_0.is_available,
        p1_0.name,
        p1_0.price,
        p1_0.updated_at 
    from
        products p1_0 
    join
        categories c1_0 
            on c1_0.id=p1_0.category_id 
    limit
        ?, ?
2025-11-13 00:12:11 [http-nio-8088-exec-3] DEBUG o.s.security.web.FilterChainProxy - Securing GET /api/v1/files/b0fcea8f-74ab-4ff1-bd62-6557e0ccb1f2.jpg
2025-11-13 00:12:11 [http-nio-8088-exec-2] DEBUG o.s.security.web.FilterChainProxy - Securing GET /api/v1/files/56de7c12-082e-4eb3-b6cb-d84d8cc38775.jpg
2025-11-13 00:12:11 [http-nio-8088-exec-3] DEBUG o.s.s.w.a.AnonymousAuthenticationFilter - Set SecurityContextHolder to anonymous SecurityContext
2025-11-13 00:12:11 [http-nio-8088-exec-2] DEBUG o.s.s.w.a.AnonymousAuthenticationFilter - Set SecurityContextHolder to anonymous SecurityContext
2025-11-13 00:12:11 [http-nio-8088-exec-3] DEBUG o.s.security.web.FilterChainProxy - Secured GET /api/v1/files/b0fcea8f-74ab-4ff1-bd62-6557e0ccb1f2.jpg
2025-11-13 00:12:11 [http-nio-8088-exec-2] DEBUG o.s.security.web.FilterChainProxy - Secured GET /api/v1/files/56de7c12-082e-4eb3-b6cb-d84d8cc38775.jpg
2025-11-13 00:12:11 [http-nio-8088-exec-6] DEBUG o.s.security.web.FilterChainProxy - Securing GET /api/v1/files/e267ade1-780a-4a34-adf1-ecb1b2948e21.jpg
2025-11-13 00:12:11 [http-nio-8088-exec-6] DEBUG o.s.s.w.a.AnonymousAuthenticationFilter - Set SecurityContextHolder to anonymous SecurityContext
2025-11-13 00:12:11 [http-nio-8088-exec-6] DEBUG o.s.security.web.FilterChainProxy - Secured GET /api/v1/files/e267ade1-780a-4a34-adf1-ecb1b2948e21.jpg
2025-11-13 00:12:11 [http-nio-8088-exec-2] DEBUG c.g.c.controller.FileController - Downloading file: 56de7c12-082e-4eb3-b6cb-d84d8cc38775.jpg
2025-11-13 00:12:11 [http-nio-8088-exec-6] DEBUG c.g.c.controller.FileController - Downloading file: e267ade1-780a-4a34-adf1-ecb1b2948e21.jpg
2025-11-13 00:12:11 [http-nio-8088-exec-7] DEBUG o.s.security.web.FilterChainProxy - Securing GET /api/v1/files/82b4818b-f0d2-4206-bfa5-298f7111d20c.jpg
2025-11-13 00:12:11 [http-nio-8088-exec-7] DEBUG o.s.s.w.a.AnonymousAuthenticationFilter - Set SecurityContextHolder to anonymous SecurityContext
2025-11-13 00:12:11 [http-nio-8088-exec-7] DEBUG o.s.security.web.FilterChainProxy - Secured GET /api/v1/files/82b4818b-f0d2-4206-bfa5-298f7111d20c.jpg
2025-11-13 00:12:11 [http-nio-8088-exec-9] DEBUG o.s.security.web.FilterChainProxy - Securing GET /api/v1/files/80cf5e3d-5d4c-4d1b-9e7d-0a0b8bfa00eb.jpg
2025-11-13 00:12:11 [http-nio-8088-exec-9] DEBUG o.s.s.w.a.AnonymousAuthenticationFilter - Set SecurityContextHolder to anonymous SecurityContext
2025-11-13 00:12:11 [http-nio-8088-exec-9] DEBUG o.s.security.web.FilterChainProxy - Secured GET /api/v1/files/80cf5e3d-5d4c-4d1b-9e7d-0a0b8bfa00eb.jpg
2025-11-13 00:12:11 [http-nio-8088-exec-7] DEBUG c.g.c.controller.FileController - Downloading file: 82b4818b-f0d2-4206-bfa5-298f7111d20c.jpg
2025-11-13 00:12:11 [http-nio-8088-exec-9] DEBUG c.g.c.controller.FileController - Downloading file: 80cf5e3d-5d4c-4d1b-9e7d-0a0b8bfa00eb.jpg
2025-11-13 00:12:11 [http-nio-8088-exec-3] DEBUG c.g.c.controller.FileController - Downloading file: b0fcea8f-74ab-4ff1-bd62-6557e0ccb1f2.jpg
2025-11-13 00:12:11 [http-nio-8088-exec-4] DEBUG o.s.security.web.FilterChainProxy - Securing GET /api/v1/categories
2025-11-13 00:12:11 [http-nio-8088-exec-8] DEBUG o.s.security.web.FilterChainProxy - Securing GET /api/v1/files/358e5aef-6b26-4cb1-a997-97ac999d9dc1.jpg
2025-11-13 00:12:11 [http-nio-8088-exec-8] DEBUG o.s.s.w.a.AnonymousAuthenticationFilter - Set SecurityContextHolder to anonymous SecurityContext
2025-11-13 00:12:11 [http-nio-8088-exec-8] DEBUG o.s.security.web.FilterChainProxy - Secured GET /api/v1/files/358e5aef-6b26-4cb1-a997-97ac999d9dc1.jpg
2025-11-13 00:12:11 [http-nio-8088-exec-8] DEBUG c.g.c.controller.FileController - Downloading file: 358e5aef-6b26-4cb1-a997-97ac999d9dc1.jpg
2025-11-13 00:12:11 [http-nio-8088-exec-6] DEBUG o.s.security.web.FilterChainProxy - Securing GET /api/v1/files/a10447e0-1a57-4b12-837d-218f6d3a6706.jpg
2025-11-13 00:12:11 [http-nio-8088-exec-6] DEBUG o.s.s.w.a.AnonymousAuthenticationFilter - Set SecurityContextHolder to anonymous SecurityContext
2025-11-13 00:12:11 [http-nio-8088-exec-6] DEBUG o.s.security.web.FilterChainProxy - Secured GET /api/v1/files/a10447e0-1a57-4b12-837d-218f6d3a6706.jpg
2025-11-13 00:12:11 [http-nio-8088-exec-1] DEBUG o.s.security.web.FilterChainProxy - Securing GET /api/v1/files/5f0d97d1-f3b4-431e-99dd-ad80499705ba.jpg
2025-11-13 00:12:11 [http-nio-8088-exec-1] DEBUG o.s.s.w.a.AnonymousAuthenticationFilter - Set SecurityContextHolder to anonymous SecurityContext
2025-11-13 00:12:11 [http-nio-8088-exec-1] DEBUG o.s.security.web.FilterChainProxy - Secured GET /api/v1/files/5f0d97d1-f3b4-431e-99dd-ad80499705ba.jpg
2025-11-13 00:12:11 [http-nio-8088-exec-5] DEBUG o.s.security.web.FilterChainProxy - Securing GET /api/v1/files/587ac1e2-1a65-4144-bbb7-faff4eac57bd.jpg
2025-11-13 00:12:11 [http-nio-8088-exec-5] DEBUG o.s.s.w.a.AnonymousAuthenticationFilter - Set SecurityContextHolder to anonymous SecurityContext
2025-11-13 00:12:11 [http-nio-8088-exec-5] DEBUG o.s.security.web.FilterChainProxy - Secured GET /api/v1/files/587ac1e2-1a65-4144-bbb7-faff4eac57bd.jpg
2025-11-13 00:12:11 [http-nio-8088-exec-10] DEBUG o.s.security.web.FilterChainProxy - Securing GET /api/v1/files/01377e1e-70ed-48ba-bd4a-6379aeff4856.jpg
2025-11-13 00:12:11 [http-nio-8088-exec-1] DEBUG c.g.c.controller.FileController - Downloading file: 5f0d97d1-f3b4-431e-99dd-ad80499705ba.jpg
2025-11-13 00:12:11 [http-nio-8088-exec-5] DEBUG c.g.c.controller.FileController - Downloading file: 587ac1e2-1a65-4144-bbb7-faff4eac57bd.jpg
2025-11-13 00:12:11 [http-nio-8088-exec-10] DEBUG o.s.s.w.a.AnonymousAuthenticationFilter - Set SecurityContextHolder to anonymous SecurityContext
2025-11-13 00:12:11 [http-nio-8088-exec-10] DEBUG o.s.security.web.FilterChainProxy - Secured GET /api/v1/files/01377e1e-70ed-48ba-bd4a-6379aeff4856.jpg
2025-11-13 00:12:11 [http-nio-8088-exec-10] DEBUG c.g.c.controller.FileController - Downloading file: 01377e1e-70ed-48ba-bd4a-6379aeff4856.jpg
2025-11-13 00:12:11 [http-nio-8088-exec-2] DEBUG o.s.security.web.FilterChainProxy - Securing GET /api/v1/files/399710fc-be76-468d-be99-161396dbd4a4.jpg
2025-11-13 00:12:11 [http-nio-8088-exec-6] DEBUG c.g.c.controller.FileController - Downloading file: a10447e0-1a57-4b12-837d-218f6d3a6706.jpg
2025-11-13 00:12:11 [http-nio-8088-exec-2] DEBUG o.s.s.w.a.AnonymousAuthenticationFilter - Set SecurityContextHolder to anonymous SecurityContext
2025-11-13 00:12:11 [http-nio-8088-exec-2] DEBUG o.s.security.web.FilterChainProxy - Secured GET /api/v1/files/399710fc-be76-468d-be99-161396dbd4a4.jpg
2025-11-13 00:12:11 [http-nio-8088-exec-2] DEBUG c.g.c.controller.FileController - Downloading file: 399710fc-be76-468d-be99-161396dbd4a4.jpg
2025-11-13 00:12:11 [http-nio-8088-exec-3] DEBUG o.s.security.web.FilterChainProxy - Securing GET /api/v1/files/fc284af6-76c3-40fc-b6ab-245bf05af010.jpg
2025-11-13 00:12:11 [http-nio-8088-exec-3] DEBUG o.s.s.w.a.AnonymousAuthenticationFilter - Set SecurityContextHolder to anonymous SecurityContext
2025-11-13 00:12:11 [http-nio-8088-exec-3] DEBUG o.s.security.web.FilterChainProxy - Secured GET /api/v1/files/fc284af6-76c3-40fc-b6ab-245bf05af010.jpg
2025-11-13 00:12:11 [http-nio-8088-exec-1] DEBUG o.s.security.web.FilterChainProxy - Securing GET /api/v1/files/76508bcc-516c-4520-b640-75df6df6a0ca.jpg
2025-11-13 00:12:11 [http-nio-8088-exec-1] DEBUG o.s.s.w.a.AnonymousAuthenticationFilter - Set SecurityContextHolder to anonymous SecurityContext
2025-11-13 00:12:11 [http-nio-8088-exec-1] DEBUG o.s.security.web.FilterChainProxy - Secured GET /api/v1/files/76508bcc-516c-4520-b640-75df6df6a0ca.jpg
2025-11-13 00:12:11 [http-nio-8088-exec-3] DEBUG c.g.c.controller.FileController - Downloading file: fc284af6-76c3-40fc-b6ab-245bf05af010.jpg
2025-11-13 00:12:11 [http-nio-8088-exec-4] DEBUG org.hibernate.SQL - 
    select
        u1_0.id,
        u1_0.created_at,
        u1_0.email,
        u1_0.full_name,
        u1_0.password,
        u1_0.phone,
        u1_0.status,
        u1_0.updated_at,
        u1_0.username 
    from
        users u1_0 
    where
        u1_0.username=?
2025-11-13 00:12:11 [http-nio-8088-exec-7] DEBUG o.s.security.web.FilterChainProxy - Securing GET /api/v1/files/3be6958d-8594-4f88-bf4a-caed30cc8686.jpg
2025-11-13 00:12:11 [http-nio-8088-exec-7] DEBUG o.s.s.w.a.AnonymousAuthenticationFilter - Set SecurityContextHolder to anonymous SecurityContext
2025-11-13 00:12:11 [http-nio-8088-exec-7] DEBUG o.s.security.web.FilterChainProxy - Secured GET /api/v1/files/3be6958d-8594-4f88-bf4a-caed30cc8686.jpg
2025-11-13 00:12:11 [http-nio-8088-exec-5] DEBUG o.s.security.web.FilterChainProxy - Securing GET /api/v1/files/a7ad5fc9-6e6e-4d2d-bf7f-0925fb9237ec.jpg
2025-11-13 00:12:11 [http-nio-8088-exec-5] DEBUG o.s.s.w.a.AnonymousAuthenticationFilter - Set SecurityContextHolder to anonymous SecurityContext
2025-11-13 00:12:11 [http-nio-8088-exec-7] DEBUG c.g.c.controller.FileController - Downloading file: 3be6958d-8594-4f88-bf4a-caed30cc8686.jpg
2025-11-13 00:12:11 [http-nio-8088-exec-5] DEBUG o.s.security.web.FilterChainProxy - Secured GET /api/v1/files/a7ad5fc9-6e6e-4d2d-bf7f-0925fb9237ec.jpg
2025-11-13 00:12:11 [http-nio-8088-exec-1] DEBUG c.g.c.controller.FileController - Downloading file: 76508bcc-516c-4520-b640-75df6df6a0ca.jpg
2025-11-13 00:12:11 [http-nio-8088-exec-5] DEBUG c.g.c.controller.FileController - Downloading file: a7ad5fc9-6e6e-4d2d-bf7f-0925fb9237ec.jpg
2025-11-13 00:12:11 [http-nio-8088-exec-2] DEBUG o.s.security.web.FilterChainProxy - Securing GET /api/v1/files/dc7eea7e-d955-4e82-947f-8f3a275d09c8.jpg
2025-11-13 00:12:11 [http-nio-8088-exec-2] DEBUG o.s.s.w.a.AnonymousAuthenticationFilter - Set SecurityContextHolder to anonymous SecurityContext
2025-11-13 00:12:11 [http-nio-8088-exec-2] DEBUG o.s.security.web.FilterChainProxy - Secured GET /api/v1/files/dc7eea7e-d955-4e82-947f-8f3a275d09c8.jpg
2025-11-13 00:12:11 [http-nio-8088-exec-2] DEBUG c.g.c.controller.FileController - Downloading file: dc7eea7e-d955-4e82-947f-8f3a275d09c8.jpg
2025-11-13 00:12:11 [http-nio-8088-exec-10] DEBUG o.s.security.web.FilterChainProxy - Securing GET /api/v1/files/257f1822-ec96-40c8-850e-a304cffa37fd.jpg
2025-11-13 00:12:11 [http-nio-8088-exec-1] DEBUG o.s.security.web.FilterChainProxy - Securing GET /api/v1/files/4b9dcaa8-0825-4ee8-badc-86529e305d2a.jpg
2025-11-13 00:12:11 [http-nio-8088-exec-10] DEBUG o.s.s.w.a.AnonymousAuthenticationFilter - Set SecurityContextHolder to anonymous SecurityContext
2025-11-13 00:12:11 [http-nio-8088-exec-10] DEBUG o.s.security.web.FilterChainProxy - Secured GET /api/v1/files/257f1822-ec96-40c8-850e-a304cffa37fd.jpg
2025-11-13 00:12:11 [http-nio-8088-exec-1] DEBUG o.s.s.w.a.AnonymousAuthenticationFilter - Set SecurityContextHolder to anonymous SecurityContext
2025-11-13 00:12:11 [http-nio-8088-exec-1] DEBUG o.s.security.web.FilterChainProxy - Secured GET /api/v1/files/4b9dcaa8-0825-4ee8-badc-86529e305d2a.jpg
2025-11-13 00:12:11 [http-nio-8088-exec-1] DEBUG c.g.c.controller.FileController - Downloading file: 4b9dcaa8-0825-4ee8-badc-86529e305d2a.jpg
2025-11-13 00:12:11 [http-nio-8088-exec-4] DEBUG org.hibernate.SQL - 
    select
        r1_0.user_id,
        r1_1.id,
        r1_1.name 
    from
        user_roles r1_0 
    join
        roles r1_1 
            on r1_1.id=r1_0.role_id 
    where
        r1_0.user_id=?
2025-11-13 00:12:11 [http-nio-8088-exec-10] DEBUG c.g.c.controller.FileController - Downloading file: 257f1822-ec96-40c8-850e-a304cffa37fd.jpg
2025-11-13 00:12:11 [http-nio-8088-exec-4] DEBUG o.s.security.web.FilterChainProxy - Secured GET /api/v1/categories
2025-11-13 00:12:11 [http-nio-8088-exec-4] DEBUG o.s.s.a.m.AuthorizationManagerBeforeMethodInterceptor - Authorizing method invocation ReflectiveMethodInvocation: public org.springframework.http.ResponseEntity com.giapho.coffee_shop_backend.controller.CategoryController.getAllCategories(); target is of class [com.giapho.coffee_shop_backend.controller.CategoryController]
2025-11-13 00:12:11 [http-nio-8088-exec-4] DEBUG o.s.s.a.m.AuthorizationManagerBeforeMethodInterceptor - Authorized method invocation ReflectiveMethodInvocation: public org.springframework.http.ResponseEntity com.giapho.coffee_shop_backend.controller.CategoryController.getAllCategories(); target is of class [com.giapho.coffee_shop_backend.controller.CategoryController]
2025-11-13 00:12:11 [http-nio-8088-exec-4] DEBUG org.hibernate.SQL - 
    select
        c1_0.id,
        c1_0.description,
        c1_0.name 
    from
        categories c1_0
2025-11-13 00:12:21 [http-nio-8088-exec-6] DEBUG o.s.security.web.FilterChainProxy - Securing GET /api/v1/tables
2025-11-13 00:12:21 [http-nio-8088-exec-6] DEBUG org.hibernate.SQL - 
    select
        u1_0.id,
        u1_0.created_at,
        u1_0.email,
        u1_0.full_name,
        u1_0.password,
        u1_0.phone,
        u1_0.status,
        u1_0.updated_at,
        u1_0.username 
    from
        users u1_0 
    where
        u1_0.username=?
2025-11-13 00:12:21 [http-nio-8088-exec-6] DEBUG org.hibernate.SQL - 
    select
        r1_0.user_id,
        r1_1.id,
        r1_1.name 
    from
        user_roles r1_0 
    join
        roles r1_1 
            on r1_1.id=r1_0.role_id 
    where
        r1_0.user_id=?
2025-11-13 00:12:21 [http-nio-8088-exec-6] DEBUG o.s.security.web.FilterChainProxy - Secured GET /api/v1/tables
2025-11-13 00:12:21 [http-nio-8088-exec-6] DEBUG o.s.s.a.m.AuthorizationManagerBeforeMethodInterceptor - Authorizing method invocation ReflectiveMethodInvocation: public org.springframework.http.ResponseEntity com.giapho.coffee_shop_backend.controller.CafeTableController.getAllTables(); target is of class [com.giapho.coffee_shop_backend.controller.CafeTableController]
2025-11-13 00:12:21 [http-nio-8088-exec-6] DEBUG o.s.s.a.m.AuthorizationManagerBeforeMethodInterceptor - Authorized method invocation ReflectiveMethodInvocation: public org.springframework.http.ResponseEntity com.giapho.coffee_shop_backend.controller.CafeTableController.getAllTables(); target is of class [com.giapho.coffee_shop_backend.controller.CafeTableController]
2025-11-13 00:12:21 [http-nio-8088-exec-6] DEBUG org.hibernate.SQL - 
    select
        ct1_0.id,
        ct1_0.capacity,
        ct1_0.name,
        ct1_0.status 
    from
        tables ct1_0
2025-11-13 00:12:22 [http-nio-8088-exec-9] DEBUG o.s.security.web.FilterChainProxy - Securing GET /api/v1/products?page=0&size=1000
2025-11-13 00:12:22 [http-nio-8088-exec-8] DEBUG o.s.security.web.FilterChainProxy - Securing GET /api/v1/orders/table/1/pending
2025-11-13 00:12:22 [http-nio-8088-exec-8] DEBUG org.hibernate.SQL - 
    select
        u1_0.id,
        u1_0.created_at,
        u1_0.email,
        u1_0.full_name,
        u1_0.password,
        u1_0.phone,
        u1_0.status,
        u1_0.updated_at,
        u1_0.username 
    from
        users u1_0 
    where
        u1_0.username=?
2025-11-13 00:12:22 [http-nio-8088-exec-9] DEBUG org.hibernate.SQL - 
    select
        u1_0.id,
        u1_0.created_at,
        u1_0.email,
        u1_0.full_name,
        u1_0.password,
        u1_0.phone,
        u1_0.status,
        u1_0.updated_at,
        u1_0.username 
    from
        users u1_0 
    where
        u1_0.username=?
2025-11-13 00:12:22 [http-nio-8088-exec-8] DEBUG org.hibernate.SQL - 
    select
        r1_0.user_id,
        r1_1.id,
        r1_1.name 
    from
        user_roles r1_0 
    join
        roles r1_1 
            on r1_1.id=r1_0.role_id 
    where
        r1_0.user_id=?
2025-11-13 00:12:22 [http-nio-8088-exec-9] DEBUG org.hibernate.SQL - 
    select
        r1_0.user_id,
        r1_1.id,
        r1_1.name 
    from
        user_roles r1_0 
    join
        roles r1_1 
            on r1_1.id=r1_0.role_id 
    where
        r1_0.user_id=?
2025-11-13 00:12:22 [http-nio-8088-exec-9] DEBUG o.s.security.web.FilterChainProxy - Secured GET /api/v1/products?page=0&size=1000
2025-11-13 00:12:22 [http-nio-8088-exec-8] DEBUG o.s.security.web.FilterChainProxy - Secured GET /api/v1/orders/table/1/pending
2025-11-13 00:12:22 [http-nio-8088-exec-8] DEBUG o.s.s.a.m.AuthorizationManagerBeforeMethodInterceptor - Authorizing method invocation ReflectiveMethodInvocation: public org.springframework.http.ResponseEntity com.giapho.coffee_shop_backend.controller.OrderController.getPendingOrderByTable(java.lang.Long); target is of class [com.giapho.coffee_shop_backend.controller.OrderController]
2025-11-13 00:12:22 [http-nio-8088-exec-8] DEBUG o.s.s.a.m.AuthorizationManagerBeforeMethodInterceptor - Authorized method invocation ReflectiveMethodInvocation: public org.springframework.http.ResponseEntity com.giapho.coffee_shop_backend.controller.OrderController.getPendingOrderByTable(java.lang.Long); target is of class [com.giapho.coffee_shop_backend.controller.OrderController]
2025-11-13 00:12:22 [http-nio-8088-exec-9] DEBUG o.s.s.a.m.AuthorizationManagerBeforeMethodInterceptor - Authorizing method invocation ReflectiveMethodInvocation: public org.springframework.http.ResponseEntity com.giapho.coffee_shop_backend.controller.ProductController.getAllProducts(java.lang.String,java.lang.Long,org.springframework.data.domain.Pageable); target is of class [com.giapho.coffee_shop_backend.controller.ProductController]
2025-11-13 00:12:22 [http-nio-8088-exec-9] DEBUG o.s.s.a.m.AuthorizationManagerBeforeMethodInterceptor - Authorized method invocation ReflectiveMethodInvocation: public org.springframework.http.ResponseEntity com.giapho.coffee_shop_backend.controller.ProductController.getAllProducts(java.lang.String,java.lang.Long,org.springframework.data.domain.Pageable); target is of class [com.giapho.coffee_shop_backend.controller.ProductController]
2025-11-13 00:12:22 [http-nio-8088-exec-8] DEBUG org.hibernate.SQL - 
    select
        count(*) 
    from
        tables ct1_0 
    where
        ct1_0.id=?
2025-11-13 00:12:22 [http-nio-8088-exec-9] DEBUG org.hibernate.SQL - 
    select
        p1_0.id,
        p1_0.category_id,
        c1_0.id,
        c1_0.description,
        c1_0.name,
        p1_0.code,
        p1_0.cost,
        p1_0.created_at,
        p1_0.description,
        p1_0.image_url,
        p1_0.is_available,
        p1_0.name,
        p1_0.price,
        p1_0.updated_at 
    from
        products p1_0 
    join
        categories c1_0 
            on c1_0.id=p1_0.category_id 
    limit
        ?, ?
2025-11-13 00:12:22 [http-nio-8088-exec-8] DEBUG org.hibernate.SQL - 
    select
        o1_0.id,
        o1_0.voucher_id,
        o1_0.table_id,
        o1_0.created_at,
        o1_0.customer_id,
        o1_0.discount_amount,
        o1_0.paid_at,
        o1_0.payment_method,
        o1_0.status,
        o1_0.sub_total,
        o1_0.total_amount,
        o1_0.type,
        o1_0.user_id,
        o1_0.voucher_code 
    from
        orders o1_0 
    where
        o1_0.table_id=? 
        and o1_0.status='PENDING'
2025-11-13 00:12:22 [http-nio-8088-exec-5] DEBUG o.s.security.web.FilterChainProxy - Securing GET /api/v1/files/82b4818b-f0d2-4206-bfa5-298f7111d20c.jpg
2025-11-13 00:12:22 [http-nio-8088-exec-5] DEBUG o.s.s.w.a.AnonymousAuthenticationFilter - Set SecurityContextHolder to anonymous SecurityContext
2025-11-13 00:12:22 [http-nio-8088-exec-5] DEBUG o.s.security.web.FilterChainProxy - Secured GET /api/v1/files/82b4818b-f0d2-4206-bfa5-298f7111d20c.jpg
2025-11-13 00:12:22 [http-nio-8088-exec-3] DEBUG o.s.security.web.FilterChainProxy - Securing GET /api/v1/files/56de7c12-082e-4eb3-b6cb-d84d8cc38775.jpg
2025-11-13 00:12:22 [http-nio-8088-exec-3] DEBUG o.s.s.w.a.AnonymousAuthenticationFilter - Set SecurityContextHolder to anonymous SecurityContext
2025-11-13 00:12:22 [http-nio-8088-exec-3] DEBUG o.s.security.web.FilterChainProxy - Secured GET /api/v1/files/56de7c12-082e-4eb3-b6cb-d84d8cc38775.jpg
2025-11-13 00:12:22 [http-nio-8088-exec-7] DEBUG o.s.security.web.FilterChainProxy - Securing GET /api/v1/files/b0fcea8f-74ab-4ff1-bd62-6557e0ccb1f2.jpg
2025-11-13 00:12:22 [http-nio-8088-exec-2] DEBUG o.s.security.web.FilterChainProxy - Securing GET /api/v1/files/e267ade1-780a-4a34-adf1-ecb1b2948e21.jpg
2025-11-13 00:12:22 [http-nio-8088-exec-7] DEBUG o.s.s.w.a.AnonymousAuthenticationFilter - Set SecurityContextHolder to anonymous SecurityContext
2025-11-13 00:12:22 [http-nio-8088-exec-2] DEBUG o.s.s.w.a.AnonymousAuthenticationFilter - Set SecurityContextHolder to anonymous SecurityContext
2025-11-13 00:12:22 [http-nio-8088-exec-7] DEBUG o.s.security.web.FilterChainProxy - Secured GET /api/v1/files/b0fcea8f-74ab-4ff1-bd62-6557e0ccb1f2.jpg
2025-11-13 00:12:22 [http-nio-8088-exec-2] DEBUG o.s.security.web.FilterChainProxy - Secured GET /api/v1/files/e267ade1-780a-4a34-adf1-ecb1b2948e21.jpg
2025-11-13 00:12:22 [http-nio-8088-exec-3] DEBUG c.g.c.controller.FileController - Downloading file: 56de7c12-082e-4eb3-b6cb-d84d8cc38775.jpg
2025-11-13 00:12:22 [http-nio-8088-exec-2] DEBUG c.g.c.controller.FileController - Downloading file: e267ade1-780a-4a34-adf1-ecb1b2948e21.jpg
2025-11-13 00:12:22 [http-nio-8088-exec-1] DEBUG o.s.security.web.FilterChainProxy - Securing GET /api/v1/files/80cf5e3d-5d4c-4d1b-9e7d-0a0b8bfa00eb.jpg
2025-11-13 00:12:22 [http-nio-8088-exec-1] DEBUG o.s.s.w.a.AnonymousAuthenticationFilter - Set SecurityContextHolder to anonymous SecurityContext
2025-11-13 00:12:22 [http-nio-8088-exec-1] DEBUG o.s.security.web.FilterChainProxy - Secured GET /api/v1/files/80cf5e3d-5d4c-4d1b-9e7d-0a0b8bfa00eb.jpg
2025-11-13 00:12:22 [http-nio-8088-exec-5] DEBUG c.g.c.controller.FileController - Downloading file: 82b4818b-f0d2-4206-bfa5-298f7111d20c.jpg
2025-11-13 00:12:22 [http-nio-8088-exec-7] DEBUG c.g.c.controller.FileController - Downloading file: b0fcea8f-74ab-4ff1-bd62-6557e0ccb1f2.jpg
2025-11-13 00:12:22 [http-nio-8088-exec-10] DEBUG o.s.security.web.FilterChainProxy - Securing GET /api/v1/categories
2025-11-13 00:12:22 [http-nio-8088-exec-1] DEBUG c.g.c.controller.FileController - Downloading file: 80cf5e3d-5d4c-4d1b-9e7d-0a0b8bfa00eb.jpg
2025-11-13 00:12:22 [http-nio-8088-exec-4] DEBUG o.s.security.web.FilterChainProxy - Securing GET /api/v1/files/01377e1e-70ed-48ba-bd4a-6379aeff4856.jpg
2025-11-13 00:12:22 [http-nio-8088-exec-4] DEBUG o.s.s.w.a.AnonymousAuthenticationFilter - Set SecurityContextHolder to anonymous SecurityContext
2025-11-13 00:12:22 [http-nio-8088-exec-4] DEBUG o.s.security.web.FilterChainProxy - Secured GET /api/v1/files/01377e1e-70ed-48ba-bd4a-6379aeff4856.jpg
2025-11-13 00:12:22 [http-nio-8088-exec-4] DEBUG c.g.c.controller.FileController - Downloading file: 01377e1e-70ed-48ba-bd4a-6379aeff4856.jpg
2025-11-13 00:12:22 [http-nio-8088-exec-7] DEBUG o.s.security.web.FilterChainProxy - Securing GET /api/v1/files/a10447e0-1a57-4b12-837d-218f6d3a6706.jpg
2025-11-13 00:12:22 [http-nio-8088-exec-7] DEBUG o.s.s.w.a.AnonymousAuthenticationFilter - Set SecurityContextHolder to anonymous SecurityContext
2025-11-13 00:12:22 [http-nio-8088-exec-7] DEBUG o.s.security.web.FilterChainProxy - Secured GET /api/v1/files/a10447e0-1a57-4b12-837d-218f6d3a6706.jpg
2025-11-13 00:12:22 [http-nio-8088-exec-7] DEBUG c.g.c.controller.FileController - Downloading file: a10447e0-1a57-4b12-837d-218f6d3a6706.jpg
2025-11-13 00:12:22 [http-nio-8088-exec-9] DEBUG o.s.security.web.FilterChainProxy - Securing GET /api/v1/files/358e5aef-6b26-4cb1-a997-97ac999d9dc1.jpg
2025-11-13 00:12:22 [http-nio-8088-exec-3] DEBUG o.s.security.web.FilterChainProxy - Securing GET /api/v1/files/587ac1e2-1a65-4144-bbb7-faff4eac57bd.jpg
2025-11-13 00:12:22 [http-nio-8088-exec-6] DEBUG o.s.security.web.FilterChainProxy - Securing GET /api/v1/files/399710fc-be76-468d-be99-161396dbd4a4.jpg
2025-11-13 00:12:22 [http-nio-8088-exec-9] DEBUG o.s.s.w.a.AnonymousAuthenticationFilter - Set SecurityContextHolder to anonymous SecurityContext
2025-11-13 00:12:22 [http-nio-8088-exec-6] DEBUG o.s.s.w.a.AnonymousAuthenticationFilter - Set SecurityContextHolder to anonymous SecurityContext
2025-11-13 00:12:22 [http-nio-8088-exec-9] DEBUG o.s.security.web.FilterChainProxy - Secured GET /api/v1/files/358e5aef-6b26-4cb1-a997-97ac999d9dc1.jpg
2025-11-13 00:12:22 [http-nio-8088-exec-3] DEBUG o.s.s.w.a.AnonymousAuthenticationFilter - Set SecurityContextHolder to anonymous SecurityContext
2025-11-13 00:12:22 [http-nio-8088-exec-2] DEBUG o.s.security.web.FilterChainProxy - Securing GET /api/v1/files/fc284af6-76c3-40fc-b6ab-245bf05af010.jpg
2025-11-13 00:12:22 [http-nio-8088-exec-3] DEBUG o.s.security.web.FilterChainProxy - Secured GET /api/v1/files/587ac1e2-1a65-4144-bbb7-faff4eac57bd.jpg
2025-11-13 00:12:22 [http-nio-8088-exec-2] DEBUG o.s.s.w.a.AnonymousAuthenticationFilter - Set SecurityContextHolder to anonymous SecurityContext
2025-11-13 00:12:22 [http-nio-8088-exec-6] DEBUG o.s.security.web.FilterChainProxy - Secured GET /api/v1/files/399710fc-be76-468d-be99-161396dbd4a4.jpg
2025-11-13 00:12:22 [http-nio-8088-exec-2] DEBUG o.s.security.web.FilterChainProxy - Secured GET /api/v1/files/fc284af6-76c3-40fc-b6ab-245bf05af010.jpg
2025-11-13 00:12:22 [http-nio-8088-exec-9] DEBUG c.g.c.controller.FileController - Downloading file: 358e5aef-6b26-4cb1-a997-97ac999d9dc1.jpg
2025-11-13 00:12:22 [http-nio-8088-exec-6] DEBUG c.g.c.controller.FileController - Downloading file: 399710fc-be76-468d-be99-161396dbd4a4.jpg
2025-11-13 00:12:22 [http-nio-8088-exec-2] DEBUG c.g.c.controller.FileController - Downloading file: fc284af6-76c3-40fc-b6ab-245bf05af010.jpg
2025-11-13 00:12:22 [http-nio-8088-exec-3] DEBUG c.g.c.controller.FileController - Downloading file: 587ac1e2-1a65-4144-bbb7-faff4eac57bd.jpg
2025-11-13 00:12:22 [http-nio-8088-exec-10] DEBUG org.hibernate.SQL - 
    select
        u1_0.id,
        u1_0.created_at,
        u1_0.email,
        u1_0.full_name,
        u1_0.password,
        u1_0.phone,
        u1_0.status,
        u1_0.updated_at,
        u1_0.username 
    from
        users u1_0 
    where
        u1_0.username=?
2025-11-13 00:12:22 [http-nio-8088-exec-5] DEBUG o.s.security.web.FilterChainProxy - Securing GET /api/v1/files/5f0d97d1-f3b4-431e-99dd-ad80499705ba.jpg
2025-11-13 00:12:22 [http-nio-8088-exec-5] DEBUG o.s.s.w.a.AnonymousAuthenticationFilter - Set SecurityContextHolder to anonymous SecurityContext
2025-11-13 00:12:22 [http-nio-8088-exec-5] DEBUG o.s.security.web.FilterChainProxy - Secured GET /api/v1/files/5f0d97d1-f3b4-431e-99dd-ad80499705ba.jpg
2025-11-13 00:12:22 [http-nio-8088-exec-5] DEBUG c.g.c.controller.FileController - Downloading file: 5f0d97d1-f3b4-431e-99dd-ad80499705ba.jpg
2025-11-13 00:12:22 [http-nio-8088-exec-8] WARN  c.g.c.e.GlobalExceptionHandler - Entity not found: No pending order found for table id: 1 - Path: /api/v1/orders/table/1/pending
2025-11-13 00:12:22 [http-nio-8088-exec-4] DEBUG o.s.security.web.FilterChainProxy - Securing GET /api/v1/files/3be6958d-8594-4f88-bf4a-caed30cc8686.jpg
2025-11-13 00:12:22 [http-nio-8088-exec-4] DEBUG o.s.s.w.a.AnonymousAuthenticationFilter - Set SecurityContextHolder to anonymous SecurityContext
2025-11-13 00:12:22 [http-nio-8088-exec-4] DEBUG o.s.security.web.FilterChainProxy - Secured GET /api/v1/files/3be6958d-8594-4f88-bf4a-caed30cc8686.jpg
2025-11-13 00:12:22 [http-nio-8088-exec-6] DEBUG o.s.security.web.FilterChainProxy - Securing GET /api/v1/files/a7ad5fc9-6e6e-4d2d-bf7f-0925fb9237ec.jpg
2025-11-13 00:12:22 [http-nio-8088-exec-6] DEBUG o.s.s.w.a.AnonymousAuthenticationFilter - Set SecurityContextHolder to anonymous SecurityContext
2025-11-13 00:12:22 [http-nio-8088-exec-6] DEBUG o.s.security.web.FilterChainProxy - Secured GET /api/v1/files/a7ad5fc9-6e6e-4d2d-bf7f-0925fb9237ec.jpg
2025-11-13 00:12:22 [http-nio-8088-exec-6] DEBUG c.g.c.controller.FileController - Downloading file: a7ad5fc9-6e6e-4d2d-bf7f-0925fb9237ec.jpg
2025-11-13 00:12:22 [http-nio-8088-exec-4] DEBUG c.g.c.controller.FileController - Downloading file: 3be6958d-8594-4f88-bf4a-caed30cc8686.jpg
2025-11-13 00:12:22 [http-nio-8088-exec-10] DEBUG org.hibernate.SQL - 
    select
        r1_0.user_id,
        r1_1.id,
        r1_1.name 
    from
        user_roles r1_0 
    join
        roles r1_1 
            on r1_1.id=r1_0.role_id 
    where
        r1_0.user_id=?
2025-11-13 00:12:22 [http-nio-8088-exec-7] DEBUG o.s.security.web.FilterChainProxy - Securing GET /api/v1/files/dc7eea7e-d955-4e82-947f-8f3a275d09c8.jpg
2025-11-13 00:12:22 [http-nio-8088-exec-7] DEBUG o.s.s.w.a.AnonymousAuthenticationFilter - Set SecurityContextHolder to anonymous SecurityContext
2025-11-13 00:12:22 [http-nio-8088-exec-7] DEBUG o.s.security.web.FilterChainProxy - Secured GET /api/v1/files/dc7eea7e-d955-4e82-947f-8f3a275d09c8.jpg
2025-11-13 00:12:22 [http-nio-8088-exec-7] DEBUG c.g.c.controller.FileController - Downloading file: dc7eea7e-d955-4e82-947f-8f3a275d09c8.jpg
2025-11-13 00:12:22 [http-nio-8088-exec-9] DEBUG o.s.security.web.FilterChainProxy - Securing GET /api/v1/files/4b9dcaa8-0825-4ee8-badc-86529e305d2a.jpg
2025-11-13 00:12:22 [http-nio-8088-exec-9] DEBUG o.s.s.w.a.AnonymousAuthenticationFilter - Set SecurityContextHolder to anonymous SecurityContext
2025-11-13 00:12:22 [http-nio-8088-exec-9] DEBUG o.s.security.web.FilterChainProxy - Secured GET /api/v1/files/4b9dcaa8-0825-4ee8-badc-86529e305d2a.jpg
2025-11-13 00:12:22 [http-nio-8088-exec-9] DEBUG c.g.c.controller.FileController - Downloading file: 4b9dcaa8-0825-4ee8-badc-86529e305d2a.jpg
2025-11-13 00:12:22 [http-nio-8088-exec-1] DEBUG o.s.security.web.FilterChainProxy - Securing GET /api/v1/files/76508bcc-516c-4520-b640-75df6df6a0ca.jpg
2025-11-13 00:12:22 [http-nio-8088-exec-1] DEBUG o.s.s.w.a.AnonymousAuthenticationFilter - Set SecurityContextHolder to anonymous SecurityContext
2025-11-13 00:12:22 [http-nio-8088-exec-1] DEBUG o.s.security.web.FilterChainProxy - Secured GET /api/v1/files/76508bcc-516c-4520-b640-75df6df6a0ca.jpg
2025-11-13 00:12:22 [http-nio-8088-exec-3] DEBUG o.s.security.web.FilterChainProxy - Securing GET /api/v1/files/257f1822-ec96-40c8-850e-a304cffa37fd.jpg
2025-11-13 00:12:22 [http-nio-8088-exec-3] DEBUG o.s.s.w.a.AnonymousAuthenticationFilter - Set SecurityContextHolder to anonymous SecurityContext
2025-11-13 00:12:22 [http-nio-8088-exec-3] DEBUG o.s.security.web.FilterChainProxy - Secured GET /api/v1/files/257f1822-ec96-40c8-850e-a304cffa37fd.jpg
2025-11-13 00:12:22 [http-nio-8088-exec-3] DEBUG c.g.c.controller.FileController - Downloading file: 257f1822-ec96-40c8-850e-a304cffa37fd.jpg
2025-11-13 00:12:22 [http-nio-8088-exec-1] DEBUG c.g.c.controller.FileController - Downloading file: 76508bcc-516c-4520-b640-75df6df6a0ca.jpg
2025-11-13 00:12:22 [http-nio-8088-exec-10] DEBUG o.s.security.web.FilterChainProxy - Secured GET /api/v1/categories
2025-11-13 00:12:22 [http-nio-8088-exec-10] DEBUG o.s.s.a.m.AuthorizationManagerBeforeMethodInterceptor - Authorizing method invocation ReflectiveMethodInvocation: public org.springframework.http.ResponseEntity com.giapho.coffee_shop_backend.controller.CategoryController.getAllCategories(); target is of class [com.giapho.coffee_shop_backend.controller.CategoryController]
2025-11-13 00:12:22 [http-nio-8088-exec-10] DEBUG o.s.s.a.m.AuthorizationManagerBeforeMethodInterceptor - Authorized method invocation ReflectiveMethodInvocation: public org.springframework.http.ResponseEntity com.giapho.coffee_shop_backend.controller.CategoryController.getAllCategories(); target is of class [com.giapho.coffee_shop_backend.controller.CategoryController]
2025-11-13 00:12:22 [http-nio-8088-exec-10] DEBUG org.hibernate.SQL - 
    select
        c1_0.id,
        c1_0.description,
        c1_0.name 
    from
        categories c1_0
2025-11-13 00:12:24 [http-nio-8088-exec-2] DEBUG o.s.security.web.FilterChainProxy - Securing GET /api/v1/tables
2025-11-13 00:12:24 [http-nio-8088-exec-2] DEBUG org.hibernate.SQL - 
    select
        u1_0.id,
        u1_0.created_at,
        u1_0.email,
        u1_0.full_name,
        u1_0.password,
        u1_0.phone,
        u1_0.status,
        u1_0.updated_at,
        u1_0.username 
    from
        users u1_0 
    where
        u1_0.username=?
2025-11-13 00:12:24 [http-nio-8088-exec-2] DEBUG org.hibernate.SQL - 
    select
        r1_0.user_id,
        r1_1.id,
        r1_1.name 
    from
        user_roles r1_0 
    join
        roles r1_1 
            on r1_1.id=r1_0.role_id 
    where
        r1_0.user_id=?
2025-11-13 00:12:24 [http-nio-8088-exec-2] DEBUG o.s.security.web.FilterChainProxy - Secured GET /api/v1/tables
2025-11-13 00:12:24 [http-nio-8088-exec-2] DEBUG o.s.s.a.m.AuthorizationManagerBeforeMethodInterceptor - Authorizing method invocation ReflectiveMethodInvocation: public org.springframework.http.ResponseEntity com.giapho.coffee_shop_backend.controller.CafeTableController.getAllTables(); target is of class [com.giapho.coffee_shop_backend.controller.CafeTableController]
2025-11-13 00:12:24 [http-nio-8088-exec-2] DEBUG o.s.s.a.m.AuthorizationManagerBeforeMethodInterceptor - Authorized method invocation ReflectiveMethodInvocation: public org.springframework.http.ResponseEntity com.giapho.coffee_shop_backend.controller.CafeTableController.getAllTables(); target is of class [com.giapho.coffee_shop_backend.controller.CafeTableController]
2025-11-13 00:12:24 [http-nio-8088-exec-2] DEBUG org.hibernate.SQL - 
    select
        ct1_0.id,
        ct1_0.capacity,
        ct1_0.name,
        ct1_0.status 
    from
        tables ct1_0
2025-11-13 00:12:31 [http-nio-8088-exec-8] DEBUG o.s.security.web.FilterChainProxy - Securing GET /api/v1/orders/table/1/pending
2025-11-13 00:12:31 [http-nio-8088-exec-5] DEBUG o.s.security.web.FilterChainProxy - Securing GET /api/v1/products?page=0&size=1000
2025-11-13 00:12:31 [http-nio-8088-exec-8] DEBUG org.hibernate.SQL - 
    select
        u1_0.id,
        u1_0.created_at,
        u1_0.email,
        u1_0.full_name,
        u1_0.password,
        u1_0.phone,
        u1_0.status,
        u1_0.updated_at,
        u1_0.username 
    from
        users u1_0 
    where
        u1_0.username=?
2025-11-13 00:12:31 [http-nio-8088-exec-5] DEBUG org.hibernate.SQL - 
    select
        u1_0.id,
        u1_0.created_at,
        u1_0.email,
        u1_0.full_name,
        u1_0.password,
        u1_0.phone,
        u1_0.status,
        u1_0.updated_at,
        u1_0.username 
    from
        users u1_0 
    where
        u1_0.username=?
2025-11-13 00:12:31 [http-nio-8088-exec-8] DEBUG org.hibernate.SQL - 
    select
        r1_0.user_id,
        r1_1.id,
        r1_1.name 
    from
        user_roles r1_0 
    join
        roles r1_1 
            on r1_1.id=r1_0.role_id 
    where
        r1_0.user_id=?
2025-11-13 00:12:31 [http-nio-8088-exec-5] DEBUG org.hibernate.SQL - 
    select
        r1_0.user_id,
        r1_1.id,
        r1_1.name 
    from
        user_roles r1_0 
    join
        roles r1_1 
            on r1_1.id=r1_0.role_id 
    where
        r1_0.user_id=?
2025-11-13 00:12:31 [http-nio-8088-exec-8] DEBUG o.s.security.web.FilterChainProxy - Secured GET /api/v1/orders/table/1/pending
2025-11-13 00:12:31 [http-nio-8088-exec-8] DEBUG o.s.s.a.m.AuthorizationManagerBeforeMethodInterceptor - Authorizing method invocation ReflectiveMethodInvocation: public org.springframework.http.ResponseEntity com.giapho.coffee_shop_backend.controller.OrderController.getPendingOrderByTable(java.lang.Long); target is of class [com.giapho.coffee_shop_backend.controller.OrderController]
2025-11-13 00:12:31 [http-nio-8088-exec-5] DEBUG o.s.security.web.FilterChainProxy - Secured GET /api/v1/products?page=0&size=1000
2025-11-13 00:12:31 [http-nio-8088-exec-8] DEBUG o.s.s.a.m.AuthorizationManagerBeforeMethodInterceptor - Authorized method invocation ReflectiveMethodInvocation: public org.springframework.http.ResponseEntity com.giapho.coffee_shop_backend.controller.OrderController.getPendingOrderByTable(java.lang.Long); target is of class [com.giapho.coffee_shop_backend.controller.OrderController]
2025-11-13 00:12:31 [http-nio-8088-exec-5] DEBUG o.s.s.a.m.AuthorizationManagerBeforeMethodInterceptor - Authorizing method invocation ReflectiveMethodInvocation: public org.springframework.http.ResponseEntity com.giapho.coffee_shop_backend.controller.ProductController.getAllProducts(java.lang.String,java.lang.Long,org.springframework.data.domain.Pageable); target is of class [com.giapho.coffee_shop_backend.controller.ProductController]
2025-11-13 00:12:31 [http-nio-8088-exec-5] DEBUG o.s.s.a.m.AuthorizationManagerBeforeMethodInterceptor - Authorized method invocation ReflectiveMethodInvocation: public org.springframework.http.ResponseEntity com.giapho.coffee_shop_backend.controller.ProductController.getAllProducts(java.lang.String,java.lang.Long,org.springframework.data.domain.Pageable); target is of class [com.giapho.coffee_shop_backend.controller.ProductController]
2025-11-13 00:12:31 [http-nio-8088-exec-8] DEBUG org.hibernate.SQL - 
    select
        count(*) 
    from
        tables ct1_0 
    where
        ct1_0.id=?
2025-11-13 00:12:31 [http-nio-8088-exec-8] DEBUG org.hibernate.SQL - 
    select
        o1_0.id,
        o1_0.voucher_id,
        o1_0.table_id,
        o1_0.created_at,
        o1_0.customer_id,
        o1_0.discount_amount,
        o1_0.paid_at,
        o1_0.payment_method,
        o1_0.status,
        o1_0.sub_total,
        o1_0.total_amount,
        o1_0.type,
        o1_0.user_id,
        o1_0.voucher_code 
    from
        orders o1_0 
    where
        o1_0.table_id=? 
        and o1_0.status='PENDING'
2025-11-13 00:12:31 [http-nio-8088-exec-5] DEBUG org.hibernate.SQL - 
    select
        p1_0.id,
        p1_0.category_id,
        c1_0.id,
        c1_0.description,
        c1_0.name,
        p1_0.code,
        p1_0.cost,
        p1_0.created_at,
        p1_0.description,
        p1_0.image_url,
        p1_0.is_available,
        p1_0.name,
        p1_0.price,
        p1_0.updated_at 
    from
        products p1_0 
    join
        categories c1_0 
            on c1_0.id=p1_0.category_id 
    limit
        ?, ?
2025-11-13 00:12:31 [http-nio-8088-exec-8] WARN  c.g.c.e.GlobalExceptionHandler - Entity not found: No pending order found for table id: 1 - Path: /api/v1/orders/table/1/pending
2025-11-13 00:12:31 [http-nio-8088-exec-6] DEBUG o.s.security.web.FilterChainProxy - Securing GET /api/v1/files/56de7c12-082e-4eb3-b6cb-d84d8cc38775.jpg
2025-11-13 00:12:31 [http-nio-8088-exec-4] DEBUG o.s.security.web.FilterChainProxy - Securing GET /api/v1/files/82b4818b-f0d2-4206-bfa5-298f7111d20c.jpg
2025-11-13 00:12:31 [http-nio-8088-exec-4] DEBUG o.s.s.w.a.AnonymousAuthenticationFilter - Set SecurityContextHolder to anonymous SecurityContext
2025-11-13 00:12:31 [http-nio-8088-exec-4] DEBUG o.s.security.web.FilterChainProxy - Secured GET /api/v1/files/82b4818b-f0d2-4206-bfa5-298f7111d20c.jpg
2025-11-13 00:12:31 [http-nio-8088-exec-7] DEBUG o.s.security.web.FilterChainProxy - Securing GET /api/v1/files/b0fcea8f-74ab-4ff1-bd62-6557e0ccb1f2.jpg
2025-11-13 00:12:31 [http-nio-8088-exec-7] DEBUG o.s.s.w.a.AnonymousAuthenticationFilter - Set SecurityContextHolder to anonymous SecurityContext
2025-11-13 00:12:31 [http-nio-8088-exec-6] DEBUG o.s.s.w.a.AnonymousAuthenticationFilter - Set SecurityContextHolder to anonymous SecurityContext
2025-11-13 00:12:31 [http-nio-8088-exec-7] DEBUG o.s.security.web.FilterChainProxy - Secured GET /api/v1/files/b0fcea8f-74ab-4ff1-bd62-6557e0ccb1f2.jpg
2025-11-13 00:12:31 [http-nio-8088-exec-6] DEBUG o.s.security.web.FilterChainProxy - Secured GET /api/v1/files/56de7c12-082e-4eb3-b6cb-d84d8cc38775.jpg
2025-11-13 00:12:31 [http-nio-8088-exec-9] DEBUG o.s.security.web.FilterChainProxy - Securing GET /api/v1/files/e267ade1-780a-4a34-adf1-ecb1b2948e21.jpg
2025-11-13 00:12:31 [http-nio-8088-exec-9] DEBUG o.s.s.w.a.AnonymousAuthenticationFilter - Set SecurityContextHolder to anonymous SecurityContext
2025-11-13 00:12:31 [http-nio-8088-exec-7] DEBUG c.g.c.controller.FileController - Downloading file: b0fcea8f-74ab-4ff1-bd62-6557e0ccb1f2.jpg
2025-11-13 00:12:31 [http-nio-8088-exec-9] DEBUG o.s.security.web.FilterChainProxy - Secured GET /api/v1/files/e267ade1-780a-4a34-adf1-ecb1b2948e21.jpg
2025-11-13 00:12:31 [http-nio-8088-exec-1] DEBUG o.s.security.web.FilterChainProxy - Securing GET /api/v1/files/80cf5e3d-5d4c-4d1b-9e7d-0a0b8bfa00eb.jpg
2025-11-13 00:12:31 [http-nio-8088-exec-9] DEBUG c.g.c.controller.FileController - Downloading file: e267ade1-780a-4a34-adf1-ecb1b2948e21.jpg
2025-11-13 00:12:31 [http-nio-8088-exec-1] DEBUG o.s.s.w.a.AnonymousAuthenticationFilter - Set SecurityContextHolder to anonymous SecurityContext
2025-11-13 00:12:31 [http-nio-8088-exec-1] DEBUG o.s.security.web.FilterChainProxy - Secured GET /api/v1/files/80cf5e3d-5d4c-4d1b-9e7d-0a0b8bfa00eb.jpg
2025-11-13 00:12:31 [http-nio-8088-exec-1] DEBUG c.g.c.controller.FileController - Downloading file: 80cf5e3d-5d4c-4d1b-9e7d-0a0b8bfa00eb.jpg
2025-11-13 00:12:31 [http-nio-8088-exec-4] DEBUG c.g.c.controller.FileController - Downloading file: 82b4818b-f0d2-4206-bfa5-298f7111d20c.jpg
2025-11-13 00:12:31 [http-nio-8088-exec-6] DEBUG c.g.c.controller.FileController - Downloading file: 56de7c12-082e-4eb3-b6cb-d84d8cc38775.jpg
2025-11-13 00:12:31 [http-nio-8088-exec-3] DEBUG o.s.security.web.FilterChainProxy - Securing GET /api/v1/files/358e5aef-6b26-4cb1-a997-97ac999d9dc1.jpg
2025-11-13 00:12:31 [http-nio-8088-exec-3] DEBUG o.s.s.w.a.AnonymousAuthenticationFilter - Set SecurityContextHolder to anonymous SecurityContext
2025-11-13 00:12:31 [http-nio-8088-exec-3] DEBUG o.s.security.web.FilterChainProxy - Secured GET /api/v1/files/358e5aef-6b26-4cb1-a997-97ac999d9dc1.jpg
2025-11-13 00:12:31 [http-nio-8088-exec-3] DEBUG c.g.c.controller.FileController - Downloading file: 358e5aef-6b26-4cb1-a997-97ac999d9dc1.jpg
2025-11-13 00:12:31 [http-nio-8088-exec-10] DEBUG o.s.security.web.FilterChainProxy - Securing GET /api/v1/files/01377e1e-70ed-48ba-bd4a-6379aeff4856.jpg
2025-11-13 00:12:31 [http-nio-8088-exec-10] DEBUG o.s.s.w.a.AnonymousAuthenticationFilter - Set SecurityContextHolder to anonymous SecurityContext
2025-11-13 00:12:31 [http-nio-8088-exec-10] DEBUG o.s.security.web.FilterChainProxy - Secured GET /api/v1/files/01377e1e-70ed-48ba-bd4a-6379aeff4856.jpg
2025-11-13 00:12:31 [http-nio-8088-exec-10] DEBUG c.g.c.controller.FileController - Downloading file: 01377e1e-70ed-48ba-bd4a-6379aeff4856.jpg
2025-11-13 00:12:31 [http-nio-8088-exec-5] DEBUG o.s.security.web.FilterChainProxy - Securing GET /api/v1/files/fc284af6-76c3-40fc-b6ab-245bf05af010.jpg
2025-11-13 00:12:31 [http-nio-8088-exec-5] DEBUG o.s.s.w.a.AnonymousAuthenticationFilter - Set SecurityContextHolder to anonymous SecurityContext
2025-11-13 00:12:31 [http-nio-8088-exec-8] DEBUG o.s.security.web.FilterChainProxy - Securing GET /api/v1/files/a10447e0-1a57-4b12-837d-218f6d3a6706.jpg
2025-11-13 00:12:31 [http-nio-8088-exec-5] DEBUG o.s.security.web.FilterChainProxy - Secured GET /api/v1/files/fc284af6-76c3-40fc-b6ab-245bf05af010.jpg
2025-11-13 00:12:31 [http-nio-8088-exec-8] DEBUG o.s.s.w.a.AnonymousAuthenticationFilter - Set SecurityContextHolder to anonymous SecurityContext
2025-11-13 00:12:31 [http-nio-8088-exec-8] DEBUG o.s.security.web.FilterChainProxy - Secured GET /api/v1/files/a10447e0-1a57-4b12-837d-218f6d3a6706.jpg
2025-11-13 00:12:31 [http-nio-8088-exec-5] DEBUG c.g.c.controller.FileController - Downloading file: fc284af6-76c3-40fc-b6ab-245bf05af010.jpg
2025-11-13 00:12:31 [http-nio-8088-exec-8] DEBUG c.g.c.controller.FileController - Downloading file: a10447e0-1a57-4b12-837d-218f6d3a6706.jpg
2025-11-13 00:12:31 [http-nio-8088-exec-10] DEBUG o.s.security.web.FilterChainProxy - Securing GET /api/v1/files/587ac1e2-1a65-4144-bbb7-faff4eac57bd.jpg
2025-11-13 00:12:31 [http-nio-8088-exec-10] DEBUG o.s.s.w.a.AnonymousAuthenticationFilter - Set SecurityContextHolder to anonymous SecurityContext
2025-11-13 00:12:31 [http-nio-8088-exec-10] DEBUG o.s.security.web.FilterChainProxy - Secured GET /api/v1/files/587ac1e2-1a65-4144-bbb7-faff4eac57bd.jpg
2025-11-13 00:12:31 [http-nio-8088-exec-2] DEBUG o.s.security.web.FilterChainProxy - Securing GET /api/v1/files/399710fc-be76-468d-be99-161396dbd4a4.jpg
2025-11-13 00:12:31 [http-nio-8088-exec-2] DEBUG o.s.s.w.a.AnonymousAuthenticationFilter - Set SecurityContextHolder to anonymous SecurityContext
2025-11-13 00:12:31 [http-nio-8088-exec-2] DEBUG o.s.security.web.FilterChainProxy - Secured GET /api/v1/files/399710fc-be76-468d-be99-161396dbd4a4.jpg
2025-11-13 00:12:31 [http-nio-8088-exec-4] DEBUG o.s.security.web.FilterChainProxy - Securing GET /api/v1/categories
2025-11-13 00:12:31 [http-nio-8088-exec-2] DEBUG c.g.c.controller.FileController - Downloading file: 399710fc-be76-468d-be99-161396dbd4a4.jpg
2025-11-13 00:12:31 [http-nio-8088-exec-9] DEBUG o.s.security.web.FilterChainProxy - Securing GET /api/v1/files/5f0d97d1-f3b4-431e-99dd-ad80499705ba.jpg
2025-11-13 00:12:31 [http-nio-8088-exec-9] DEBUG o.s.s.w.a.AnonymousAuthenticationFilter - Set SecurityContextHolder to anonymous SecurityContext
2025-11-13 00:12:31 [http-nio-8088-exec-9] DEBUG o.s.security.web.FilterChainProxy - Secured GET /api/v1/files/5f0d97d1-f3b4-431e-99dd-ad80499705ba.jpg
2025-11-13 00:12:31 [http-nio-8088-exec-9] DEBUG c.g.c.controller.FileController - Downloading file: 5f0d97d1-f3b4-431e-99dd-ad80499705ba.jpg
2025-11-13 00:12:31 [http-nio-8088-exec-10] DEBUG c.g.c.controller.FileController - Downloading file: 587ac1e2-1a65-4144-bbb7-faff4eac57bd.jpg
2025-11-13 00:12:31 [http-nio-8088-exec-3] DEBUG o.s.security.web.FilterChainProxy - Securing GET /api/v1/files/76508bcc-516c-4520-b640-75df6df6a0ca.jpg
2025-11-13 00:12:31 [http-nio-8088-exec-3] DEBUG o.s.s.w.a.AnonymousAuthenticationFilter - Set SecurityContextHolder to anonymous SecurityContext
2025-11-13 00:12:31 [http-nio-8088-exec-3] DEBUG o.s.security.web.FilterChainProxy - Secured GET /api/v1/files/76508bcc-516c-4520-b640-75df6df6a0ca.jpg
2025-11-13 00:12:31 [http-nio-8088-exec-3] DEBUG c.g.c.controller.FileController - Downloading file: 76508bcc-516c-4520-b640-75df6df6a0ca.jpg
2025-11-13 00:12:31 [http-nio-8088-exec-6] DEBUG o.s.security.web.FilterChainProxy - Securing GET /api/v1/files/3be6958d-8594-4f88-bf4a-caed30cc8686.jpg
2025-11-13 00:12:31 [http-nio-8088-exec-6] DEBUG o.s.s.w.a.AnonymousAuthenticationFilter - Set SecurityContextHolder to anonymous SecurityContext
2025-11-13 00:12:31 [http-nio-8088-exec-6] DEBUG o.s.security.web.FilterChainProxy - Secured GET /api/v1/files/3be6958d-8594-4f88-bf4a-caed30cc8686.jpg
2025-11-13 00:12:31 [http-nio-8088-exec-6] DEBUG c.g.c.controller.FileController - Downloading file: 3be6958d-8594-4f88-bf4a-caed30cc8686.jpg
2025-11-13 00:12:31 [http-nio-8088-exec-10] DEBUG o.s.security.web.FilterChainProxy - Securing GET /api/v1/files/a7ad5fc9-6e6e-4d2d-bf7f-0925fb9237ec.jpg
2025-11-13 00:12:31 [http-nio-8088-exec-10] DEBUG o.s.s.w.a.AnonymousAuthenticationFilter - Set SecurityContextHolder to anonymous SecurityContext
2025-11-13 00:12:31 [http-nio-8088-exec-10] DEBUG o.s.security.web.FilterChainProxy - Secured GET /api/v1/files/a7ad5fc9-6e6e-4d2d-bf7f-0925fb9237ec.jpg
2025-11-13 00:12:31 [http-nio-8088-exec-10] DEBUG c.g.c.controller.FileController - Downloading file: a7ad5fc9-6e6e-4d2d-bf7f-0925fb9237ec.jpg
2025-11-13 00:12:31 [http-nio-8088-exec-9] DEBUG o.s.security.web.FilterChainProxy - Securing GET /api/v1/files/4b9dcaa8-0825-4ee8-badc-86529e305d2a.jpg
2025-11-13 00:12:31 [http-nio-8088-exec-9] DEBUG o.s.s.w.a.AnonymousAuthenticationFilter - Set SecurityContextHolder to anonymous SecurityContext
2025-11-13 00:12:31 [http-nio-8088-exec-9] DEBUG o.s.security.web.FilterChainProxy - Secured GET /api/v1/files/4b9dcaa8-0825-4ee8-badc-86529e305d2a.jpg
2025-11-13 00:12:31 [http-nio-8088-exec-9] DEBUG c.g.c.controller.FileController - Downloading file: 4b9dcaa8-0825-4ee8-badc-86529e305d2a.jpg
2025-11-13 00:12:31 [http-nio-8088-exec-3] DEBUG o.s.security.web.FilterChainProxy - Securing GET /api/v1/files/257f1822-ec96-40c8-850e-a304cffa37fd.jpg
2025-11-13 00:12:31 [http-nio-8088-exec-3] DEBUG o.s.s.w.a.AnonymousAuthenticationFilter - Set SecurityContextHolder to anonymous SecurityContext
2025-11-13 00:12:31 [http-nio-8088-exec-3] DEBUG o.s.security.web.FilterChainProxy - Secured GET /api/v1/files/257f1822-ec96-40c8-850e-a304cffa37fd.jpg
2025-11-13 00:12:31 [http-nio-8088-exec-6] DEBUG o.s.security.web.FilterChainProxy - Securing GET /api/v1/files/dc7eea7e-d955-4e82-947f-8f3a275d09c8.jpg
2025-11-13 00:12:31 [http-nio-8088-exec-6] DEBUG o.s.s.w.a.AnonymousAuthenticationFilter - Set SecurityContextHolder to anonymous SecurityContext
2025-11-13 00:12:31 [http-nio-8088-exec-3] DEBUG c.g.c.controller.FileController - Downloading file: 257f1822-ec96-40c8-850e-a304cffa37fd.jpg
2025-11-13 00:12:31 [http-nio-8088-exec-4] DEBUG org.hibernate.SQL - 
    select
        u1_0.id,
        u1_0.created_at,
        u1_0.email,
        u1_0.full_name,
        u1_0.password,
        u1_0.phone,
        u1_0.status,
        u1_0.updated_at,
        u1_0.username 
    from
        users u1_0 
    where
        u1_0.username=?
2025-11-13 00:12:31 [http-nio-8088-exec-6] DEBUG o.s.security.web.FilterChainProxy - Secured GET /api/v1/files/dc7eea7e-d955-4e82-947f-8f3a275d09c8.jpg
2025-11-13 00:12:31 [http-nio-8088-exec-6] DEBUG c.g.c.controller.FileController - Downloading file: dc7eea7e-d955-4e82-947f-8f3a275d09c8.jpg
2025-11-13 00:12:31 [http-nio-8088-exec-4] DEBUG org.hibernate.SQL - 
    select
        r1_0.user_id,
        r1_1.id,
        r1_1.name 
    from
        user_roles r1_0 
    join
        roles r1_1 
            on r1_1.id=r1_0.role_id 
    where
        r1_0.user_id=?
2025-11-13 00:12:31 [http-nio-8088-exec-4] DEBUG o.s.security.web.FilterChainProxy - Secured GET /api/v1/categories
2025-11-13 00:12:31 [http-nio-8088-exec-4] DEBUG o.s.s.a.m.AuthorizationManagerBeforeMethodInterceptor - Authorizing method invocation ReflectiveMethodInvocation: public org.springframework.http.ResponseEntity com.giapho.coffee_shop_backend.controller.CategoryController.getAllCategories(); target is of class [com.giapho.coffee_shop_backend.controller.CategoryController]
2025-11-13 00:12:31 [http-nio-8088-exec-4] DEBUG o.s.s.a.m.AuthorizationManagerBeforeMethodInterceptor - Authorized method invocation ReflectiveMethodInvocation: public org.springframework.http.ResponseEntity com.giapho.coffee_shop_backend.controller.CategoryController.getAllCategories(); target is of class [com.giapho.coffee_shop_backend.controller.CategoryController]
2025-11-13 00:12:31 [http-nio-8088-exec-4] DEBUG org.hibernate.SQL - 
    select
        c1_0.id,
        c1_0.description,
        c1_0.name 
    from
        categories c1_0
2025-11-13 00:12:33 [http-nio-8088-exec-7] DEBUG o.s.security.web.FilterChainProxy - Securing GET /api/v1/tables
2025-11-13 00:12:33 [http-nio-8088-exec-7] DEBUG org.hibernate.SQL - 
    select
        u1_0.id,
        u1_0.created_at,
        u1_0.email,
        u1_0.full_name,
        u1_0.password,
        u1_0.phone,
        u1_0.status,
        u1_0.updated_at,
        u1_0.username 
    from
        users u1_0 
    where
        u1_0.username=?
2025-11-13 00:12:33 [http-nio-8088-exec-7] DEBUG org.hibernate.SQL - 
    select
        r1_0.user_id,
        r1_1.id,
        r1_1.name 
    from
        user_roles r1_0 
    join
        roles r1_1 
            on r1_1.id=r1_0.role_id 
    where
        r1_0.user_id=?
2025-11-13 00:12:33 [http-nio-8088-exec-7] DEBUG o.s.security.web.FilterChainProxy - Secured GET /api/v1/tables
2025-11-13 00:12:33 [http-nio-8088-exec-7] DEBUG o.s.s.a.m.AuthorizationManagerBeforeMethodInterceptor - Authorizing method invocation ReflectiveMethodInvocation: public org.springframework.http.ResponseEntity com.giapho.coffee_shop_backend.controller.CafeTableController.getAllTables(); target is of class [com.giapho.coffee_shop_backend.controller.CafeTableController]
2025-11-13 00:12:33 [http-nio-8088-exec-7] DEBUG o.s.s.a.m.AuthorizationManagerBeforeMethodInterceptor - Authorized method invocation ReflectiveMethodInvocation: public org.springframework.http.ResponseEntity com.giapho.coffee_shop_backend.controller.CafeTableController.getAllTables(); target is of class [com.giapho.coffee_shop_backend.controller.CafeTableController]
2025-11-13 00:12:33 [http-nio-8088-exec-7] DEBUG org.hibernate.SQL - 
    select
        ct1_0.id,
        ct1_0.capacity,
        ct1_0.name,
        ct1_0.status 
    from
        tables ct1_0
2025-11-13 00:13:19 [http-nio-8088-exec-1] DEBUG o.s.security.web.FilterChainProxy - Securing GET /api/v1/orders/table/1/pending
2025-11-13 00:13:19 [http-nio-8088-exec-5] DEBUG o.s.security.web.FilterChainProxy - Securing GET /api/v1/products?page=0&size=1000
2025-11-13 00:13:19 [http-nio-8088-exec-1] DEBUG org.hibernate.SQL - 
    select
        u1_0.id,
        u1_0.created_at,
        u1_0.email,
        u1_0.full_name,
        u1_0.password,
        u1_0.phone,
        u1_0.status,
        u1_0.updated_at,
        u1_0.username 
    from
        users u1_0 
    where
        u1_0.username=?
2025-11-13 00:13:19 [http-nio-8088-exec-5] DEBUG org.hibernate.SQL - 
    select
        u1_0.id,
        u1_0.created_at,
        u1_0.email,
        u1_0.full_name,
        u1_0.password,
        u1_0.phone,
        u1_0.status,
        u1_0.updated_at,
        u1_0.username 
    from
        users u1_0 
    where
        u1_0.username=?
2025-11-13 00:13:20 [http-nio-8088-exec-1] DEBUG org.hibernate.SQL - 
    select
        r1_0.user_id,
        r1_1.id,
        r1_1.name 
    from
        user_roles r1_0 
    join
        roles r1_1 
            on r1_1.id=r1_0.role_id 
    where
        r1_0.user_id=?
2025-11-13 00:13:20 [http-nio-8088-exec-5] DEBUG org.hibernate.SQL - 
    select
        r1_0.user_id,
        r1_1.id,
        r1_1.name 
    from
        user_roles r1_0 
    join
        roles r1_1 
            on r1_1.id=r1_0.role_id 
    where
        r1_0.user_id=?
2025-11-13 00:13:20 [http-nio-8088-exec-1] DEBUG o.s.security.web.FilterChainProxy - Secured GET /api/v1/orders/table/1/pending
2025-11-13 00:13:20 [http-nio-8088-exec-1] DEBUG o.s.s.a.m.AuthorizationManagerBeforeMethodInterceptor - Authorizing method invocation ReflectiveMethodInvocation: public org.springframework.http.ResponseEntity com.giapho.coffee_shop_backend.controller.OrderController.getPendingOrderByTable(java.lang.Long); target is of class [com.giapho.coffee_shop_backend.controller.OrderController]
2025-11-13 00:13:20 [http-nio-8088-exec-1] DEBUG o.s.s.a.m.AuthorizationManagerBeforeMethodInterceptor - Authorized method invocation ReflectiveMethodInvocation: public org.springframework.http.ResponseEntity com.giapho.coffee_shop_backend.controller.OrderController.getPendingOrderByTable(java.lang.Long); target is of class [com.giapho.coffee_shop_backend.controller.OrderController]
2025-11-13 00:13:20 [http-nio-8088-exec-5] DEBUG o.s.security.web.FilterChainProxy - Secured GET /api/v1/products?page=0&size=1000
2025-11-13 00:13:20 [http-nio-8088-exec-5] DEBUG o.s.s.a.m.AuthorizationManagerBeforeMethodInterceptor - Authorizing method invocation ReflectiveMethodInvocation: public org.springframework.http.ResponseEntity com.giapho.coffee_shop_backend.controller.ProductController.getAllProducts(java.lang.String,java.lang.Long,org.springframework.data.domain.Pageable); target is of class [com.giapho.coffee_shop_backend.controller.ProductController]
2025-11-13 00:13:20 [http-nio-8088-exec-5] DEBUG o.s.s.a.m.AuthorizationManagerBeforeMethodInterceptor - Authorized method invocation ReflectiveMethodInvocation: public org.springframework.http.ResponseEntity com.giapho.coffee_shop_backend.controller.ProductController.getAllProducts(java.lang.String,java.lang.Long,org.springframework.data.domain.Pageable); target is of class [com.giapho.coffee_shop_backend.controller.ProductController]
2025-11-13 00:13:20 [http-nio-8088-exec-1] DEBUG org.hibernate.SQL - 
    select
        count(*) 
    from
        tables ct1_0 
    where
        ct1_0.id=?
2025-11-13 00:13:20 [http-nio-8088-exec-1] DEBUG org.hibernate.SQL - 
    select
        o1_0.id,
        o1_0.voucher_id,
        o1_0.table_id,
        o1_0.created_at,
        o1_0.customer_id,
        o1_0.discount_amount,
        o1_0.paid_at,
        o1_0.payment_method,
        o1_0.status,
        o1_0.sub_total,
        o1_0.total_amount,
        o1_0.type,
        o1_0.user_id,
        o1_0.voucher_code 
    from
        orders o1_0 
    where
        o1_0.table_id=? 
        and o1_0.status='PENDING'
2025-11-13 00:13:20 [http-nio-8088-exec-5] DEBUG org.hibernate.SQL - 
    select
        p1_0.id,
        p1_0.category_id,
        c1_0.id,
        c1_0.description,
        c1_0.name,
        p1_0.code,
        p1_0.cost,
        p1_0.created_at,
        p1_0.description,
        p1_0.image_url,
        p1_0.is_available,
        p1_0.name,
        p1_0.price,
        p1_0.updated_at 
    from
        products p1_0 
    join
        categories c1_0 
            on c1_0.id=p1_0.category_id 
    limit
        ?, ?
2025-11-13 00:13:20 [http-nio-8088-exec-1] WARN  c.g.c.e.GlobalExceptionHandler - Entity not found: No pending order found for table id: 1 - Path: /api/v1/orders/table/1/pending
2025-11-13 00:13:20 [http-nio-8088-exec-8] DEBUG o.s.security.web.FilterChainProxy - Securing GET /api/v1/files/56de7c12-082e-4eb3-b6cb-d84d8cc38775.jpg
2025-11-13 00:13:20 [http-nio-8088-exec-2] DEBUG o.s.security.web.FilterChainProxy - Securing GET /api/v1/files/82b4818b-f0d2-4206-bfa5-298f7111d20c.jpg
2025-11-13 00:13:20 [http-nio-8088-exec-8] DEBUG o.s.s.w.a.AnonymousAuthenticationFilter - Set SecurityContextHolder to anonymous SecurityContext
2025-11-13 00:13:20 [http-nio-8088-exec-2] DEBUG o.s.s.w.a.AnonymousAuthenticationFilter - Set SecurityContextHolder to anonymous SecurityContext
2025-11-13 00:13:20 [http-nio-8088-exec-2] DEBUG o.s.security.web.FilterChainProxy - Secured GET /api/v1/files/82b4818b-f0d2-4206-bfa5-298f7111d20c.jpg
2025-11-13 00:13:20 [http-nio-8088-exec-9] DEBUG o.s.security.web.FilterChainProxy - Securing GET /api/v1/files/b0fcea8f-74ab-4ff1-bd62-6557e0ccb1f2.jpg
2025-11-13 00:13:20 [http-nio-8088-exec-9] DEBUG o.s.s.w.a.AnonymousAuthenticationFilter - Set SecurityContextHolder to anonymous SecurityContext
2025-11-13 00:13:20 [http-nio-8088-exec-2] DEBUG c.g.c.controller.FileController - Downloading file: 82b4818b-f0d2-4206-bfa5-298f7111d20c.jpg
2025-11-13 00:13:20 [http-nio-8088-exec-8] DEBUG o.s.security.web.FilterChainProxy - Secured GET /api/v1/files/56de7c12-082e-4eb3-b6cb-d84d8cc38775.jpg
2025-11-13 00:13:20 [http-nio-8088-exec-8] DEBUG c.g.c.controller.FileController - Downloading file: 56de7c12-082e-4eb3-b6cb-d84d8cc38775.jpg
2025-11-13 00:13:20 [http-nio-8088-exec-6] DEBUG o.s.security.web.FilterChainProxy - Securing GET /api/v1/files/80cf5e3d-5d4c-4d1b-9e7d-0a0b8bfa00eb.jpg
2025-11-13 00:13:20 [http-nio-8088-exec-6] DEBUG o.s.s.w.a.AnonymousAuthenticationFilter - Set SecurityContextHolder to anonymous SecurityContext
2025-11-13 00:13:20 [http-nio-8088-exec-6] DEBUG o.s.security.web.FilterChainProxy - Secured GET /api/v1/files/80cf5e3d-5d4c-4d1b-9e7d-0a0b8bfa00eb.jpg
2025-11-13 00:13:20 [http-nio-8088-exec-9] DEBUG o.s.security.web.FilterChainProxy - Secured GET /api/v1/files/b0fcea8f-74ab-4ff1-bd62-6557e0ccb1f2.jpg
2025-11-13 00:13:20 [http-nio-8088-exec-9] DEBUG c.g.c.controller.FileController - Downloading file: b0fcea8f-74ab-4ff1-bd62-6557e0ccb1f2.jpg
2025-11-13 00:13:20 [http-nio-8088-exec-10] DEBUG o.s.security.web.FilterChainProxy - Securing GET /api/v1/files/e267ade1-780a-4a34-adf1-ecb1b2948e21.jpg
2025-11-13 00:13:20 [http-nio-8088-exec-10] DEBUG o.s.s.w.a.AnonymousAuthenticationFilter - Set SecurityContextHolder to anonymous SecurityContext
2025-11-13 00:13:20 [http-nio-8088-exec-3] DEBUG o.s.security.web.FilterChainProxy - Securing GET /api/v1/categories
2025-11-13 00:13:20 [http-nio-8088-exec-10] DEBUG o.s.security.web.FilterChainProxy - Secured GET /api/v1/files/e267ade1-780a-4a34-adf1-ecb1b2948e21.jpg
2025-11-13 00:13:20 [http-nio-8088-exec-10] DEBUG c.g.c.controller.FileController - Downloading file: e267ade1-780a-4a34-adf1-ecb1b2948e21.jpg
2025-11-13 00:13:20 [http-nio-8088-exec-6] DEBUG c.g.c.controller.FileController - Downloading file: 80cf5e3d-5d4c-4d1b-9e7d-0a0b8bfa00eb.jpg
2025-11-13 00:13:20 [http-nio-8088-exec-4] DEBUG o.s.security.web.FilterChainProxy - Securing GET /api/v1/files/587ac1e2-1a65-4144-bbb7-faff4eac57bd.jpg
2025-11-13 00:13:20 [http-nio-8088-exec-4] DEBUG o.s.s.w.a.AnonymousAuthenticationFilter - Set SecurityContextHolder to anonymous SecurityContext
2025-11-13 00:13:20 [http-nio-8088-exec-4] DEBUG o.s.security.web.FilterChainProxy - Secured GET /api/v1/files/587ac1e2-1a65-4144-bbb7-faff4eac57bd.jpg
2025-11-13 00:13:20 [http-nio-8088-exec-4] DEBUG c.g.c.controller.FileController - Downloading file: 587ac1e2-1a65-4144-bbb7-faff4eac57bd.jpg
2025-11-13 00:13:20 [http-nio-8088-exec-1] DEBUG o.s.security.web.FilterChainProxy - Securing GET /api/v1/files/fc284af6-76c3-40fc-b6ab-245bf05af010.jpg
2025-11-13 00:13:20 [http-nio-8088-exec-1] DEBUG o.s.s.w.a.AnonymousAuthenticationFilter - Set SecurityContextHolder to anonymous SecurityContext
2025-11-13 00:13:20 [http-nio-8088-exec-1] DEBUG o.s.security.web.FilterChainProxy - Secured GET /api/v1/files/fc284af6-76c3-40fc-b6ab-245bf05af010.jpg
2025-11-13 00:13:20 [http-nio-8088-exec-1] DEBUG c.g.c.controller.FileController - Downloading file: fc284af6-76c3-40fc-b6ab-245bf05af010.jpg
2025-11-13 00:13:20 [http-nio-8088-exec-5] DEBUG o.s.security.web.FilterChainProxy - Securing GET /api/v1/files/01377e1e-70ed-48ba-bd4a-6379aeff4856.jpg
2025-11-13 00:13:20 [http-nio-8088-exec-5] DEBUG o.s.s.w.a.AnonymousAuthenticationFilter - Set SecurityContextHolder to anonymous SecurityContext
2025-11-13 00:13:20 [http-nio-8088-exec-5] DEBUG o.s.security.web.FilterChainProxy - Secured GET /api/v1/files/01377e1e-70ed-48ba-bd4a-6379aeff4856.jpg
2025-11-13 00:13:20 [http-nio-8088-exec-5] DEBUG c.g.c.controller.FileController - Downloading file: 01377e1e-70ed-48ba-bd4a-6379aeff4856.jpg
2025-11-13 00:13:20 [http-nio-8088-exec-3] DEBUG org.hibernate.SQL - 
    select
        u1_0.id,
        u1_0.created_at,
        u1_0.email,
        u1_0.full_name,
        u1_0.password,
        u1_0.phone,
        u1_0.status,
        u1_0.updated_at,
        u1_0.username 
    from
        users u1_0 
    where
        u1_0.username=?
2025-11-13 00:13:20 [http-nio-8088-exec-8] DEBUG o.s.security.web.FilterChainProxy - Securing GET /api/v1/files/358e5aef-6b26-4cb1-a997-97ac999d9dc1.jpg
2025-11-13 00:13:20 [http-nio-8088-exec-10] DEBUG o.s.security.web.FilterChainProxy - Securing GET /api/v1/files/399710fc-be76-468d-be99-161396dbd4a4.jpg
2025-11-13 00:13:20 [http-nio-8088-exec-10] DEBUG o.s.s.w.a.AnonymousAuthenticationFilter - Set SecurityContextHolder to anonymous SecurityContext
2025-11-13 00:13:20 [http-nio-8088-exec-8] DEBUG o.s.s.w.a.AnonymousAuthenticationFilter - Set SecurityContextHolder to anonymous SecurityContext
2025-11-13 00:13:20 [http-nio-8088-exec-8] DEBUG o.s.security.web.FilterChainProxy - Secured GET /api/v1/files/358e5aef-6b26-4cb1-a997-97ac999d9dc1.jpg
2025-11-13 00:13:20 [http-nio-8088-exec-10] DEBUG o.s.security.web.FilterChainProxy - Secured GET /api/v1/files/399710fc-be76-468d-be99-161396dbd4a4.jpg
2025-11-13 00:13:20 [http-nio-8088-exec-10] DEBUG c.g.c.controller.FileController - Downloading file: 399710fc-be76-468d-be99-161396dbd4a4.jpg
2025-11-13 00:13:20 [http-nio-8088-exec-8] DEBUG c.g.c.controller.FileController - Downloading file: 358e5aef-6b26-4cb1-a997-97ac999d9dc1.jpg
2025-11-13 00:13:20 [http-nio-8088-exec-2] DEBUG o.s.security.web.FilterChainProxy - Securing GET /api/v1/files/5f0d97d1-f3b4-431e-99dd-ad80499705ba.jpg
2025-11-13 00:13:20 [http-nio-8088-exec-2] DEBUG o.s.s.w.a.AnonymousAuthenticationFilter - Set SecurityContextHolder to anonymous SecurityContext
2025-11-13 00:13:20 [http-nio-8088-exec-2] DEBUG o.s.security.web.FilterChainProxy - Secured GET /api/v1/files/5f0d97d1-f3b4-431e-99dd-ad80499705ba.jpg
2025-11-13 00:13:20 [http-nio-8088-exec-2] DEBUG c.g.c.controller.FileController - Downloading file: 5f0d97d1-f3b4-431e-99dd-ad80499705ba.jpg
2025-11-13 00:13:20 [http-nio-8088-exec-9] DEBUG o.s.security.web.FilterChainProxy - Securing GET /api/v1/files/76508bcc-516c-4520-b640-75df6df6a0ca.jpg
2025-11-13 00:13:20 [http-nio-8088-exec-9] DEBUG o.s.s.w.a.AnonymousAuthenticationFilter - Set SecurityContextHolder to anonymous SecurityContext
2025-11-13 00:13:20 [http-nio-8088-exec-9] DEBUG o.s.security.web.FilterChainProxy - Secured GET /api/v1/files/76508bcc-516c-4520-b640-75df6df6a0ca.jpg
2025-11-13 00:13:20 [http-nio-8088-exec-9] DEBUG c.g.c.controller.FileController - Downloading file: 76508bcc-516c-4520-b640-75df6df6a0ca.jpg
2025-11-13 00:13:20 [http-nio-8088-exec-7] DEBUG o.s.security.web.FilterChainProxy - Securing GET /api/v1/files/a7ad5fc9-6e6e-4d2d-bf7f-0925fb9237ec.jpg
2025-11-13 00:13:20 [http-nio-8088-exec-7] DEBUG o.s.s.w.a.AnonymousAuthenticationFilter - Set SecurityContextHolder to anonymous SecurityContext
2025-11-13 00:13:20 [http-nio-8088-exec-7] DEBUG o.s.security.web.FilterChainProxy - Secured GET /api/v1/files/a7ad5fc9-6e6e-4d2d-bf7f-0925fb9237ec.jpg
2025-11-13 00:13:20 [http-nio-8088-exec-7] DEBUG c.g.c.controller.FileController - Downloading file: a7ad5fc9-6e6e-4d2d-bf7f-0925fb9237ec.jpg
2025-11-13 00:13:20 [http-nio-8088-exec-5] DEBUG o.s.security.web.FilterChainProxy - Securing GET /api/v1/files/a10447e0-1a57-4b12-837d-218f6d3a6706.jpg
2025-11-13 00:13:20 [http-nio-8088-exec-5] DEBUG o.s.s.w.a.AnonymousAuthenticationFilter - Set SecurityContextHolder to anonymous SecurityContext
2025-11-13 00:13:20 [http-nio-8088-exec-5] DEBUG o.s.security.web.FilterChainProxy - Secured GET /api/v1/files/a10447e0-1a57-4b12-837d-218f6d3a6706.jpg
2025-11-13 00:13:20 [http-nio-8088-exec-5] DEBUG c.g.c.controller.FileController - Downloading file: a10447e0-1a57-4b12-837d-218f6d3a6706.jpg
2025-11-13 00:13:20 [http-nio-8088-exec-4] DEBUG o.s.security.web.FilterChainProxy - Securing GET /api/v1/files/3be6958d-8594-4f88-bf4a-caed30cc8686.jpg
2025-11-13 00:13:20 [http-nio-8088-exec-4] DEBUG o.s.s.w.a.AnonymousAuthenticationFilter - Set SecurityContextHolder to anonymous SecurityContext
2025-11-13 00:13:20 [http-nio-8088-exec-4] DEBUG o.s.security.web.FilterChainProxy - Secured GET /api/v1/files/3be6958d-8594-4f88-bf4a-caed30cc8686.jpg
2025-11-13 00:13:20 [http-nio-8088-exec-4] DEBUG c.g.c.controller.FileController - Downloading file: 3be6958d-8594-4f88-bf4a-caed30cc8686.jpg
2025-11-13 00:13:20 [http-nio-8088-exec-6] DEBUG o.s.security.web.FilterChainProxy - Securing GET /api/v1/files/dc7eea7e-d955-4e82-947f-8f3a275d09c8.jpg
2025-11-13 00:13:20 [http-nio-8088-exec-6] DEBUG o.s.s.w.a.AnonymousAuthenticationFilter - Set SecurityContextHolder to anonymous SecurityContext
2025-11-13 00:13:20 [http-nio-8088-exec-6] DEBUG o.s.security.web.FilterChainProxy - Secured GET /api/v1/files/dc7eea7e-d955-4e82-947f-8f3a275d09c8.jpg
2025-11-13 00:13:20 [http-nio-8088-exec-6] DEBUG c.g.c.controller.FileController - Downloading file: dc7eea7e-d955-4e82-947f-8f3a275d09c8.jpg
2025-11-13 00:13:20 [http-nio-8088-exec-10] DEBUG o.s.security.web.FilterChainProxy - Securing GET /api/v1/files/257f1822-ec96-40c8-850e-a304cffa37fd.jpg
2025-11-13 00:13:20 [http-nio-8088-exec-10] DEBUG o.s.s.w.a.AnonymousAuthenticationFilter - Set SecurityContextHolder to anonymous SecurityContext
2025-11-13 00:13:20 [http-nio-8088-exec-10] DEBUG o.s.security.web.FilterChainProxy - Secured GET /api/v1/files/257f1822-ec96-40c8-850e-a304cffa37fd.jpg
2025-11-13 00:13:20 [http-nio-8088-exec-10] DEBUG c.g.c.controller.FileController - Downloading file: 257f1822-ec96-40c8-850e-a304cffa37fd.jpg
2025-11-13 00:13:20 [http-nio-8088-exec-1] DEBUG o.s.security.web.FilterChainProxy - Securing GET /api/v1/files/4b9dcaa8-0825-4ee8-badc-86529e305d2a.jpg
2025-11-13 00:13:20 [http-nio-8088-exec-1] DEBUG o.s.s.w.a.AnonymousAuthenticationFilter - Set SecurityContextHolder to anonymous SecurityContext
2025-11-13 00:13:20 [http-nio-8088-exec-1] DEBUG o.s.security.web.FilterChainProxy - Secured GET /api/v1/files/4b9dcaa8-0825-4ee8-badc-86529e305d2a.jpg
2025-11-13 00:13:20 [http-nio-8088-exec-3] DEBUG org.hibernate.SQL - 
    select
        r1_0.user_id,
        r1_1.id,
        r1_1.name 
    from
        user_roles r1_0 
    join
        roles r1_1 
            on r1_1.id=r1_0.role_id 
    where
        r1_0.user_id=?
2025-11-13 00:13:20 [http-nio-8088-exec-1] DEBUG c.g.c.controller.FileController - Downloading file: 4b9dcaa8-0825-4ee8-badc-86529e305d2a.jpg
2025-11-13 00:13:20 [http-nio-8088-exec-3] DEBUG o.s.security.web.FilterChainProxy - Secured GET /api/v1/categories
2025-11-13 00:13:20 [http-nio-8088-exec-3] DEBUG o.s.s.a.m.AuthorizationManagerBeforeMethodInterceptor - Authorizing method invocation ReflectiveMethodInvocation: public org.springframework.http.ResponseEntity com.giapho.coffee_shop_backend.controller.CategoryController.getAllCategories(); target is of class [com.giapho.coffee_shop_backend.controller.CategoryController]
2025-11-13 00:13:20 [http-nio-8088-exec-3] DEBUG o.s.s.a.m.AuthorizationManagerBeforeMethodInterceptor - Authorized method invocation ReflectiveMethodInvocation: public org.springframework.http.ResponseEntity com.giapho.coffee_shop_backend.controller.CategoryController.getAllCategories(); target is of class [com.giapho.coffee_shop_backend.controller.CategoryController]
2025-11-13 00:13:20 [http-nio-8088-exec-3] DEBUG org.hibernate.SQL - 
    select
        c1_0.id,
        c1_0.description,
        c1_0.name 
    from
        categories c1_0
2025-11-13 00:13:21 [http-nio-8088-exec-7] DEBUG o.s.security.web.FilterChainProxy - Securing POST /api/v1/orders
2025-11-13 00:13:21 [http-nio-8088-exec-7] DEBUG org.hibernate.SQL - 
    select
        u1_0.id,
        u1_0.created_at,
        u1_0.email,
        u1_0.full_name,
        u1_0.password,
        u1_0.phone,
        u1_0.status,
        u1_0.updated_at,
        u1_0.username 
    from
        users u1_0 
    where
        u1_0.username=?
2025-11-13 00:13:21 [http-nio-8088-exec-7] DEBUG org.hibernate.SQL - 
    select
        r1_0.user_id,
        r1_1.id,
        r1_1.name 
    from
        user_roles r1_0 
    join
        roles r1_1 
            on r1_1.id=r1_0.role_id 
    where
        r1_0.user_id=?
2025-11-13 00:13:21 [http-nio-8088-exec-7] DEBUG o.s.security.web.FilterChainProxy - Secured POST /api/v1/orders
2025-11-13 00:13:21 [http-nio-8088-exec-7] DEBUG o.s.s.a.m.AuthorizationManagerBeforeMethodInterceptor - Authorizing method invocation ReflectiveMethodInvocation: public org.springframework.http.ResponseEntity com.giapho.coffee_shop_backend.controller.OrderController.createOrder(com.giapho.coffee_shop_backend.dto.OrderCreateRequestDTO); target is of class [com.giapho.coffee_shop_backend.controller.OrderController]
2025-11-13 00:13:21 [http-nio-8088-exec-7] DEBUG o.s.s.a.m.AuthorizationManagerBeforeMethodInterceptor - Authorized method invocation ReflectiveMethodInvocation: public org.springframework.http.ResponseEntity com.giapho.coffee_shop_backend.controller.OrderController.createOrder(com.giapho.coffee_shop_backend.dto.OrderCreateRequestDTO); target is of class [com.giapho.coffee_shop_backend.controller.OrderController]
2025-11-13 00:13:21 [http-nio-8088-exec-7] DEBUG org.hibernate.SQL - 
    select
        u1_0.id,
        u1_0.created_at,
        u1_0.email,
        u1_0.full_name,
        u1_0.password,
        u1_0.phone,
        u1_0.status,
        u1_0.updated_at,
        u1_0.username 
    from
        users u1_0 
    where
        u1_0.username=?
2025-11-13 00:13:21 [http-nio-8088-exec-7] DEBUG org.hibernate.SQL - 
    select
        r1_0.user_id,
        r1_1.id,
        r1_1.name 
    from
        user_roles r1_0 
    join
        roles r1_1 
            on r1_1.id=r1_0.role_id 
    where
        r1_0.user_id=?
2025-11-13 00:13:21 [http-nio-8088-exec-7] INFO  c.g.c.service.OrderService - No customer associated with new order
2025-11-13 00:13:21 [http-nio-8088-exec-7] DEBUG org.hibernate.SQL - 
    select
        ct1_0.id,
        ct1_0.capacity,
        ct1_0.name,
        ct1_0.status 
    from
        tables ct1_0 
    where
        ct1_0.id=?
2025-11-13 00:13:21 [http-nio-8088-exec-7] DEBUG org.hibernate.SQL - 
    select
        p1_0.id,
        p1_0.category_id,
        p1_0.code,
        p1_0.cost,
        p1_0.created_at,
        p1_0.description,
        p1_0.image_url,
        p1_0.is_available,
        p1_0.name,
        p1_0.price,
        p1_0.updated_at 
    from
        products p1_0 
    where
        p1_0.id=?
2025-11-13 00:13:21 [http-nio-8088-exec-7] DEBUG org.hibernate.SQL - 
    insert 
    into
        orders
        (voucher_id, table_id, created_at, customer_id, discount_amount, paid_at, payment_method, status, sub_total, total_amount, type, user_id, voucher_code) 
    values
        (?, ?, ?, ?, ?, ?, ?, ?, ?, ?, ?, ?, ?)
2025-11-13 00:13:21 [http-nio-8088-exec-7] DEBUG org.hibernate.SQL - 
    insert 
    into
        order_details
        (notes, order_id, price_at_order, product_id, quantity) 
    values
        (?, ?, ?, ?, ?)
2025-11-13 00:13:21 [http-nio-8088-exec-7] DEBUG org.hibernate.SQL - 
    update
        tables 
    set
        capacity=?,
        name=?,
        status=? 
    where
        id=?
2025-11-13 00:13:21 [http-nio-8088-exec-7] DEBUG org.hibernate.SQL - 
    select
        o1_0.id,
        o1_0.voucher_id,
        ct1_0.id,
        ct1_0.capacity,
        ct1_0.name,
        ct1_0.status,
        o1_0.created_at,
        c1_0.id,
        c1_0.created_at,
        c1_0.email,
        c1_0.full_name,
        c1_0.loyalty_points,
        c1_0.phone,
        c1_0.updated_at,
        o1_0.discount_amount,
        od1_0.order_id,
        od1_0.id,
        od1_0.notes,
        od1_0.price_at_order,
        od1_0.product_id,
        od1_0.quantity,
        o1_0.paid_at,
        o1_0.payment_method,
        o1_0.status,
        o1_0.sub_total,
        o1_0.total_amount,
        o1_0.type,
        o1_0.user_id,
        u1_0.id,
        u1_0.created_at,
        u1_0.email,
        u1_0.full_name,
        u1_0.password,
        u1_0.phone,
        u1_0.status,
        u1_0.updated_at,
        u1_0.username,
        o1_0.voucher_code 
    from
        orders o1_0 
    left join
        order_details od1_0 
            on o1_0.id=od1_0.order_id 
    left join
        tables ct1_0 
            on ct1_0.id=o1_0.table_id 
    left join
        users u1_0 
            on u1_0.id=o1_0.user_id 
    left join
        customers c1_0 
            on c1_0.id=o1_0.customer_id 
    where
        o1_0.id=?
2025-11-13 00:13:22 [http-nio-8088-exec-9] DEBUG o.s.security.web.FilterChainProxy - Securing GET /api/v1/tables
2025-11-13 00:13:22 [http-nio-8088-exec-9] DEBUG org.hibernate.SQL - 
    select
        u1_0.id,
        u1_0.created_at,
        u1_0.email,
        u1_0.full_name,
        u1_0.password,
        u1_0.phone,
        u1_0.status,
        u1_0.updated_at,
        u1_0.username 
    from
        users u1_0 
    where
        u1_0.username=?
2025-11-13 00:13:22 [http-nio-8088-exec-9] DEBUG org.hibernate.SQL - 
    select
        r1_0.user_id,
        r1_1.id,
        r1_1.name 
    from
        user_roles r1_0 
    join
        roles r1_1 
            on r1_1.id=r1_0.role_id 
    where
        r1_0.user_id=?
2025-11-13 00:13:22 [http-nio-8088-exec-9] DEBUG o.s.security.web.FilterChainProxy - Secured GET /api/v1/tables
2025-11-13 00:13:22 [http-nio-8088-exec-9] DEBUG o.s.s.a.m.AuthorizationManagerBeforeMethodInterceptor - Authorizing method invocation ReflectiveMethodInvocation: public org.springframework.http.ResponseEntity com.giapho.coffee_shop_backend.controller.CafeTableController.getAllTables(); target is of class [com.giapho.coffee_shop_backend.controller.CafeTableController]
2025-11-13 00:13:22 [http-nio-8088-exec-9] DEBUG o.s.s.a.m.AuthorizationManagerBeforeMethodInterceptor - Authorized method invocation ReflectiveMethodInvocation: public org.springframework.http.ResponseEntity com.giapho.coffee_shop_backend.controller.CafeTableController.getAllTables(); target is of class [com.giapho.coffee_shop_backend.controller.CafeTableController]
2025-11-13 00:13:22 [http-nio-8088-exec-9] DEBUG org.hibernate.SQL - 
    select
        ct1_0.id,
        ct1_0.capacity,
        ct1_0.name,
        ct1_0.status 
    from
        tables ct1_0
2025-11-13 00:13:47 [http-nio-8088-exec-2] DEBUG o.s.security.web.FilterChainProxy - Securing GET /api/v1/products?page=0&size=1000
2025-11-13 00:13:47 [http-nio-8088-exec-5] DEBUG o.s.security.web.FilterChainProxy - Securing GET /api/v1/orders/table/1/pending
2025-11-13 00:13:47 [http-nio-8088-exec-5] DEBUG org.hibernate.SQL - 
    select
        u1_0.id,
        u1_0.created_at,
        u1_0.email,
        u1_0.full_name,
        u1_0.password,
        u1_0.phone,
        u1_0.status,
        u1_0.updated_at,
        u1_0.username 
    from
        users u1_0 
    where
        u1_0.username=?
2025-11-13 00:13:47 [http-nio-8088-exec-2] DEBUG org.hibernate.SQL - 
    select
        u1_0.id,
        u1_0.created_at,
        u1_0.email,
        u1_0.full_name,
        u1_0.password,
        u1_0.phone,
        u1_0.status,
        u1_0.updated_at,
        u1_0.username 
    from
        users u1_0 
    where
        u1_0.username=?
2025-11-13 00:13:47 [http-nio-8088-exec-5] DEBUG org.hibernate.SQL - 
    select
        r1_0.user_id,
        r1_1.id,
        r1_1.name 
    from
        user_roles r1_0 
    join
        roles r1_1 
            on r1_1.id=r1_0.role_id 
    where
        r1_0.user_id=?
2025-11-13 00:13:47 [http-nio-8088-exec-2] DEBUG org.hibernate.SQL - 
    select
        r1_0.user_id,
        r1_1.id,
        r1_1.name 
    from
        user_roles r1_0 
    join
        roles r1_1 
            on r1_1.id=r1_0.role_id 
    where
        r1_0.user_id=?
2025-11-13 00:13:47 [http-nio-8088-exec-2] DEBUG o.s.security.web.FilterChainProxy - Secured GET /api/v1/products?page=0&size=1000
2025-11-13 00:13:47 [http-nio-8088-exec-5] DEBUG o.s.security.web.FilterChainProxy - Secured GET /api/v1/orders/table/1/pending
2025-11-13 00:13:47 [http-nio-8088-exec-5] DEBUG o.s.s.a.m.AuthorizationManagerBeforeMethodInterceptor - Authorizing method invocation ReflectiveMethodInvocation: public org.springframework.http.ResponseEntity com.giapho.coffee_shop_backend.controller.OrderController.getPendingOrderByTable(java.lang.Long); target is of class [com.giapho.coffee_shop_backend.controller.OrderController]
2025-11-13 00:13:47 [http-nio-8088-exec-2] DEBUG o.s.s.a.m.AuthorizationManagerBeforeMethodInterceptor - Authorizing method invocation ReflectiveMethodInvocation: public org.springframework.http.ResponseEntity com.giapho.coffee_shop_backend.controller.ProductController.getAllProducts(java.lang.String,java.lang.Long,org.springframework.data.domain.Pageable); target is of class [com.giapho.coffee_shop_backend.controller.ProductController]
2025-11-13 00:13:47 [http-nio-8088-exec-5] DEBUG o.s.s.a.m.AuthorizationManagerBeforeMethodInterceptor - Authorized method invocation ReflectiveMethodInvocation: public org.springframework.http.ResponseEntity com.giapho.coffee_shop_backend.controller.OrderController.getPendingOrderByTable(java.lang.Long); target is of class [com.giapho.coffee_shop_backend.controller.OrderController]
2025-11-13 00:13:47 [http-nio-8088-exec-2] DEBUG o.s.s.a.m.AuthorizationManagerBeforeMethodInterceptor - Authorized method invocation ReflectiveMethodInvocation: public org.springframework.http.ResponseEntity com.giapho.coffee_shop_backend.controller.ProductController.getAllProducts(java.lang.String,java.lang.Long,org.springframework.data.domain.Pageable); target is of class [com.giapho.coffee_shop_backend.controller.ProductController]
2025-11-13 00:13:47 [http-nio-8088-exec-5] DEBUG org.hibernate.SQL - 
    select
        count(*) 
    from
        tables ct1_0 
    where
        ct1_0.id=?
2025-11-13 00:13:47 [http-nio-8088-exec-2] DEBUG org.hibernate.SQL - 
    select
        p1_0.id,
        p1_0.category_id,
        c1_0.id,
        c1_0.description,
        c1_0.name,
        p1_0.code,
        p1_0.cost,
        p1_0.created_at,
        p1_0.description,
        p1_0.image_url,
        p1_0.is_available,
        p1_0.name,
        p1_0.price,
        p1_0.updated_at 
    from
        products p1_0 
    join
        categories c1_0 
            on c1_0.id=p1_0.category_id 
    limit
        ?, ?
2025-11-13 00:13:47 [http-nio-8088-exec-5] DEBUG org.hibernate.SQL - 
    select
        o1_0.id,
        o1_0.voucher_id,
        o1_0.table_id,
        o1_0.created_at,
        o1_0.customer_id,
        o1_0.discount_amount,
        o1_0.paid_at,
        o1_0.payment_method,
        o1_0.status,
        o1_0.sub_total,
        o1_0.total_amount,
        o1_0.type,
        o1_0.user_id,
        o1_0.voucher_code 
    from
        orders o1_0 
    where
        o1_0.table_id=? 
        and o1_0.status='PENDING'
2025-11-13 00:13:47 [http-nio-8088-exec-5] DEBUG org.hibernate.SQL - 
    select
        ct1_0.id,
        ct1_0.capacity,
        ct1_0.name,
        ct1_0.status 
    from
        tables ct1_0 
    where
        ct1_0.id=?
2025-11-13 00:13:47 [http-nio-8088-exec-5] DEBUG org.hibernate.SQL - 
    select
        u1_0.id,
        u1_0.created_at,
        u1_0.email,
        u1_0.full_name,
        u1_0.password,
        u1_0.phone,
        r1_0.user_id,
        r1_1.id,
        r1_1.name,
        u1_0.status,
        u1_0.updated_at,
        u1_0.username 
    from
        users u1_0 
    left join
        user_roles r1_0 
            on u1_0.id=r1_0.user_id 
    left join
        roles r1_1 
            on r1_1.id=r1_0.role_id 
    where
        u1_0.id=?
2025-11-13 00:13:47 [http-nio-8088-exec-5] DEBUG org.hibernate.SQL - 
    select
        od1_0.order_id,
        od1_0.id,
        od1_0.notes,
        od1_0.price_at_order,
        od1_0.product_id,
        od1_0.quantity 
    from
        order_details od1_0 
    where
        od1_0.order_id=?
2025-11-13 00:13:47 [http-nio-8088-exec-5] DEBUG org.hibernate.SQL - 
    select
        p1_0.id,
        p1_0.category_id,
        p1_0.code,
        p1_0.cost,
        p1_0.created_at,
        p1_0.description,
        p1_0.image_url,
        p1_0.is_available,
        p1_0.name,
        p1_0.price,
        p1_0.updated_at 
    from
        products p1_0 
    where
        p1_0.id=?
2025-11-13 00:13:47 [http-nio-8088-exec-8] DEBUG o.s.security.web.FilterChainProxy - Securing GET /api/v1/files/82b4818b-f0d2-4206-bfa5-298f7111d20c.jpg
2025-11-13 00:13:47 [http-nio-8088-exec-10] DEBUG o.s.security.web.FilterChainProxy - Securing GET /api/v1/files/b0fcea8f-74ab-4ff1-bd62-6557e0ccb1f2.jpg
2025-11-13 00:13:47 [http-nio-8088-exec-8] DEBUG o.s.s.w.a.AnonymousAuthenticationFilter - Set SecurityContextHolder to anonymous SecurityContext
2025-11-13 00:13:47 [http-nio-8088-exec-8] DEBUG o.s.security.web.FilterChainProxy - Secured GET /api/v1/files/82b4818b-f0d2-4206-bfa5-298f7111d20c.jpg
2025-11-13 00:13:47 [http-nio-8088-exec-4] DEBUG o.s.security.web.FilterChainProxy - Securing GET /api/v1/files/56de7c12-082e-4eb3-b6cb-d84d8cc38775.jpg
2025-11-13 00:13:47 [http-nio-8088-exec-4] DEBUG o.s.s.w.a.AnonymousAuthenticationFilter - Set SecurityContextHolder to anonymous SecurityContext
2025-11-13 00:13:47 [http-nio-8088-exec-4] DEBUG o.s.security.web.FilterChainProxy - Secured GET /api/v1/files/56de7c12-082e-4eb3-b6cb-d84d8cc38775.jpg
2025-11-13 00:13:47 [http-nio-8088-exec-6] DEBUG o.s.security.web.FilterChainProxy - Securing GET /api/v1/files/e267ade1-780a-4a34-adf1-ecb1b2948e21.jpg
2025-11-13 00:13:47 [http-nio-8088-exec-6] DEBUG o.s.s.w.a.AnonymousAuthenticationFilter - Set SecurityContextHolder to anonymous SecurityContext
2025-11-13 00:13:47 [http-nio-8088-exec-10] DEBUG o.s.s.w.a.AnonymousAuthenticationFilter - Set SecurityContextHolder to anonymous SecurityContext
2025-11-13 00:13:47 [http-nio-8088-exec-4] DEBUG c.g.c.controller.FileController - Downloading file: 56de7c12-082e-4eb3-b6cb-d84d8cc38775.jpg
2025-11-13 00:13:47 [http-nio-8088-exec-10] DEBUG o.s.security.web.FilterChainProxy - Secured GET /api/v1/files/b0fcea8f-74ab-4ff1-bd62-6557e0ccb1f2.jpg
2025-11-13 00:13:47 [http-nio-8088-exec-3] DEBUG o.s.security.web.FilterChainProxy - Securing GET /api/v1/files/358e5aef-6b26-4cb1-a997-97ac999d9dc1.jpg
2025-11-13 00:13:47 [http-nio-8088-exec-8] DEBUG c.g.c.controller.FileController - Downloading file: 82b4818b-f0d2-4206-bfa5-298f7111d20c.jpg
2025-11-13 00:13:47 [http-nio-8088-exec-3] DEBUG o.s.s.w.a.AnonymousAuthenticationFilter - Set SecurityContextHolder to anonymous SecurityContext
2025-11-13 00:13:47 [http-nio-8088-exec-3] DEBUG o.s.security.web.FilterChainProxy - Secured GET /api/v1/files/358e5aef-6b26-4cb1-a997-97ac999d9dc1.jpg
2025-11-13 00:13:47 [http-nio-8088-exec-10] DEBUG c.g.c.controller.FileController - Downloading file: b0fcea8f-74ab-4ff1-bd62-6557e0ccb1f2.jpg
2025-11-13 00:13:47 [http-nio-8088-exec-1] DEBUG o.s.security.web.FilterChainProxy - Securing GET /api/v1/files/80cf5e3d-5d4c-4d1b-9e7d-0a0b8bfa00eb.jpg
2025-11-13 00:13:47 [http-nio-8088-exec-1] DEBUG o.s.s.w.a.AnonymousAuthenticationFilter - Set SecurityContextHolder to anonymous SecurityContext
2025-11-13 00:13:47 [http-nio-8088-exec-1] DEBUG o.s.security.web.FilterChainProxy - Secured GET /api/v1/files/80cf5e3d-5d4c-4d1b-9e7d-0a0b8bfa00eb.jpg
2025-11-13 00:13:47 [http-nio-8088-exec-3] DEBUG c.g.c.controller.FileController - Downloading file: 358e5aef-6b26-4cb1-a997-97ac999d9dc1.jpg
2025-11-13 00:13:47 [http-nio-8088-exec-1] DEBUG c.g.c.controller.FileController - Downloading file: 80cf5e3d-5d4c-4d1b-9e7d-0a0b8bfa00eb.jpg
2025-11-13 00:13:47 [http-nio-8088-exec-6] DEBUG o.s.security.web.FilterChainProxy - Secured GET /api/v1/files/e267ade1-780a-4a34-adf1-ecb1b2948e21.jpg
2025-11-13 00:13:47 [http-nio-8088-exec-6] DEBUG c.g.c.controller.FileController - Downloading file: e267ade1-780a-4a34-adf1-ecb1b2948e21.jpg
2025-11-13 00:13:47 [http-nio-8088-exec-7] DEBUG o.s.security.web.FilterChainProxy - Securing GET /api/v1/categories
2025-11-13 00:13:47 [http-nio-8088-exec-5] DEBUG o.s.security.web.FilterChainProxy - Securing GET /api/v1/files/a10447e0-1a57-4b12-837d-218f6d3a6706.jpg
2025-11-13 00:13:47 [http-nio-8088-exec-2] DEBUG o.s.security.web.FilterChainProxy - Securing GET /api/v1/files/fc284af6-76c3-40fc-b6ab-245bf05af010.jpg
2025-11-13 00:13:47 [http-nio-8088-exec-5] DEBUG o.s.s.w.a.AnonymousAuthenticationFilter - Set SecurityContextHolder to anonymous SecurityContext
2025-11-13 00:13:47 [http-nio-8088-exec-2] DEBUG o.s.s.w.a.AnonymousAuthenticationFilter - Set SecurityContextHolder to anonymous SecurityContext
2025-11-13 00:13:47 [http-nio-8088-exec-9] DEBUG o.s.security.web.FilterChainProxy - Securing GET /api/v1/files/587ac1e2-1a65-4144-bbb7-faff4eac57bd.jpg
2025-11-13 00:13:47 [http-nio-8088-exec-2] DEBUG o.s.security.web.FilterChainProxy - Secured GET /api/v1/files/fc284af6-76c3-40fc-b6ab-245bf05af010.jpg
2025-11-13 00:13:47 [http-nio-8088-exec-5] DEBUG o.s.security.web.FilterChainProxy - Secured GET /api/v1/files/a10447e0-1a57-4b12-837d-218f6d3a6706.jpg
2025-11-13 00:13:47 [http-nio-8088-exec-9] DEBUG o.s.s.w.a.AnonymousAuthenticationFilter - Set SecurityContextHolder to anonymous SecurityContext
2025-11-13 00:13:47 [http-nio-8088-exec-9] DEBUG o.s.security.web.FilterChainProxy - Secured GET /api/v1/files/587ac1e2-1a65-4144-bbb7-faff4eac57bd.jpg
2025-11-13 00:13:47 [http-nio-8088-exec-2] DEBUG c.g.c.controller.FileController - Downloading file: fc284af6-76c3-40fc-b6ab-245bf05af010.jpg
2025-11-13 00:13:47 [http-nio-8088-exec-5] DEBUG c.g.c.controller.FileController - Downloading file: a10447e0-1a57-4b12-837d-218f6d3a6706.jpg
2025-11-13 00:13:47 [http-nio-8088-exec-9] DEBUG c.g.c.controller.FileController - Downloading file: 587ac1e2-1a65-4144-bbb7-faff4eac57bd.jpg
2025-11-13 00:13:47 [http-nio-8088-exec-5] DEBUG o.s.security.web.FilterChainProxy - Securing GET /api/v1/files/399710fc-be76-468d-be99-161396dbd4a4.jpg
2025-11-13 00:13:47 [http-nio-8088-exec-5] DEBUG o.s.s.w.a.AnonymousAuthenticationFilter - Set SecurityContextHolder to anonymous SecurityContext
2025-11-13 00:13:47 [http-nio-8088-exec-3] DEBUG o.s.security.web.FilterChainProxy - Securing GET /api/v1/files/01377e1e-70ed-48ba-bd4a-6379aeff4856.jpg
2025-11-13 00:13:47 [http-nio-8088-exec-7] DEBUG org.hibernate.SQL - 
    select
        u1_0.id,
        u1_0.created_at,
        u1_0.email,
        u1_0.full_name,
        u1_0.password,
        u1_0.phone,
        u1_0.status,
        u1_0.updated_at,
        u1_0.username 
    from
        users u1_0 
    where
        u1_0.username=?
2025-11-13 00:13:47 [http-nio-8088-exec-3] DEBUG o.s.s.w.a.AnonymousAuthenticationFilter - Set SecurityContextHolder to anonymous SecurityContext
2025-11-13 00:13:47 [http-nio-8088-exec-3] DEBUG o.s.security.web.FilterChainProxy - Secured GET /api/v1/files/01377e1e-70ed-48ba-bd4a-6379aeff4856.jpg
2025-11-13 00:13:47 [http-nio-8088-exec-5] DEBUG o.s.security.web.FilterChainProxy - Secured GET /api/v1/files/399710fc-be76-468d-be99-161396dbd4a4.jpg
2025-11-13 00:13:47 [http-nio-8088-exec-3] DEBUG c.g.c.controller.FileController - Downloading file: 01377e1e-70ed-48ba-bd4a-6379aeff4856.jpg
2025-11-13 00:13:47 [http-nio-8088-exec-8] DEBUG o.s.security.web.FilterChainProxy - Securing GET /api/v1/files/76508bcc-516c-4520-b640-75df6df6a0ca.jpg
2025-11-13 00:13:47 [http-nio-8088-exec-4] DEBUG o.s.security.web.FilterChainProxy - Securing GET /api/v1/files/a7ad5fc9-6e6e-4d2d-bf7f-0925fb9237ec.jpg
2025-11-13 00:13:47 [http-nio-8088-exec-8] DEBUG o.s.s.w.a.AnonymousAuthenticationFilter - Set SecurityContextHolder to anonymous SecurityContext
2025-11-13 00:13:47 [http-nio-8088-exec-5] DEBUG c.g.c.controller.FileController - Downloading file: 399710fc-be76-468d-be99-161396dbd4a4.jpg
2025-11-13 00:13:47 [http-nio-8088-exec-8] DEBUG o.s.security.web.FilterChainProxy - Secured GET /api/v1/files/76508bcc-516c-4520-b640-75df6df6a0ca.jpg
2025-11-13 00:13:47 [http-nio-8088-exec-4] DEBUG o.s.s.w.a.AnonymousAuthenticationFilter - Set SecurityContextHolder to anonymous SecurityContext
2025-11-13 00:13:47 [http-nio-8088-exec-4] DEBUG o.s.security.web.FilterChainProxy - Secured GET /api/v1/files/a7ad5fc9-6e6e-4d2d-bf7f-0925fb9237ec.jpg
2025-11-13 00:13:47 [http-nio-8088-exec-4] DEBUG c.g.c.controller.FileController - Downloading file: a7ad5fc9-6e6e-4d2d-bf7f-0925fb9237ec.jpg
2025-11-13 00:13:47 [http-nio-8088-exec-10] DEBUG o.s.security.web.FilterChainProxy - Securing GET /api/v1/files/5f0d97d1-f3b4-431e-99dd-ad80499705ba.jpg
2025-11-13 00:13:47 [http-nio-8088-exec-10] DEBUG o.s.s.w.a.AnonymousAuthenticationFilter - Set SecurityContextHolder to anonymous SecurityContext
2025-11-13 00:13:47 [http-nio-8088-exec-10] DEBUG o.s.security.web.FilterChainProxy - Secured GET /api/v1/files/5f0d97d1-f3b4-431e-99dd-ad80499705ba.jpg
2025-11-13 00:13:47 [http-nio-8088-exec-8] DEBUG c.g.c.controller.FileController - Downloading file: 76508bcc-516c-4520-b640-75df6df6a0ca.jpg
2025-11-13 00:13:47 [http-nio-8088-exec-10] DEBUG c.g.c.controller.FileController - Downloading file: 5f0d97d1-f3b4-431e-99dd-ad80499705ba.jpg
2025-11-13 00:13:47 [http-nio-8088-exec-3] DEBUG o.s.security.web.FilterChainProxy - Securing GET /api/v1/files/3be6958d-8594-4f88-bf4a-caed30cc8686.jpg
2025-11-13 00:13:47 [http-nio-8088-exec-3] DEBUG o.s.s.w.a.AnonymousAuthenticationFilter - Set SecurityContextHolder to anonymous SecurityContext
2025-11-13 00:13:47 [http-nio-8088-exec-3] DEBUG o.s.security.web.FilterChainProxy - Secured GET /api/v1/files/3be6958d-8594-4f88-bf4a-caed30cc8686.jpg
2025-11-13 00:13:47 [http-nio-8088-exec-3] DEBUG c.g.c.controller.FileController - Downloading file: 3be6958d-8594-4f88-bf4a-caed30cc8686.jpg
2025-11-13 00:13:47 [http-nio-8088-exec-9] DEBUG o.s.security.web.FilterChainProxy - Securing GET /api/v1/files/dc7eea7e-d955-4e82-947f-8f3a275d09c8.jpg
2025-11-13 00:13:47 [http-nio-8088-exec-2] DEBUG o.s.security.web.FilterChainProxy - Securing GET /api/v1/files/257f1822-ec96-40c8-850e-a304cffa37fd.jpg
2025-11-13 00:13:47 [http-nio-8088-exec-1] DEBUG o.s.security.web.FilterChainProxy - Securing GET /api/v1/files/4b9dcaa8-0825-4ee8-badc-86529e305d2a.jpg
2025-11-13 00:13:47 [http-nio-8088-exec-2] DEBUG o.s.s.w.a.AnonymousAuthenticationFilter - Set SecurityContextHolder to anonymous SecurityContext
2025-11-13 00:13:47 [http-nio-8088-exec-9] DEBUG o.s.s.w.a.AnonymousAuthenticationFilter - Set SecurityContextHolder to anonymous SecurityContext
2025-11-13 00:13:47 [http-nio-8088-exec-2] DEBUG o.s.security.web.FilterChainProxy - Secured GET /api/v1/files/257f1822-ec96-40c8-850e-a304cffa37fd.jpg
2025-11-13 00:13:47 [http-nio-8088-exec-1] DEBUG o.s.s.w.a.AnonymousAuthenticationFilter - Set SecurityContextHolder to anonymous SecurityContext
2025-11-13 00:13:47 [http-nio-8088-exec-9] DEBUG o.s.security.web.FilterChainProxy - Secured GET /api/v1/files/dc7eea7e-d955-4e82-947f-8f3a275d09c8.jpg
2025-11-13 00:13:47 [http-nio-8088-exec-1] DEBUG o.s.security.web.FilterChainProxy - Secured GET /api/v1/files/4b9dcaa8-0825-4ee8-badc-86529e305d2a.jpg
2025-11-13 00:13:47 [http-nio-8088-exec-2] DEBUG c.g.c.controller.FileController - Downloading file: 257f1822-ec96-40c8-850e-a304cffa37fd.jpg
2025-11-13 00:13:47 [http-nio-8088-exec-1] DEBUG c.g.c.controller.FileController - Downloading file: 4b9dcaa8-0825-4ee8-badc-86529e305d2a.jpg
2025-11-13 00:13:47 [http-nio-8088-exec-9] DEBUG c.g.c.controller.FileController - Downloading file: dc7eea7e-d955-4e82-947f-8f3a275d09c8.jpg
2025-11-13 00:13:47 [http-nio-8088-exec-7] DEBUG org.hibernate.SQL - 
    select
        r1_0.user_id,
        r1_1.id,
        r1_1.name 
    from
        user_roles r1_0 
    join
        roles r1_1 
            on r1_1.id=r1_0.role_id 
    where
        r1_0.user_id=?
2025-11-13 00:13:47 [http-nio-8088-exec-7] DEBUG o.s.security.web.FilterChainProxy - Secured GET /api/v1/categories
2025-11-13 00:13:47 [http-nio-8088-exec-7] DEBUG o.s.s.a.m.AuthorizationManagerBeforeMethodInterceptor - Authorizing method invocation ReflectiveMethodInvocation: public org.springframework.http.ResponseEntity com.giapho.coffee_shop_backend.controller.CategoryController.getAllCategories(); target is of class [com.giapho.coffee_shop_backend.controller.CategoryController]
2025-11-13 00:13:47 [http-nio-8088-exec-7] DEBUG o.s.s.a.m.AuthorizationManagerBeforeMethodInterceptor - Authorized method invocation ReflectiveMethodInvocation: public org.springframework.http.ResponseEntity com.giapho.coffee_shop_backend.controller.CategoryController.getAllCategories(); target is of class [com.giapho.coffee_shop_backend.controller.CategoryController]
2025-11-13 00:13:47 [http-nio-8088-exec-7] DEBUG org.hibernate.SQL - 
    select
        c1_0.id,
        c1_0.description,
        c1_0.name 
    from
        categories c1_0
2025-11-13 00:14:08 [http-nio-8088-exec-4] DEBUG o.s.security.web.FilterChainProxy - Securing GET /api/v1/tables
2025-11-13 00:14:08 [http-nio-8088-exec-4] DEBUG org.hibernate.SQL - 
    select
        u1_0.id,
        u1_0.created_at,
        u1_0.email,
        u1_0.full_name,
        u1_0.password,
        u1_0.phone,
        u1_0.status,
        u1_0.updated_at,
        u1_0.username 
    from
        users u1_0 
    where
        u1_0.username=?
2025-11-13 00:14:08 [http-nio-8088-exec-4] DEBUG org.hibernate.SQL - 
    select
        r1_0.user_id,
        r1_1.id,
        r1_1.name 
    from
        user_roles r1_0 
    join
        roles r1_1 
            on r1_1.id=r1_0.role_id 
    where
        r1_0.user_id=?
2025-11-13 00:14:08 [http-nio-8088-exec-4] DEBUG o.s.security.web.FilterChainProxy - Secured GET /api/v1/tables
2025-11-13 00:14:08 [http-nio-8088-exec-4] DEBUG o.s.s.a.m.AuthorizationManagerBeforeMethodInterceptor - Authorizing method invocation ReflectiveMethodInvocation: public org.springframework.http.ResponseEntity com.giapho.coffee_shop_backend.controller.CafeTableController.getAllTables(); target is of class [com.giapho.coffee_shop_backend.controller.CafeTableController]
2025-11-13 00:14:08 [http-nio-8088-exec-4] DEBUG o.s.s.a.m.AuthorizationManagerBeforeMethodInterceptor - Authorized method invocation ReflectiveMethodInvocation: public org.springframework.http.ResponseEntity com.giapho.coffee_shop_backend.controller.CafeTableController.getAllTables(); target is of class [com.giapho.coffee_shop_backend.controller.CafeTableController]
2025-11-13 00:14:08 [http-nio-8088-exec-4] DEBUG org.hibernate.SQL - 
    select
        ct1_0.id,
        ct1_0.capacity,
        ct1_0.name,
        ct1_0.status 
    from
        tables ct1_0
2025-11-13 00:14:30 [http-nio-8088-exec-6] DEBUG o.s.security.web.FilterChainProxy - Securing GET /api/v1/products?page=0&size=1000
2025-11-13 00:14:30 [http-nio-8088-exec-5] DEBUG o.s.security.web.FilterChainProxy - Securing GET /api/v1/orders/table/1/pending
2025-11-13 00:14:30 [http-nio-8088-exec-5] DEBUG org.hibernate.SQL - 
    select
        u1_0.id,
        u1_0.created_at,
        u1_0.email,
        u1_0.full_name,
        u1_0.password,
        u1_0.phone,
        u1_0.status,
        u1_0.updated_at,
        u1_0.username 
    from
        users u1_0 
    where
        u1_0.username=?
2025-11-13 00:14:30 [http-nio-8088-exec-6] DEBUG org.hibernate.SQL - 
    select
        u1_0.id,
        u1_0.created_at,
        u1_0.email,
        u1_0.full_name,
        u1_0.password,
        u1_0.phone,
        u1_0.status,
        u1_0.updated_at,
        u1_0.username 
    from
        users u1_0 
    where
        u1_0.username=?
2025-11-13 00:14:30 [http-nio-8088-exec-5] DEBUG org.hibernate.SQL - 
    select
        r1_0.user_id,
        r1_1.id,
        r1_1.name 
    from
        user_roles r1_0 
    join
        roles r1_1 
            on r1_1.id=r1_0.role_id 
    where
        r1_0.user_id=?
2025-11-13 00:14:30 [http-nio-8088-exec-6] DEBUG org.hibernate.SQL - 
    select
        r1_0.user_id,
        r1_1.id,
        r1_1.name 
    from
        user_roles r1_0 
    join
        roles r1_1 
            on r1_1.id=r1_0.role_id 
    where
        r1_0.user_id=?
2025-11-13 00:14:30 [http-nio-8088-exec-6] DEBUG o.s.security.web.FilterChainProxy - Secured GET /api/v1/products?page=0&size=1000
2025-11-13 00:14:30 [http-nio-8088-exec-5] DEBUG o.s.security.web.FilterChainProxy - Secured GET /api/v1/orders/table/1/pending
2025-11-13 00:14:30 [http-nio-8088-exec-5] DEBUG o.s.s.a.m.AuthorizationManagerBeforeMethodInterceptor - Authorizing method invocation ReflectiveMethodInvocation: public org.springframework.http.ResponseEntity com.giapho.coffee_shop_backend.controller.OrderController.getPendingOrderByTable(java.lang.Long); target is of class [com.giapho.coffee_shop_backend.controller.OrderController]
2025-11-13 00:14:30 [http-nio-8088-exec-5] DEBUG o.s.s.a.m.AuthorizationManagerBeforeMethodInterceptor - Authorized method invocation ReflectiveMethodInvocation: public org.springframework.http.ResponseEntity com.giapho.coffee_shop_backend.controller.OrderController.getPendingOrderByTable(java.lang.Long); target is of class [com.giapho.coffee_shop_backend.controller.OrderController]
2025-11-13 00:14:30 [http-nio-8088-exec-6] DEBUG o.s.s.a.m.AuthorizationManagerBeforeMethodInterceptor - Authorizing method invocation ReflectiveMethodInvocation: public org.springframework.http.ResponseEntity com.giapho.coffee_shop_backend.controller.ProductController.getAllProducts(java.lang.String,java.lang.Long,org.springframework.data.domain.Pageable); target is of class [com.giapho.coffee_shop_backend.controller.ProductController]
2025-11-13 00:14:30 [http-nio-8088-exec-6] DEBUG o.s.s.a.m.AuthorizationManagerBeforeMethodInterceptor - Authorized method invocation ReflectiveMethodInvocation: public org.springframework.http.ResponseEntity com.giapho.coffee_shop_backend.controller.ProductController.getAllProducts(java.lang.String,java.lang.Long,org.springframework.data.domain.Pageable); target is of class [com.giapho.coffee_shop_backend.controller.ProductController]
2025-11-13 00:14:30 [http-nio-8088-exec-5] DEBUG org.hibernate.SQL - 
    select
        count(*) 
    from
        tables ct1_0 
    where
        ct1_0.id=?
2025-11-13 00:14:30 [http-nio-8088-exec-6] DEBUG org.hibernate.SQL - 
    select
        p1_0.id,
        p1_0.category_id,
        c1_0.id,
        c1_0.description,
        c1_0.name,
        p1_0.code,
        p1_0.cost,
        p1_0.created_at,
        p1_0.description,
        p1_0.image_url,
        p1_0.is_available,
        p1_0.name,
        p1_0.price,
        p1_0.updated_at 
    from
        products p1_0 
    join
        categories c1_0 
            on c1_0.id=p1_0.category_id 
    limit
        ?, ?
2025-11-13 00:14:30 [http-nio-8088-exec-5] DEBUG org.hibernate.SQL - 
    select
        o1_0.id,
        o1_0.voucher_id,
        o1_0.table_id,
        o1_0.created_at,
        o1_0.customer_id,
        o1_0.discount_amount,
        o1_0.paid_at,
        o1_0.payment_method,
        o1_0.status,
        o1_0.sub_total,
        o1_0.total_amount,
        o1_0.type,
        o1_0.user_id,
        o1_0.voucher_code 
    from
        orders o1_0 
    where
        o1_0.table_id=? 
        and o1_0.status='PENDING'
2025-11-13 00:14:30 [http-nio-8088-exec-5] DEBUG org.hibernate.SQL - 
    select
        ct1_0.id,
        ct1_0.capacity,
        ct1_0.name,
        ct1_0.status 
    from
        tables ct1_0 
    where
        ct1_0.id=?
2025-11-13 00:14:30 [http-nio-8088-exec-5] DEBUG org.hibernate.SQL - 
    select
        u1_0.id,
        u1_0.created_at,
        u1_0.email,
        u1_0.full_name,
        u1_0.password,
        u1_0.phone,
        r1_0.user_id,
        r1_1.id,
        r1_1.name,
        u1_0.status,
        u1_0.updated_at,
        u1_0.username 
    from
        users u1_0 
    left join
        user_roles r1_0 
            on u1_0.id=r1_0.user_id 
    left join
        roles r1_1 
            on r1_1.id=r1_0.role_id 
    where
        u1_0.id=?
2025-11-13 00:14:30 [http-nio-8088-exec-5] DEBUG org.hibernate.SQL - 
    select
        od1_0.order_id,
        od1_0.id,
        od1_0.notes,
        od1_0.price_at_order,
        od1_0.product_id,
        od1_0.quantity 
    from
        order_details od1_0 
    where
        od1_0.order_id=?
2025-11-13 00:14:30 [http-nio-8088-exec-5] DEBUG org.hibernate.SQL - 
    select
        p1_0.id,
        p1_0.category_id,
        p1_0.code,
        p1_0.cost,
        p1_0.created_at,
        p1_0.description,
        p1_0.image_url,
        p1_0.is_available,
        p1_0.name,
        p1_0.price,
        p1_0.updated_at 
    from
        products p1_0 
    where
        p1_0.id=?
2025-11-13 00:14:30 [http-nio-8088-exec-3] DEBUG o.s.security.web.FilterChainProxy - Securing GET /api/v1/files/b0fcea8f-74ab-4ff1-bd62-6557e0ccb1f2.jpg
2025-11-13 00:14:30 [http-nio-8088-exec-10] DEBUG o.s.security.web.FilterChainProxy - Securing GET /api/v1/files/56de7c12-082e-4eb3-b6cb-d84d8cc38775.jpg
2025-11-13 00:14:30 [http-nio-8088-exec-8] DEBUG o.s.security.web.FilterChainProxy - Securing GET /api/v1/files/82b4818b-f0d2-4206-bfa5-298f7111d20c.jpg
2025-11-13 00:14:30 [http-nio-8088-exec-3] DEBUG o.s.s.w.a.AnonymousAuthenticationFilter - Set SecurityContextHolder to anonymous SecurityContext
2025-11-13 00:14:30 [http-nio-8088-exec-8] DEBUG o.s.s.w.a.AnonymousAuthenticationFilter - Set SecurityContextHolder to anonymous SecurityContext
2025-11-13 00:14:30 [http-nio-8088-exec-3] DEBUG o.s.security.web.FilterChainProxy - Secured GET /api/v1/files/b0fcea8f-74ab-4ff1-bd62-6557e0ccb1f2.jpg
2025-11-13 00:14:30 [http-nio-8088-exec-8] DEBUG o.s.security.web.FilterChainProxy - Secured GET /api/v1/files/82b4818b-f0d2-4206-bfa5-298f7111d20c.jpg
2025-11-13 00:14:30 [http-nio-8088-exec-3] DEBUG c.g.c.controller.FileController - Downloading file: b0fcea8f-74ab-4ff1-bd62-6557e0ccb1f2.jpg
2025-11-13 00:14:30 [http-nio-8088-exec-9] DEBUG o.s.security.web.FilterChainProxy - Securing GET /api/v1/files/e267ade1-780a-4a34-adf1-ecb1b2948e21.jpg
2025-11-13 00:14:30 [http-nio-8088-exec-9] DEBUG o.s.s.w.a.AnonymousAuthenticationFilter - Set SecurityContextHolder to anonymous SecurityContext
2025-11-13 00:14:30 [http-nio-8088-exec-8] DEBUG c.g.c.controller.FileController - Downloading file: 82b4818b-f0d2-4206-bfa5-298f7111d20c.jpg
2025-11-13 00:14:30 [http-nio-8088-exec-9] DEBUG o.s.security.web.FilterChainProxy - Secured GET /api/v1/files/e267ade1-780a-4a34-adf1-ecb1b2948e21.jpg
2025-11-13 00:14:30 [http-nio-8088-exec-2] DEBUG o.s.security.web.FilterChainProxy - Securing GET /api/v1/files/80cf5e3d-5d4c-4d1b-9e7d-0a0b8bfa00eb.jpg
2025-11-13 00:14:30 [http-nio-8088-exec-2] DEBUG o.s.s.w.a.AnonymousAuthenticationFilter - Set SecurityContextHolder to anonymous SecurityContext
2025-11-13 00:14:30 [http-nio-8088-exec-9] DEBUG c.g.c.controller.FileController - Downloading file: e267ade1-780a-4a34-adf1-ecb1b2948e21.jpg
2025-11-13 00:14:30 [http-nio-8088-exec-2] DEBUG o.s.security.web.FilterChainProxy - Secured GET /api/v1/files/80cf5e3d-5d4c-4d1b-9e7d-0a0b8bfa00eb.jpg
2025-11-13 00:14:30 [http-nio-8088-exec-2] DEBUG c.g.c.controller.FileController - Downloading file: 80cf5e3d-5d4c-4d1b-9e7d-0a0b8bfa00eb.jpg
2025-11-13 00:14:30 [http-nio-8088-exec-10] DEBUG o.s.s.w.a.AnonymousAuthenticationFilter - Set SecurityContextHolder to anonymous SecurityContext
2025-11-13 00:14:30 [http-nio-8088-exec-1] DEBUG o.s.security.web.FilterChainProxy - Securing GET /api/v1/files/358e5aef-6b26-4cb1-a997-97ac999d9dc1.jpg
2025-11-13 00:14:30 [http-nio-8088-exec-10] DEBUG o.s.security.web.FilterChainProxy - Secured GET /api/v1/files/56de7c12-082e-4eb3-b6cb-d84d8cc38775.jpg
2025-11-13 00:14:30 [http-nio-8088-exec-1] DEBUG o.s.s.w.a.AnonymousAuthenticationFilter - Set SecurityContextHolder to anonymous SecurityContext
2025-11-13 00:14:30 [http-nio-8088-exec-1] DEBUG o.s.security.web.FilterChainProxy - Secured GET /api/v1/files/358e5aef-6b26-4cb1-a997-97ac999d9dc1.jpg
2025-11-13 00:14:30 [http-nio-8088-exec-10] DEBUG c.g.c.controller.FileController - Downloading file: 56de7c12-082e-4eb3-b6cb-d84d8cc38775.jpg
2025-11-13 00:14:30 [http-nio-8088-exec-1] DEBUG c.g.c.controller.FileController - Downloading file: 358e5aef-6b26-4cb1-a997-97ac999d9dc1.jpg
2025-11-13 00:14:30 [http-nio-8088-exec-2] DEBUG o.s.security.web.FilterChainProxy - Securing GET /api/v1/categories
2025-11-13 00:14:30 [http-nio-8088-exec-4] DEBUG o.s.security.web.FilterChainProxy - Securing GET /api/v1/files/a10447e0-1a57-4b12-837d-218f6d3a6706.jpg
2025-11-13 00:14:30 [http-nio-8088-exec-4] DEBUG o.s.s.w.a.AnonymousAuthenticationFilter - Set SecurityContextHolder to anonymous SecurityContext
2025-11-13 00:14:30 [http-nio-8088-exec-4] DEBUG o.s.security.web.FilterChainProxy - Secured GET /api/v1/files/a10447e0-1a57-4b12-837d-218f6d3a6706.jpg
2025-11-13 00:14:30 [http-nio-8088-exec-5] DEBUG o.s.security.web.FilterChainProxy - Securing GET /api/v1/files/01377e1e-70ed-48ba-bd4a-6379aeff4856.jpg
2025-11-13 00:14:30 [http-nio-8088-exec-5] DEBUG o.s.s.w.a.AnonymousAuthenticationFilter - Set SecurityContextHolder to anonymous SecurityContext
2025-11-13 00:14:30 [http-nio-8088-exec-5] DEBUG o.s.security.web.FilterChainProxy - Secured GET /api/v1/files/01377e1e-70ed-48ba-bd4a-6379aeff4856.jpg
2025-11-13 00:14:30 [http-nio-8088-exec-6] DEBUG o.s.security.web.FilterChainProxy - Securing GET /api/v1/files/587ac1e2-1a65-4144-bbb7-faff4eac57bd.jpg
2025-11-13 00:14:30 [http-nio-8088-exec-6] DEBUG o.s.s.w.a.AnonymousAuthenticationFilter - Set SecurityContextHolder to anonymous SecurityContext
2025-11-13 00:14:30 [http-nio-8088-exec-4] DEBUG c.g.c.controller.FileController - Downloading file: a10447e0-1a57-4b12-837d-218f6d3a6706.jpg
2025-11-13 00:14:30 [http-nio-8088-exec-6] DEBUG o.s.security.web.FilterChainProxy - Secured GET /api/v1/files/587ac1e2-1a65-4144-bbb7-faff4eac57bd.jpg
2025-11-13 00:14:30 [http-nio-8088-exec-5] DEBUG c.g.c.controller.FileController - Downloading file: 01377e1e-70ed-48ba-bd4a-6379aeff4856.jpg
2025-11-13 00:14:30 [http-nio-8088-exec-6] DEBUG c.g.c.controller.FileController - Downloading file: 587ac1e2-1a65-4144-bbb7-faff4eac57bd.jpg
2025-11-13 00:14:30 [http-nio-8088-exec-5] DEBUG o.s.security.web.FilterChainProxy - Securing GET /api/v1/files/fc284af6-76c3-40fc-b6ab-245bf05af010.jpg
2025-11-13 00:14:30 [http-nio-8088-exec-5] DEBUG o.s.s.w.a.AnonymousAuthenticationFilter - Set SecurityContextHolder to anonymous SecurityContext
2025-11-13 00:14:30 [http-nio-8088-exec-5] DEBUG o.s.security.web.FilterChainProxy - Secured GET /api/v1/files/fc284af6-76c3-40fc-b6ab-245bf05af010.jpg
2025-11-13 00:14:30 [http-nio-8088-exec-9] DEBUG o.s.security.web.FilterChainProxy - Securing GET /api/v1/files/399710fc-be76-468d-be99-161396dbd4a4.jpg
2025-11-13 00:14:30 [http-nio-8088-exec-9] DEBUG o.s.s.w.a.AnonymousAuthenticationFilter - Set SecurityContextHolder to anonymous SecurityContext
2025-11-13 00:14:30 [http-nio-8088-exec-10] DEBUG o.s.security.web.FilterChainProxy - Securing GET /api/v1/files/76508bcc-516c-4520-b640-75df6df6a0ca.jpg
2025-11-13 00:14:30 [http-nio-8088-exec-9] DEBUG o.s.security.web.FilterChainProxy - Secured GET /api/v1/files/399710fc-be76-468d-be99-161396dbd4a4.jpg
2025-11-13 00:14:30 [http-nio-8088-exec-10] DEBUG o.s.s.w.a.AnonymousAuthenticationFilter - Set SecurityContextHolder to anonymous SecurityContext
2025-11-13 00:14:30 [http-nio-8088-exec-10] DEBUG o.s.security.web.FilterChainProxy - Secured GET /api/v1/files/76508bcc-516c-4520-b640-75df6df6a0ca.jpg
2025-11-13 00:14:30 [http-nio-8088-exec-10] DEBUG c.g.c.controller.FileController - Downloading file: 76508bcc-516c-4520-b640-75df6df6a0ca.jpg
2025-11-13 00:14:30 [http-nio-8088-exec-9] DEBUG c.g.c.controller.FileController - Downloading file: 399710fc-be76-468d-be99-161396dbd4a4.jpg
2025-11-13 00:14:30 [http-nio-8088-exec-3] DEBUG o.s.security.web.FilterChainProxy - Securing GET /api/v1/files/a7ad5fc9-6e6e-4d2d-bf7f-0925fb9237ec.jpg
2025-11-13 00:14:30 [http-nio-8088-exec-3] DEBUG o.s.s.w.a.AnonymousAuthenticationFilter - Set SecurityContextHolder to anonymous SecurityContext
2025-11-13 00:14:30 [http-nio-8088-exec-3] DEBUG o.s.security.web.FilterChainProxy - Secured GET /api/v1/files/a7ad5fc9-6e6e-4d2d-bf7f-0925fb9237ec.jpg
2025-11-13 00:14:30 [http-nio-8088-exec-3] DEBUG c.g.c.controller.FileController - Downloading file: a7ad5fc9-6e6e-4d2d-bf7f-0925fb9237ec.jpg
2025-11-13 00:14:30 [http-nio-8088-exec-2] DEBUG org.hibernate.SQL - 
    select
        u1_0.id,
        u1_0.created_at,
        u1_0.email,
        u1_0.full_name,
        u1_0.password,
        u1_0.phone,
        u1_0.status,
        u1_0.updated_at,
        u1_0.username 
    from
        users u1_0 
    where
        u1_0.username=?
2025-11-13 00:14:30 [http-nio-8088-exec-6] DEBUG o.s.security.web.FilterChainProxy - Securing GET /api/v1/files/5f0d97d1-f3b4-431e-99dd-ad80499705ba.jpg
2025-11-13 00:14:30 [http-nio-8088-exec-6] DEBUG o.s.s.w.a.AnonymousAuthenticationFilter - Set SecurityContextHolder to anonymous SecurityContext
2025-11-13 00:14:30 [http-nio-8088-exec-6] DEBUG o.s.security.web.FilterChainProxy - Secured GET /api/v1/files/5f0d97d1-f3b4-431e-99dd-ad80499705ba.jpg
2025-11-13 00:14:30 [http-nio-8088-exec-6] DEBUG c.g.c.controller.FileController - Downloading file: 5f0d97d1-f3b4-431e-99dd-ad80499705ba.jpg
2025-11-13 00:14:30 [http-nio-8088-exec-5] DEBUG c.g.c.controller.FileController - Downloading file: fc284af6-76c3-40fc-b6ab-245bf05af010.jpg
2025-11-13 00:14:30 [http-nio-8088-exec-1] DEBUG o.s.security.web.FilterChainProxy - Securing GET /api/v1/files/3be6958d-8594-4f88-bf4a-caed30cc8686.jpg
2025-11-13 00:14:30 [http-nio-8088-exec-7] DEBUG o.s.security.web.FilterChainProxy - Securing GET /api/v1/files/dc7eea7e-d955-4e82-947f-8f3a275d09c8.jpg
2025-11-13 00:14:30 [http-nio-8088-exec-1] DEBUG o.s.s.w.a.AnonymousAuthenticationFilter - Set SecurityContextHolder to anonymous SecurityContext
2025-11-13 00:14:30 [http-nio-8088-exec-8] DEBUG o.s.security.web.FilterChainProxy - Securing GET /api/v1/files/4b9dcaa8-0825-4ee8-badc-86529e305d2a.jpg
2025-11-13 00:14:30 [http-nio-8088-exec-1] DEBUG o.s.security.web.FilterChainProxy - Secured GET /api/v1/files/3be6958d-8594-4f88-bf4a-caed30cc8686.jpg
2025-11-13 00:14:30 [http-nio-8088-exec-8] DEBUG o.s.s.w.a.AnonymousAuthenticationFilter - Set SecurityContextHolder to anonymous SecurityContext
2025-11-13 00:14:30 [http-nio-8088-exec-7] DEBUG o.s.s.w.a.AnonymousAuthenticationFilter - Set SecurityContextHolder to anonymous SecurityContext
2025-11-13 00:14:30 [http-nio-8088-exec-7] DEBUG o.s.security.web.FilterChainProxy - Secured GET /api/v1/files/dc7eea7e-d955-4e82-947f-8f3a275d09c8.jpg
2025-11-13 00:14:30 [http-nio-8088-exec-1] DEBUG c.g.c.controller.FileController - Downloading file: 3be6958d-8594-4f88-bf4a-caed30cc8686.jpg
2025-11-13 00:14:30 [http-nio-8088-exec-7] DEBUG c.g.c.controller.FileController - Downloading file: dc7eea7e-d955-4e82-947f-8f3a275d09c8.jpg
2025-11-13 00:14:30 [http-nio-8088-exec-8] DEBUG o.s.security.web.FilterChainProxy - Secured GET /api/v1/files/4b9dcaa8-0825-4ee8-badc-86529e305d2a.jpg
2025-11-13 00:14:30 [http-nio-8088-exec-8] DEBUG c.g.c.controller.FileController - Downloading file: 4b9dcaa8-0825-4ee8-badc-86529e305d2a.jpg
2025-11-13 00:14:30 [http-nio-8088-exec-4] DEBUG o.s.security.web.FilterChainProxy - Securing GET /api/v1/files/257f1822-ec96-40c8-850e-a304cffa37fd.jpg
2025-11-13 00:14:30 [http-nio-8088-exec-4] DEBUG o.s.s.w.a.AnonymousAuthenticationFilter - Set SecurityContextHolder to anonymous SecurityContext
2025-11-13 00:14:30 [http-nio-8088-exec-4] DEBUG o.s.security.web.FilterChainProxy - Secured GET /api/v1/files/257f1822-ec96-40c8-850e-a304cffa37fd.jpg
2025-11-13 00:14:30 [http-nio-8088-exec-4] DEBUG c.g.c.controller.FileController - Downloading file: 257f1822-ec96-40c8-850e-a304cffa37fd.jpg
2025-11-13 00:14:30 [http-nio-8088-exec-2] DEBUG org.hibernate.SQL - 
    select
        r1_0.user_id,
        r1_1.id,
        r1_1.name 
    from
        user_roles r1_0 
    join
        roles r1_1 
            on r1_1.id=r1_0.role_id 
    where
        r1_0.user_id=?
2025-11-13 00:14:30 [http-nio-8088-exec-2] DEBUG o.s.security.web.FilterChainProxy - Secured GET /api/v1/categories
2025-11-13 00:14:30 [http-nio-8088-exec-2] DEBUG o.s.s.a.m.AuthorizationManagerBeforeMethodInterceptor - Authorizing method invocation ReflectiveMethodInvocation: public org.springframework.http.ResponseEntity com.giapho.coffee_shop_backend.controller.CategoryController.getAllCategories(); target is of class [com.giapho.coffee_shop_backend.controller.CategoryController]
2025-11-13 00:14:30 [http-nio-8088-exec-2] DEBUG o.s.s.a.m.AuthorizationManagerBeforeMethodInterceptor - Authorized method invocation ReflectiveMethodInvocation: public org.springframework.http.ResponseEntity com.giapho.coffee_shop_backend.controller.CategoryController.getAllCategories(); target is of class [com.giapho.coffee_shop_backend.controller.CategoryController]
2025-11-13 00:14:30 [http-nio-8088-exec-2] DEBUG org.hibernate.SQL - 
    select
        c1_0.id,
        c1_0.description,
        c1_0.name 
    from
        categories c1_0
2025-11-13 00:14:46 [http-nio-8088-exec-6] DEBUG o.s.security.web.FilterChainProxy - Securing GET /api/v1/tables
2025-11-13 00:14:46 [http-nio-8088-exec-6] DEBUG org.hibernate.SQL - 
    select
        u1_0.id,
        u1_0.created_at,
        u1_0.email,
        u1_0.full_name,
        u1_0.password,
        u1_0.phone,
        u1_0.status,
        u1_0.updated_at,
        u1_0.username 
    from
        users u1_0 
    where
        u1_0.username=?
2025-11-13 00:14:46 [http-nio-8088-exec-6] DEBUG org.hibernate.SQL - 
    select
        r1_0.user_id,
        r1_1.id,
        r1_1.name 
    from
        user_roles r1_0 
    join
        roles r1_1 
            on r1_1.id=r1_0.role_id 
    where
        r1_0.user_id=?
2025-11-13 00:14:46 [http-nio-8088-exec-6] DEBUG o.s.security.web.FilterChainProxy - Secured GET /api/v1/tables
2025-11-13 00:14:46 [http-nio-8088-exec-6] DEBUG o.s.s.a.m.AuthorizationManagerBeforeMethodInterceptor - Authorizing method invocation ReflectiveMethodInvocation: public org.springframework.http.ResponseEntity com.giapho.coffee_shop_backend.controller.CafeTableController.getAllTables(); target is of class [com.giapho.coffee_shop_backend.controller.CafeTableController]
2025-11-13 00:14:46 [http-nio-8088-exec-6] DEBUG o.s.s.a.m.AuthorizationManagerBeforeMethodInterceptor - Authorized method invocation ReflectiveMethodInvocation: public org.springframework.http.ResponseEntity com.giapho.coffee_shop_backend.controller.CafeTableController.getAllTables(); target is of class [com.giapho.coffee_shop_backend.controller.CafeTableController]
2025-11-13 00:14:46 [http-nio-8088-exec-6] DEBUG org.hibernate.SQL - 
    select
        ct1_0.id,
        ct1_0.capacity,
        ct1_0.name,
        ct1_0.status 
    from
        tables ct1_0
2025-11-13 00:14:53 [http-nio-8088-exec-5] DEBUG o.s.security.web.FilterChainProxy - Securing GET /api/v1/tables
2025-11-13 00:14:53 [http-nio-8088-exec-9] DEBUG o.s.security.web.FilterChainProxy - Securing GET /api/v1/products?page=0&size=1000
2025-11-13 00:14:53 [http-nio-8088-exec-10] DEBUG o.s.security.web.FilterChainProxy - Securing GET /api/v1/customers?page=0&size=1000
2025-11-13 00:14:53 [http-nio-8088-exec-9] DEBUG org.hibernate.SQL - 
    select
        u1_0.id,
        u1_0.created_at,
        u1_0.email,
        u1_0.full_name,
        u1_0.password,
        u1_0.phone,
        u1_0.status,
        u1_0.updated_at,
        u1_0.username 
    from
        users u1_0 
    where
        u1_0.username=?
2025-11-13 00:14:53 [http-nio-8088-exec-5] DEBUG org.hibernate.SQL - 
    select
        u1_0.id,
        u1_0.created_at,
        u1_0.email,
        u1_0.full_name,
        u1_0.password,
        u1_0.phone,
        u1_0.status,
        u1_0.updated_at,
        u1_0.username 
    from
        users u1_0 
    where
        u1_0.username=?
2025-11-13 00:14:53 [http-nio-8088-exec-10] DEBUG org.hibernate.SQL - 
    select
        u1_0.id,
        u1_0.created_at,
        u1_0.email,
        u1_0.full_name,
        u1_0.password,
        u1_0.phone,
        u1_0.status,
        u1_0.updated_at,
        u1_0.username 
    from
        users u1_0 
    where
        u1_0.username=?
2025-11-13 00:14:53 [http-nio-8088-exec-5] DEBUG org.hibernate.SQL - 
    select
        r1_0.user_id,
        r1_1.id,
        r1_1.name 
    from
        user_roles r1_0 
    join
        roles r1_1 
            on r1_1.id=r1_0.role_id 
    where
        r1_0.user_id=?
2025-11-13 00:14:53 [http-nio-8088-exec-9] DEBUG org.hibernate.SQL - 
    select
        r1_0.user_id,
        r1_1.id,
        r1_1.name 
    from
        user_roles r1_0 
    join
        roles r1_1 
            on r1_1.id=r1_0.role_id 
    where
        r1_0.user_id=?
2025-11-13 00:14:53 [http-nio-8088-exec-10] DEBUG org.hibernate.SQL - 
    select
        r1_0.user_id,
        r1_1.id,
        r1_1.name 
    from
        user_roles r1_0 
    join
        roles r1_1 
            on r1_1.id=r1_0.role_id 
    where
        r1_0.user_id=?
2025-11-13 00:14:53 [http-nio-8088-exec-5] DEBUG o.s.security.web.FilterChainProxy - Secured GET /api/v1/tables
2025-11-13 00:14:53 [http-nio-8088-exec-9] DEBUG o.s.security.web.FilterChainProxy - Secured GET /api/v1/products?page=0&size=1000
2025-11-13 00:14:53 [http-nio-8088-exec-5] DEBUG o.s.s.a.m.AuthorizationManagerBeforeMethodInterceptor - Authorizing method invocation ReflectiveMethodInvocation: public org.springframework.http.ResponseEntity com.giapho.coffee_shop_backend.controller.CafeTableController.getAllTables(); target is of class [com.giapho.coffee_shop_backend.controller.CafeTableController]
2025-11-13 00:14:53 [http-nio-8088-exec-9] DEBUG o.s.s.a.m.AuthorizationManagerBeforeMethodInterceptor - Authorizing method invocation ReflectiveMethodInvocation: public org.springframework.http.ResponseEntity com.giapho.coffee_shop_backend.controller.ProductController.getAllProducts(java.lang.String,java.lang.Long,org.springframework.data.domain.Pageable); target is of class [com.giapho.coffee_shop_backend.controller.ProductController]
2025-11-13 00:14:53 [http-nio-8088-exec-5] DEBUG o.s.s.a.m.AuthorizationManagerBeforeMethodInterceptor - Authorized method invocation ReflectiveMethodInvocation: public org.springframework.http.ResponseEntity com.giapho.coffee_shop_backend.controller.CafeTableController.getAllTables(); target is of class [com.giapho.coffee_shop_backend.controller.CafeTableController]
2025-11-13 00:14:53 [http-nio-8088-exec-9] DEBUG o.s.s.a.m.AuthorizationManagerBeforeMethodInterceptor - Authorized method invocation ReflectiveMethodInvocation: public org.springframework.http.ResponseEntity com.giapho.coffee_shop_backend.controller.ProductController.getAllProducts(java.lang.String,java.lang.Long,org.springframework.data.domain.Pageable); target is of class [com.giapho.coffee_shop_backend.controller.ProductController]
2025-11-13 00:14:53 [http-nio-8088-exec-10] DEBUG o.s.security.web.FilterChainProxy - Secured GET /api/v1/customers?page=0&size=1000
2025-11-13 00:14:53 [http-nio-8088-exec-10] DEBUG o.s.s.a.m.AuthorizationManagerBeforeMethodInterceptor - Authorizing method invocation ReflectiveMethodInvocation: public org.springframework.http.ResponseEntity com.giapho.coffee_shop_backend.controller.CustomerController.searchCustomers(java.lang.String,org.springframework.data.domain.Pageable); target is of class [com.giapho.coffee_shop_backend.controller.CustomerController]
2025-11-13 00:14:53 [http-nio-8088-exec-10] DEBUG o.s.s.a.m.AuthorizationManagerBeforeMethodInterceptor - Authorized method invocation ReflectiveMethodInvocation: public org.springframework.http.ResponseEntity com.giapho.coffee_shop_backend.controller.CustomerController.searchCustomers(java.lang.String,org.springframework.data.domain.Pageable); target is of class [com.giapho.coffee_shop_backend.controller.CustomerController]
2025-11-13 00:14:53 [http-nio-8088-exec-5] DEBUG org.hibernate.SQL - 
    select
        ct1_0.id,
        ct1_0.capacity,
        ct1_0.name,
        ct1_0.status 
    from
        tables ct1_0
2025-11-13 00:14:53 [http-nio-8088-exec-9] DEBUG org.hibernate.SQL - 
    select
        p1_0.id,
        p1_0.category_id,
        c1_0.id,
        c1_0.description,
        c1_0.name,
        p1_0.code,
        p1_0.cost,
        p1_0.created_at,
        p1_0.description,
        p1_0.image_url,
        p1_0.is_available,
        p1_0.name,
        p1_0.price,
        p1_0.updated_at 
    from
        products p1_0 
    join
        categories c1_0 
            on c1_0.id=p1_0.category_id 
    limit
        ?, ?
2025-11-13 00:14:53 [http-nio-8088-exec-10] DEBUG org.hibernate.SQL - 
    select
        c1_0.id,
        c1_0.created_at,
        c1_0.email,
        c1_0.full_name,
        c1_0.loyalty_points,
        c1_0.phone,
        c1_0.updated_at 
    from
        customers c1_0 
    order by
        c1_0.full_name 
    limit
        ?, ?
2025-11-13 00:14:53 [http-nio-8088-exec-8] DEBUG o.s.security.web.FilterChainProxy - Securing GET /api/v1/files/56de7c12-082e-4eb3-b6cb-d84d8cc38775.jpg
2025-11-13 00:14:53 [http-nio-8088-exec-8] DEBUG o.s.s.w.a.AnonymousAuthenticationFilter - Set SecurityContextHolder to anonymous SecurityContext
2025-11-13 00:14:53 [http-nio-8088-exec-8] DEBUG o.s.security.web.FilterChainProxy - Secured GET /api/v1/files/56de7c12-082e-4eb3-b6cb-d84d8cc38775.jpg
2025-11-13 00:14:53 [http-nio-8088-exec-8] DEBUG c.g.c.controller.FileController - Downloading file: 56de7c12-082e-4eb3-b6cb-d84d8cc38775.jpg
2025-11-13 00:14:53 [http-nio-8088-exec-1] DEBUG o.s.security.web.FilterChainProxy - Securing GET /api/v1/files/e267ade1-780a-4a34-adf1-ecb1b2948e21.jpg
2025-11-13 00:14:53 [http-nio-8088-exec-1] DEBUG o.s.s.w.a.AnonymousAuthenticationFilter - Set SecurityContextHolder to anonymous SecurityContext
2025-11-13 00:14:53 [http-nio-8088-exec-1] DEBUG o.s.security.web.FilterChainProxy - Secured GET /api/v1/files/e267ade1-780a-4a34-adf1-ecb1b2948e21.jpg
2025-11-13 00:14:53 [http-nio-8088-exec-1] DEBUG c.g.c.controller.FileController - Downloading file: e267ade1-780a-4a34-adf1-ecb1b2948e21.jpg
2025-11-13 00:14:53 [http-nio-8088-exec-4] DEBUG o.s.security.web.FilterChainProxy - Securing GET /api/v1/files/82b4818b-f0d2-4206-bfa5-298f7111d20c.jpg
2025-11-13 00:14:53 [http-nio-8088-exec-4] DEBUG o.s.s.w.a.AnonymousAuthenticationFilter - Set SecurityContextHolder to anonymous SecurityContext
2025-11-13 00:14:53 [http-nio-8088-exec-4] DEBUG o.s.security.web.FilterChainProxy - Secured GET /api/v1/files/82b4818b-f0d2-4206-bfa5-298f7111d20c.jpg
2025-11-13 00:14:53 [http-nio-8088-exec-4] DEBUG c.g.c.controller.FileController - Downloading file: 82b4818b-f0d2-4206-bfa5-298f7111d20c.jpg
2025-11-13 00:14:53 [http-nio-8088-exec-3] DEBUG o.s.security.web.FilterChainProxy - Securing GET /api/v1/files/b0fcea8f-74ab-4ff1-bd62-6557e0ccb1f2.jpg
2025-11-13 00:14:53 [http-nio-8088-exec-7] DEBUG o.s.security.web.FilterChainProxy - Securing GET /api/v1/files/80cf5e3d-5d4c-4d1b-9e7d-0a0b8bfa00eb.jpg
2025-11-13 00:14:53 [http-nio-8088-exec-3] DEBUG o.s.s.w.a.AnonymousAuthenticationFilter - Set SecurityContextHolder to anonymous SecurityContext
2025-11-13 00:14:53 [http-nio-8088-exec-3] DEBUG o.s.security.web.FilterChainProxy - Secured GET /api/v1/files/b0fcea8f-74ab-4ff1-bd62-6557e0ccb1f2.jpg
2025-11-13 00:14:53 [http-nio-8088-exec-7] DEBUG o.s.s.w.a.AnonymousAuthenticationFilter - Set SecurityContextHolder to anonymous SecurityContext
2025-11-13 00:14:53 [http-nio-8088-exec-7] DEBUG o.s.security.web.FilterChainProxy - Secured GET /api/v1/files/80cf5e3d-5d4c-4d1b-9e7d-0a0b8bfa00eb.jpg
2025-11-13 00:14:53 [http-nio-8088-exec-2] DEBUG o.s.security.web.FilterChainProxy - Securing GET /api/v1/files/358e5aef-6b26-4cb1-a997-97ac999d9dc1.jpg
2025-11-13 00:14:53 [http-nio-8088-exec-2] DEBUG o.s.s.w.a.AnonymousAuthenticationFilter - Set SecurityContextHolder to anonymous SecurityContext
2025-11-13 00:14:53 [http-nio-8088-exec-7] DEBUG c.g.c.controller.FileController - Downloading file: 80cf5e3d-5d4c-4d1b-9e7d-0a0b8bfa00eb.jpg
2025-11-13 00:14:53 [http-nio-8088-exec-3] DEBUG c.g.c.controller.FileController - Downloading file: b0fcea8f-74ab-4ff1-bd62-6557e0ccb1f2.jpg
2025-11-13 00:14:53 [http-nio-8088-exec-2] DEBUG o.s.security.web.FilterChainProxy - Secured GET /api/v1/files/358e5aef-6b26-4cb1-a997-97ac999d9dc1.jpg
2025-11-13 00:14:53 [http-nio-8088-exec-6] DEBUG o.s.security.web.FilterChainProxy - Securing GET /api/v1/categories
2025-11-13 00:14:53 [http-nio-8088-exec-2] DEBUG c.g.c.controller.FileController - Downloading file: 358e5aef-6b26-4cb1-a997-97ac999d9dc1.jpg
2025-11-13 00:14:53 [http-nio-8088-exec-5] DEBUG o.s.security.web.FilterChainProxy - Securing GET /api/v1/files/01377e1e-70ed-48ba-bd4a-6379aeff4856.jpg
2025-11-13 00:14:53 [http-nio-8088-exec-5] DEBUG o.s.s.w.a.AnonymousAuthenticationFilter - Set SecurityContextHolder to anonymous SecurityContext
2025-11-13 00:14:53 [http-nio-8088-exec-5] DEBUG o.s.security.web.FilterChainProxy - Secured GET /api/v1/files/01377e1e-70ed-48ba-bd4a-6379aeff4856.jpg
2025-11-13 00:14:53 [http-nio-8088-exec-5] DEBUG c.g.c.controller.FileController - Downloading file: 01377e1e-70ed-48ba-bd4a-6379aeff4856.jpg
2025-11-13 00:14:53 [http-nio-8088-exec-1] DEBUG o.s.security.web.FilterChainProxy - Securing GET /api/v1/files/587ac1e2-1a65-4144-bbb7-faff4eac57bd.jpg
2025-11-13 00:14:53 [http-nio-8088-exec-1] DEBUG o.s.s.w.a.AnonymousAuthenticationFilter - Set SecurityContextHolder to anonymous SecurityContext
2025-11-13 00:14:53 [http-nio-8088-exec-1] DEBUG o.s.security.web.FilterChainProxy - Secured GET /api/v1/files/587ac1e2-1a65-4144-bbb7-faff4eac57bd.jpg
2025-11-13 00:14:53 [http-nio-8088-exec-1] DEBUG c.g.c.controller.FileController - Downloading file: 587ac1e2-1a65-4144-bbb7-faff4eac57bd.jpg
2025-11-13 00:14:53 [http-nio-8088-exec-9] DEBUG o.s.security.web.FilterChainProxy - Securing GET /api/v1/files/5f0d97d1-f3b4-431e-99dd-ad80499705ba.jpg
2025-11-13 00:14:53 [http-nio-8088-exec-9] DEBUG o.s.s.w.a.AnonymousAuthenticationFilter - Set SecurityContextHolder to anonymous SecurityContext
2025-11-13 00:14:53 [http-nio-8088-exec-9] DEBUG o.s.security.web.FilterChainProxy - Secured GET /api/v1/files/5f0d97d1-f3b4-431e-99dd-ad80499705ba.jpg
2025-11-13 00:14:53 [http-nio-8088-exec-8] DEBUG o.s.security.web.FilterChainProxy - Securing GET /api/v1/files/399710fc-be76-468d-be99-161396dbd4a4.jpg
2025-11-13 00:14:53 [http-nio-8088-exec-9] DEBUG c.g.c.controller.FileController - Downloading file: 5f0d97d1-f3b4-431e-99dd-ad80499705ba.jpg
2025-11-13 00:14:53 [http-nio-8088-exec-8] DEBUG o.s.s.w.a.AnonymousAuthenticationFilter - Set SecurityContextHolder to anonymous SecurityContext
2025-11-13 00:14:53 [http-nio-8088-exec-8] DEBUG o.s.security.web.FilterChainProxy - Secured GET /api/v1/files/399710fc-be76-468d-be99-161396dbd4a4.jpg
2025-11-13 00:14:53 [http-nio-8088-exec-10] DEBUG o.s.security.web.FilterChainProxy - Securing GET /api/v1/files/fc284af6-76c3-40fc-b6ab-245bf05af010.jpg
2025-11-13 00:14:53 [http-nio-8088-exec-10] DEBUG o.s.s.w.a.AnonymousAuthenticationFilter - Set SecurityContextHolder to anonymous SecurityContext
2025-11-13 00:14:53 [http-nio-8088-exec-8] DEBUG c.g.c.controller.FileController - Downloading file: 399710fc-be76-468d-be99-161396dbd4a4.jpg
2025-11-13 00:14:53 [http-nio-8088-exec-10] DEBUG o.s.security.web.FilterChainProxy - Secured GET /api/v1/files/fc284af6-76c3-40fc-b6ab-245bf05af010.jpg
2025-11-13 00:14:53 [http-nio-8088-exec-10] DEBUG c.g.c.controller.FileController - Downloading file: fc284af6-76c3-40fc-b6ab-245bf05af010.jpg
2025-11-13 00:14:53 [http-nio-8088-exec-6] DEBUG org.hibernate.SQL - 
    select
        u1_0.id,
        u1_0.created_at,
        u1_0.email,
        u1_0.full_name,
        u1_0.password,
        u1_0.phone,
        u1_0.status,
        u1_0.updated_at,
        u1_0.username 
    from
        users u1_0 
    where
        u1_0.username=?
2025-11-13 00:14:53 [http-nio-8088-exec-7] DEBUG o.s.security.web.FilterChainProxy - Securing GET /api/v1/files/a7ad5fc9-6e6e-4d2d-bf7f-0925fb9237ec.jpg
2025-11-13 00:14:53 [http-nio-8088-exec-7] DEBUG o.s.s.w.a.AnonymousAuthenticationFilter - Set SecurityContextHolder to anonymous SecurityContext
2025-11-13 00:14:53 [http-nio-8088-exec-7] DEBUG o.s.security.web.FilterChainProxy - Secured GET /api/v1/files/a7ad5fc9-6e6e-4d2d-bf7f-0925fb9237ec.jpg
2025-11-13 00:14:53 [http-nio-8088-exec-3] DEBUG o.s.security.web.FilterChainProxy - Securing GET /api/v1/files/76508bcc-516c-4520-b640-75df6df6a0ca.jpg
2025-11-13 00:14:53 [http-nio-8088-exec-7] DEBUG c.g.c.controller.FileController - Downloading file: a7ad5fc9-6e6e-4d2d-bf7f-0925fb9237ec.jpg
2025-11-13 00:14:53 [http-nio-8088-exec-3] DEBUG o.s.s.w.a.AnonymousAuthenticationFilter - Set SecurityContextHolder to anonymous SecurityContext
2025-11-13 00:14:53 [http-nio-8088-exec-3] DEBUG o.s.security.web.FilterChainProxy - Secured GET /api/v1/files/76508bcc-516c-4520-b640-75df6df6a0ca.jpg
2025-11-13 00:14:53 [http-nio-8088-exec-3] DEBUG c.g.c.controller.FileController - Downloading file: 76508bcc-516c-4520-b640-75df6df6a0ca.jpg
2025-11-13 00:14:53 [http-nio-8088-exec-5] DEBUG o.s.security.web.FilterChainProxy - Securing GET /api/v1/files/dc7eea7e-d955-4e82-947f-8f3a275d09c8.jpg
2025-11-13 00:14:53 [http-nio-8088-exec-5] DEBUG o.s.s.w.a.AnonymousAuthenticationFilter - Set SecurityContextHolder to anonymous SecurityContext
2025-11-13 00:14:53 [http-nio-8088-exec-5] DEBUG o.s.security.web.FilterChainProxy - Secured GET /api/v1/files/dc7eea7e-d955-4e82-947f-8f3a275d09c8.jpg
2025-11-13 00:14:53 [http-nio-8088-exec-5] DEBUG c.g.c.controller.FileController - Downloading file: dc7eea7e-d955-4e82-947f-8f3a275d09c8.jpg
2025-11-13 00:14:53 [http-nio-8088-exec-4] DEBUG o.s.security.web.FilterChainProxy - Securing GET /api/v1/files/3be6958d-8594-4f88-bf4a-caed30cc8686.jpg
2025-11-13 00:14:53 [http-nio-8088-exec-4] DEBUG o.s.s.w.a.AnonymousAuthenticationFilter - Set SecurityContextHolder to anonymous SecurityContext
2025-11-13 00:14:53 [http-nio-8088-exec-4] DEBUG o.s.security.web.FilterChainProxy - Secured GET /api/v1/files/3be6958d-8594-4f88-bf4a-caed30cc8686.jpg
2025-11-13 00:14:53 [http-nio-8088-exec-4] DEBUG c.g.c.controller.FileController - Downloading file: 3be6958d-8594-4f88-bf4a-caed30cc8686.jpg
2025-11-13 00:14:53 [http-nio-8088-exec-9] DEBUG o.s.security.web.FilterChainProxy - Securing GET /api/v1/files/a10447e0-1a57-4b12-837d-218f6d3a6706.jpg
2025-11-13 00:14:53 [http-nio-8088-exec-9] DEBUG o.s.s.w.a.AnonymousAuthenticationFilter - Set SecurityContextHolder to anonymous SecurityContext
2025-11-13 00:14:53 [http-nio-8088-exec-9] DEBUG o.s.security.web.FilterChainProxy - Secured GET /api/v1/files/a10447e0-1a57-4b12-837d-218f6d3a6706.jpg
2025-11-13 00:14:53 [http-nio-8088-exec-9] DEBUG c.g.c.controller.FileController - Downloading file: a10447e0-1a57-4b12-837d-218f6d3a6706.jpg
2025-11-13 00:14:53 [http-nio-8088-exec-6] DEBUG org.hibernate.SQL - 
    select
        r1_0.user_id,
        r1_1.id,
        r1_1.name 
    from
        user_roles r1_0 
    join
        roles r1_1 
            on r1_1.id=r1_0.role_id 
    where
        r1_0.user_id=?
2025-11-13 00:14:53 [http-nio-8088-exec-2] DEBUG o.s.security.web.FilterChainProxy - Securing GET /api/v1/files/4b9dcaa8-0825-4ee8-badc-86529e305d2a.jpg
2025-11-13 00:14:53 [http-nio-8088-exec-8] DEBUG o.s.security.web.FilterChainProxy - Securing GET /api/v1/files/257f1822-ec96-40c8-850e-a304cffa37fd.jpg
2025-11-13 00:14:53 [http-nio-8088-exec-2] DEBUG o.s.s.w.a.AnonymousAuthenticationFilter - Set SecurityContextHolder to anonymous SecurityContext
2025-11-13 00:14:53 [http-nio-8088-exec-2] DEBUG o.s.security.web.FilterChainProxy - Secured GET /api/v1/files/4b9dcaa8-0825-4ee8-badc-86529e305d2a.jpg
2025-11-13 00:14:53 [http-nio-8088-exec-8] DEBUG o.s.s.w.a.AnonymousAuthenticationFilter - Set SecurityContextHolder to anonymous SecurityContext
2025-11-13 00:14:53 [http-nio-8088-exec-8] DEBUG o.s.security.web.FilterChainProxy - Secured GET /api/v1/files/257f1822-ec96-40c8-850e-a304cffa37fd.jpg
2025-11-13 00:14:53 [http-nio-8088-exec-2] DEBUG c.g.c.controller.FileController - Downloading file: 4b9dcaa8-0825-4ee8-badc-86529e305d2a.jpg
2025-11-13 00:14:53 [http-nio-8088-exec-8] DEBUG c.g.c.controller.FileController - Downloading file: 257f1822-ec96-40c8-850e-a304cffa37fd.jpg
2025-11-13 00:14:53 [http-nio-8088-exec-6] DEBUG o.s.security.web.FilterChainProxy - Secured GET /api/v1/categories
2025-11-13 00:14:53 [http-nio-8088-exec-6] DEBUG o.s.s.a.m.AuthorizationManagerBeforeMethodInterceptor - Authorizing method invocation ReflectiveMethodInvocation: public org.springframework.http.ResponseEntity com.giapho.coffee_shop_backend.controller.CategoryController.getAllCategories(); target is of class [com.giapho.coffee_shop_backend.controller.CategoryController]
2025-11-13 00:14:53 [http-nio-8088-exec-6] DEBUG o.s.s.a.m.AuthorizationManagerBeforeMethodInterceptor - Authorized method invocation ReflectiveMethodInvocation: public org.springframework.http.ResponseEntity com.giapho.coffee_shop_backend.controller.CategoryController.getAllCategories(); target is of class [com.giapho.coffee_shop_backend.controller.CategoryController]
2025-11-13 00:14:53 [http-nio-8088-exec-6] DEBUG org.hibernate.SQL - 
    select
        c1_0.id,
        c1_0.description,
        c1_0.name 
    from
        categories c1_0
2025-11-13 00:22:38 [http-nio-8088-exec-6] DEBUG o.s.security.web.FilterChainProxy - Securing GET /api/v1/tables
2025-11-13 00:22:38 [http-nio-8088-exec-7] DEBUG o.s.security.web.FilterChainProxy - Securing GET /api/v1/customers?page=0&size=1000
2025-11-13 00:22:38 [http-nio-8088-exec-1] DEBUG o.s.security.web.FilterChainProxy - Securing GET /api/v1/products?page=0&size=1000
2025-11-13 00:22:38 [http-nio-8088-exec-6] DEBUG org.hibernate.SQL - 
    select
        u1_0.id,
        u1_0.created_at,
        u1_0.email,
        u1_0.full_name,
        u1_0.password,
        u1_0.phone,
        u1_0.status,
        u1_0.updated_at,
        u1_0.username 
    from
        users u1_0 
    where
        u1_0.username=?
2025-11-13 00:22:38 [http-nio-8088-exec-7] DEBUG org.hibernate.SQL - 
    select
        u1_0.id,
        u1_0.created_at,
        u1_0.email,
        u1_0.full_name,
        u1_0.password,
        u1_0.phone,
        u1_0.status,
        u1_0.updated_at,
        u1_0.username 
    from
        users u1_0 
    where
        u1_0.username=?
2025-11-13 00:22:38 [http-nio-8088-exec-1] DEBUG org.hibernate.SQL - 
    select
        u1_0.id,
        u1_0.created_at,
        u1_0.email,
        u1_0.full_name,
        u1_0.password,
        u1_0.phone,
        u1_0.status,
        u1_0.updated_at,
        u1_0.username 
    from
        users u1_0 
    where
        u1_0.username=?
2025-11-13 00:22:38 [http-nio-8088-exec-1] DEBUG org.hibernate.SQL - 
    select
        r1_0.user_id,
        r1_1.id,
        r1_1.name 
    from
        user_roles r1_0 
    join
        roles r1_1 
            on r1_1.id=r1_0.role_id 
    where
        r1_0.user_id=?
2025-11-13 00:22:38 [http-nio-8088-exec-7] DEBUG org.hibernate.SQL - 
    select
        r1_0.user_id,
        r1_1.id,
        r1_1.name 
    from
        user_roles r1_0 
    join
        roles r1_1 
            on r1_1.id=r1_0.role_id 
    where
        r1_0.user_id=?
2025-11-13 00:22:38 [http-nio-8088-exec-6] DEBUG org.hibernate.SQL - 
    select
        r1_0.user_id,
        r1_1.id,
        r1_1.name 
    from
        user_roles r1_0 
    join
        roles r1_1 
            on r1_1.id=r1_0.role_id 
    where
        r1_0.user_id=?
2025-11-13 00:22:38 [http-nio-8088-exec-6] DEBUG o.s.security.web.FilterChainProxy - Secured GET /api/v1/tables
2025-11-13 00:22:38 [http-nio-8088-exec-7] DEBUG o.s.security.web.FilterChainProxy - Secured GET /api/v1/customers?page=0&size=1000
2025-11-13 00:22:38 [http-nio-8088-exec-1] DEBUG o.s.security.web.FilterChainProxy - Secured GET /api/v1/products?page=0&size=1000
2025-11-13 00:22:38 [http-nio-8088-exec-6] DEBUG o.s.s.a.m.AuthorizationManagerBeforeMethodInterceptor - Authorizing method invocation ReflectiveMethodInvocation: public org.springframework.http.ResponseEntity com.giapho.coffee_shop_backend.controller.CafeTableController.getAllTables(); target is of class [com.giapho.coffee_shop_backend.controller.CafeTableController]
2025-11-13 00:22:38 [http-nio-8088-exec-6] DEBUG o.s.s.a.m.AuthorizationManagerBeforeMethodInterceptor - Authorized method invocation ReflectiveMethodInvocation: public org.springframework.http.ResponseEntity com.giapho.coffee_shop_backend.controller.CafeTableController.getAllTables(); target is of class [com.giapho.coffee_shop_backend.controller.CafeTableController]
2025-11-13 00:22:38 [http-nio-8088-exec-1] DEBUG o.s.s.a.m.AuthorizationManagerBeforeMethodInterceptor - Authorizing method invocation ReflectiveMethodInvocation: public org.springframework.http.ResponseEntity com.giapho.coffee_shop_backend.controller.ProductController.getAllProducts(java.lang.String,java.lang.Long,org.springframework.data.domain.Pageable); target is of class [com.giapho.coffee_shop_backend.controller.ProductController]
2025-11-13 00:22:38 [http-nio-8088-exec-7] DEBUG o.s.s.a.m.AuthorizationManagerBeforeMethodInterceptor - Authorizing method invocation ReflectiveMethodInvocation: public org.springframework.http.ResponseEntity com.giapho.coffee_shop_backend.controller.CustomerController.searchCustomers(java.lang.String,org.springframework.data.domain.Pageable); target is of class [com.giapho.coffee_shop_backend.controller.CustomerController]
2025-11-13 00:22:38 [http-nio-8088-exec-1] DEBUG o.s.s.a.m.AuthorizationManagerBeforeMethodInterceptor - Authorized method invocation ReflectiveMethodInvocation: public org.springframework.http.ResponseEntity com.giapho.coffee_shop_backend.controller.ProductController.getAllProducts(java.lang.String,java.lang.Long,org.springframework.data.domain.Pageable); target is of class [com.giapho.coffee_shop_backend.controller.ProductController]
2025-11-13 00:22:38 [http-nio-8088-exec-7] DEBUG o.s.s.a.m.AuthorizationManagerBeforeMethodInterceptor - Authorized method invocation ReflectiveMethodInvocation: public org.springframework.http.ResponseEntity com.giapho.coffee_shop_backend.controller.CustomerController.searchCustomers(java.lang.String,org.springframework.data.domain.Pageable); target is of class [com.giapho.coffee_shop_backend.controller.CustomerController]
2025-11-13 00:22:38 [http-nio-8088-exec-6] DEBUG org.hibernate.SQL - 
    select
        ct1_0.id,
        ct1_0.capacity,
        ct1_0.name,
        ct1_0.status 
    from
        tables ct1_0
2025-11-13 00:22:38 [http-nio-8088-exec-7] DEBUG org.hibernate.SQL - 
    select
        c1_0.id,
        c1_0.created_at,
        c1_0.email,
        c1_0.full_name,
        c1_0.loyalty_points,
        c1_0.phone,
        c1_0.updated_at 
    from
        customers c1_0 
    order by
        c1_0.full_name 
    limit
        ?, ?
2025-11-13 00:22:38 [http-nio-8088-exec-1] DEBUG org.hibernate.SQL - 
    select
        p1_0.id,
        p1_0.category_id,
        c1_0.id,
        c1_0.description,
        c1_0.name,
        p1_0.code,
        p1_0.cost,
        p1_0.created_at,
        p1_0.description,
        p1_0.image_url,
        p1_0.is_available,
        p1_0.name,
        p1_0.price,
        p1_0.updated_at 
    from
        products p1_0 
    join
        categories c1_0 
            on c1_0.id=p1_0.category_id 
    limit
        ?, ?
2025-11-13 00:22:38 [http-nio-8088-exec-5] DEBUG o.s.security.web.FilterChainProxy - Securing GET /api/v1/files/82b4818b-f0d2-4206-bfa5-298f7111d20c.jpg
2025-11-13 00:22:38 [http-nio-8088-exec-4] DEBUG o.s.security.web.FilterChainProxy - Securing GET /api/v1/files/b0fcea8f-74ab-4ff1-bd62-6557e0ccb1f2.jpg
2025-11-13 00:22:38 [http-nio-8088-exec-4] DEBUG o.s.s.w.a.AnonymousAuthenticationFilter - Set SecurityContextHolder to anonymous SecurityContext
2025-11-13 00:22:38 [http-nio-8088-exec-5] DEBUG o.s.s.w.a.AnonymousAuthenticationFilter - Set SecurityContextHolder to anonymous SecurityContext
2025-11-13 00:22:38 [http-nio-8088-exec-5] DEBUG o.s.security.web.FilterChainProxy - Secured GET /api/v1/files/82b4818b-f0d2-4206-bfa5-298f7111d20c.jpg
2025-11-13 00:22:38 [http-nio-8088-exec-4] DEBUG o.s.security.web.FilterChainProxy - Secured GET /api/v1/files/b0fcea8f-74ab-4ff1-bd62-6557e0ccb1f2.jpg
2025-11-13 00:22:38 [http-nio-8088-exec-3] DEBUG o.s.security.web.FilterChainProxy - Securing GET /api/v1/files/56de7c12-082e-4eb3-b6cb-d84d8cc38775.jpg
2025-11-13 00:22:38 [http-nio-8088-exec-5] DEBUG c.g.c.controller.FileController - Downloading file: 82b4818b-f0d2-4206-bfa5-298f7111d20c.jpg
2025-11-13 00:22:38 [http-nio-8088-exec-9] DEBUG o.s.security.web.FilterChainProxy - Securing GET /api/v1/files/e267ade1-780a-4a34-adf1-ecb1b2948e21.jpg
2025-11-13 00:22:38 [http-nio-8088-exec-9] DEBUG o.s.s.w.a.AnonymousAuthenticationFilter - Set SecurityContextHolder to anonymous SecurityContext
2025-11-13 00:22:38 [http-nio-8088-exec-9] DEBUG o.s.security.web.FilterChainProxy - Secured GET /api/v1/files/e267ade1-780a-4a34-adf1-ecb1b2948e21.jpg
2025-11-13 00:22:38 [http-nio-8088-exec-3] DEBUG o.s.s.w.a.AnonymousAuthenticationFilter - Set SecurityContextHolder to anonymous SecurityContext
2025-11-13 00:22:38 [http-nio-8088-exec-9] DEBUG c.g.c.controller.FileController - Downloading file: e267ade1-780a-4a34-adf1-ecb1b2948e21.jpg
2025-11-13 00:22:38 [http-nio-8088-exec-4] DEBUG c.g.c.controller.FileController - Downloading file: b0fcea8f-74ab-4ff1-bd62-6557e0ccb1f2.jpg
2025-11-13 00:22:38 [http-nio-8088-exec-3] DEBUG o.s.security.web.FilterChainProxy - Secured GET /api/v1/files/56de7c12-082e-4eb3-b6cb-d84d8cc38775.jpg
2025-11-13 00:22:38 [http-nio-8088-exec-8] DEBUG o.s.security.web.FilterChainProxy - Securing GET /api/v1/files/80cf5e3d-5d4c-4d1b-9e7d-0a0b8bfa00eb.jpg
2025-11-13 00:22:38 [http-nio-8088-exec-8] DEBUG o.s.s.w.a.AnonymousAuthenticationFilter - Set SecurityContextHolder to anonymous SecurityContext
2025-11-13 00:22:38 [http-nio-8088-exec-8] DEBUG o.s.security.web.FilterChainProxy - Secured GET /api/v1/files/80cf5e3d-5d4c-4d1b-9e7d-0a0b8bfa00eb.jpg
2025-11-13 00:22:38 [http-nio-8088-exec-3] DEBUG c.g.c.controller.FileController - Downloading file: 56de7c12-082e-4eb3-b6cb-d84d8cc38775.jpg
2025-11-13 00:22:38 [http-nio-8088-exec-8] DEBUG c.g.c.controller.FileController - Downloading file: 80cf5e3d-5d4c-4d1b-9e7d-0a0b8bfa00eb.jpg
2025-11-13 00:22:38 [http-nio-8088-exec-2] DEBUG o.s.security.web.FilterChainProxy - Securing GET /api/v1/files/358e5aef-6b26-4cb1-a997-97ac999d9dc1.jpg
2025-11-13 00:22:38 [http-nio-8088-exec-10] DEBUG o.s.security.web.FilterChainProxy - Securing GET /api/v1/categories
2025-11-13 00:22:38 [http-nio-8088-exec-2] DEBUG o.s.s.w.a.AnonymousAuthenticationFilter - Set SecurityContextHolder to anonymous SecurityContext
2025-11-13 00:22:38 [http-nio-8088-exec-2] DEBUG o.s.security.web.FilterChainProxy - Secured GET /api/v1/files/358e5aef-6b26-4cb1-a997-97ac999d9dc1.jpg
2025-11-13 00:22:38 [http-nio-8088-exec-2] DEBUG c.g.c.controller.FileController - Downloading file: 358e5aef-6b26-4cb1-a997-97ac999d9dc1.jpg
2025-11-13 00:22:38 [http-nio-8088-exec-6] DEBUG o.s.security.web.FilterChainProxy - Securing GET /api/v1/files/587ac1e2-1a65-4144-bbb7-faff4eac57bd.jpg
2025-11-13 00:22:38 [http-nio-8088-exec-6] DEBUG o.s.s.w.a.AnonymousAuthenticationFilter - Set SecurityContextHolder to anonymous SecurityContext
2025-11-13 00:22:38 [http-nio-8088-exec-6] DEBUG o.s.security.web.FilterChainProxy - Secured GET /api/v1/files/587ac1e2-1a65-4144-bbb7-faff4eac57bd.jpg
2025-11-13 00:22:38 [http-nio-8088-exec-6] DEBUG c.g.c.controller.FileController - Downloading file: 587ac1e2-1a65-4144-bbb7-faff4eac57bd.jpg
2025-11-13 00:22:38 [http-nio-8088-exec-3] DEBUG o.s.security.web.FilterChainProxy - Securing GET /api/v1/files/fc284af6-76c3-40fc-b6ab-245bf05af010.jpg
2025-11-13 00:22:38 [http-nio-8088-exec-1] DEBUG o.s.security.web.FilterChainProxy - Securing GET /api/v1/files/01377e1e-70ed-48ba-bd4a-6379aeff4856.jpg
2025-11-13 00:22:38 [http-nio-8088-exec-1] DEBUG o.s.s.w.a.AnonymousAuthenticationFilter - Set SecurityContextHolder to anonymous SecurityContext
2025-11-13 00:22:38 [http-nio-8088-exec-1] DEBUG o.s.security.web.FilterChainProxy - Secured GET /api/v1/files/01377e1e-70ed-48ba-bd4a-6379aeff4856.jpg
2025-11-13 00:22:38 [http-nio-8088-exec-1] DEBUG c.g.c.controller.FileController - Downloading file: 01377e1e-70ed-48ba-bd4a-6379aeff4856.jpg
2025-11-13 00:22:38 [http-nio-8088-exec-2] DEBUG o.s.security.web.FilterChainProxy - Securing GET /api/v1/files/a10447e0-1a57-4b12-837d-218f6d3a6706.jpg
2025-11-13 00:22:38 [http-nio-8088-exec-2] DEBUG o.s.s.w.a.AnonymousAuthenticationFilter - Set SecurityContextHolder to anonymous SecurityContext
2025-11-13 00:22:38 [http-nio-8088-exec-2] DEBUG o.s.security.web.FilterChainProxy - Secured GET /api/v1/files/a10447e0-1a57-4b12-837d-218f6d3a6706.jpg
2025-11-13 00:22:38 [http-nio-8088-exec-2] DEBUG c.g.c.controller.FileController - Downloading file: a10447e0-1a57-4b12-837d-218f6d3a6706.jpg
2025-11-13 00:22:38 [http-nio-8088-exec-10] DEBUG org.hibernate.SQL - 
    select
        u1_0.id,
        u1_0.created_at,
        u1_0.email,
        u1_0.full_name,
        u1_0.password,
        u1_0.phone,
        u1_0.status,
        u1_0.updated_at,
        u1_0.username 
    from
        users u1_0 
    where
        u1_0.username=?
2025-11-13 00:22:38 [http-nio-8088-exec-3] DEBUG o.s.s.w.a.AnonymousAuthenticationFilter - Set SecurityContextHolder to anonymous SecurityContext
2025-11-13 00:22:38 [http-nio-8088-exec-3] DEBUG o.s.security.web.FilterChainProxy - Secured GET /api/v1/files/fc284af6-76c3-40fc-b6ab-245bf05af010.jpg
2025-11-13 00:22:38 [http-nio-8088-exec-9] DEBUG o.s.security.web.FilterChainProxy - Securing GET /api/v1/files/5f0d97d1-f3b4-431e-99dd-ad80499705ba.jpg
2025-11-13 00:22:38 [http-nio-8088-exec-1] DEBUG o.s.security.web.FilterChainProxy - Securing GET /api/v1/files/399710fc-be76-468d-be99-161396dbd4a4.jpg
2025-11-13 00:22:38 [http-nio-8088-exec-3] DEBUG c.g.c.controller.FileController - Downloading file: fc284af6-76c3-40fc-b6ab-245bf05af010.jpg
2025-11-13 00:22:38 [http-nio-8088-exec-1] DEBUG o.s.s.w.a.AnonymousAuthenticationFilter - Set SecurityContextHolder to anonymous SecurityContext
2025-11-13 00:22:38 [http-nio-8088-exec-9] DEBUG o.s.s.w.a.AnonymousAuthenticationFilter - Set SecurityContextHolder to anonymous SecurityContext
2025-11-13 00:22:38 [http-nio-8088-exec-1] DEBUG o.s.security.web.FilterChainProxy - Secured GET /api/v1/files/399710fc-be76-468d-be99-161396dbd4a4.jpg
2025-11-13 00:22:38 [http-nio-8088-exec-9] DEBUG o.s.security.web.FilterChainProxy - Secured GET /api/v1/files/5f0d97d1-f3b4-431e-99dd-ad80499705ba.jpg
2025-11-13 00:22:38 [http-nio-8088-exec-1] DEBUG c.g.c.controller.FileController - Downloading file: 399710fc-be76-468d-be99-161396dbd4a4.jpg
2025-11-13 00:22:38 [http-nio-8088-exec-9] DEBUG c.g.c.controller.FileController - Downloading file: 5f0d97d1-f3b4-431e-99dd-ad80499705ba.jpg
2025-11-13 00:22:38 [http-nio-8088-exec-2] DEBUG o.s.security.web.FilterChainProxy - Securing GET /api/v1/files/76508bcc-516c-4520-b640-75df6df6a0ca.jpg
2025-11-13 00:22:38 [http-nio-8088-exec-2] DEBUG o.s.s.w.a.AnonymousAuthenticationFilter - Set SecurityContextHolder to anonymous SecurityContext
2025-11-13 00:22:38 [http-nio-8088-exec-2] DEBUG o.s.security.web.FilterChainProxy - Secured GET /api/v1/files/76508bcc-516c-4520-b640-75df6df6a0ca.jpg
2025-11-13 00:22:38 [http-nio-8088-exec-2] DEBUG c.g.c.controller.FileController - Downloading file: 76508bcc-516c-4520-b640-75df6df6a0ca.jpg
2025-11-13 00:22:38 [http-nio-8088-exec-4] DEBUG o.s.security.web.FilterChainProxy - Securing GET /api/v1/files/dc7eea7e-d955-4e82-947f-8f3a275d09c8.jpg
2025-11-13 00:22:38 [http-nio-8088-exec-4] DEBUG o.s.s.w.a.AnonymousAuthenticationFilter - Set SecurityContextHolder to anonymous SecurityContext
2025-11-13 00:22:38 [http-nio-8088-exec-7] DEBUG o.s.security.web.FilterChainProxy - Securing GET /api/v1/files/3be6958d-8594-4f88-bf4a-caed30cc8686.jpg
2025-11-13 00:22:38 [http-nio-8088-exec-4] DEBUG o.s.security.web.FilterChainProxy - Secured GET /api/v1/files/dc7eea7e-d955-4e82-947f-8f3a275d09c8.jpg
2025-11-13 00:22:38 [http-nio-8088-exec-7] DEBUG o.s.s.w.a.AnonymousAuthenticationFilter - Set SecurityContextHolder to anonymous SecurityContext
2025-11-13 00:22:38 [http-nio-8088-exec-7] DEBUG o.s.security.web.FilterChainProxy - Secured GET /api/v1/files/3be6958d-8594-4f88-bf4a-caed30cc8686.jpg
2025-11-13 00:22:38 [http-nio-8088-exec-4] DEBUG c.g.c.controller.FileController - Downloading file: dc7eea7e-d955-4e82-947f-8f3a275d09c8.jpg
2025-11-13 00:22:38 [http-nio-8088-exec-7] DEBUG c.g.c.controller.FileController - Downloading file: 3be6958d-8594-4f88-bf4a-caed30cc8686.jpg
2025-11-13 00:22:38 [http-nio-8088-exec-10] DEBUG org.hibernate.SQL - 
    select
        r1_0.user_id,
        r1_1.id,
        r1_1.name 
    from
        user_roles r1_0 
    join
        roles r1_1 
            on r1_1.id=r1_0.role_id 
    where
        r1_0.user_id=?
2025-11-13 00:22:38 [http-nio-8088-exec-7] DEBUG o.s.security.web.FilterChainProxy - Securing GET /api/v1/files/a7ad5fc9-6e6e-4d2d-bf7f-0925fb9237ec.jpg
2025-11-13 00:22:38 [http-nio-8088-exec-6] DEBUG o.s.security.web.FilterChainProxy - Securing GET /api/v1/files/4b9dcaa8-0825-4ee8-badc-86529e305d2a.jpg
2025-11-13 00:22:38 [http-nio-8088-exec-6] DEBUG o.s.s.w.a.AnonymousAuthenticationFilter - Set SecurityContextHolder to anonymous SecurityContext
2025-11-13 00:22:38 [http-nio-8088-exec-6] DEBUG o.s.security.web.FilterChainProxy - Secured GET /api/v1/files/4b9dcaa8-0825-4ee8-badc-86529e305d2a.jpg
2025-11-13 00:22:38 [http-nio-8088-exec-6] DEBUG c.g.c.controller.FileController - Downloading file: 4b9dcaa8-0825-4ee8-badc-86529e305d2a.jpg
2025-11-13 00:22:38 [http-nio-8088-exec-7] DEBUG o.s.s.w.a.AnonymousAuthenticationFilter - Set SecurityContextHolder to anonymous SecurityContext
2025-11-13 00:22:38 [http-nio-8088-exec-7] DEBUG o.s.security.web.FilterChainProxy - Secured GET /api/v1/files/a7ad5fc9-6e6e-4d2d-bf7f-0925fb9237ec.jpg
2025-11-13 00:22:38 [http-nio-8088-exec-4] DEBUG o.s.security.web.FilterChainProxy - Securing GET /api/v1/files/257f1822-ec96-40c8-850e-a304cffa37fd.jpg
2025-11-13 00:22:38 [http-nio-8088-exec-4] DEBUG o.s.s.w.a.AnonymousAuthenticationFilter - Set SecurityContextHolder to anonymous SecurityContext
2025-11-13 00:22:38 [http-nio-8088-exec-4] DEBUG o.s.security.web.FilterChainProxy - Secured GET /api/v1/files/257f1822-ec96-40c8-850e-a304cffa37fd.jpg
2025-11-13 00:22:38 [http-nio-8088-exec-4] DEBUG c.g.c.controller.FileController - Downloading file: 257f1822-ec96-40c8-850e-a304cffa37fd.jpg
2025-11-13 00:22:38 [http-nio-8088-exec-7] DEBUG c.g.c.controller.FileController - Downloading file: a7ad5fc9-6e6e-4d2d-bf7f-0925fb9237ec.jpg
2025-11-13 00:22:38 [http-nio-8088-exec-10] DEBUG o.s.security.web.FilterChainProxy - Secured GET /api/v1/categories
2025-11-13 00:22:38 [http-nio-8088-exec-10] DEBUG o.s.s.a.m.AuthorizationManagerBeforeMethodInterceptor - Authorizing method invocation ReflectiveMethodInvocation: public org.springframework.http.ResponseEntity com.giapho.coffee_shop_backend.controller.CategoryController.getAllCategories(); target is of class [com.giapho.coffee_shop_backend.controller.CategoryController]
2025-11-13 00:22:38 [http-nio-8088-exec-10] DEBUG o.s.s.a.m.AuthorizationManagerBeforeMethodInterceptor - Authorized method invocation ReflectiveMethodInvocation: public org.springframework.http.ResponseEntity com.giapho.coffee_shop_backend.controller.CategoryController.getAllCategories(); target is of class [com.giapho.coffee_shop_backend.controller.CategoryController]
2025-11-13 00:22:38 [http-nio-8088-exec-10] DEBUG org.hibernate.SQL - 
    select
        c1_0.id,
        c1_0.description,
        c1_0.name 
    from
        categories c1_0
2025-11-13 00:25:21 [http-nio-8088-exec-10] DEBUG o.s.security.web.FilterChainProxy - Securing OPTIONS /api/v1/reports/profit?startDate=2025-10-14&endDate=2025-11-13
2025-11-13 00:25:21 [http-nio-8088-exec-5] DEBUG o.s.security.web.FilterChainProxy - Securing GET /api/v1/reports/profit?startDate=2025-10-14&endDate=2025-11-13
2025-11-13 00:25:21 [http-nio-8088-exec-5] DEBUG org.hibernate.SQL - 
    select
        u1_0.id,
        u1_0.created_at,
        u1_0.email,
        u1_0.full_name,
        u1_0.password,
        u1_0.phone,
        u1_0.status,
        u1_0.updated_at,
        u1_0.username 
    from
        users u1_0 
    where
        u1_0.username=?
2025-11-13 00:25:21 [http-nio-8088-exec-5] DEBUG org.hibernate.SQL - 
    select
        r1_0.user_id,
        r1_1.id,
        r1_1.name 
    from
        user_roles r1_0 
    join
        roles r1_1 
            on r1_1.id=r1_0.role_id 
    where
        r1_0.user_id=?
2025-11-13 00:25:21 [http-nio-8088-exec-5] DEBUG o.s.security.web.FilterChainProxy - Secured GET /api/v1/reports/profit?startDate=2025-10-14&endDate=2025-11-13
2025-11-13 00:25:21 [http-nio-8088-exec-5] DEBUG o.s.s.a.m.AuthorizationManagerBeforeMethodInterceptor - Authorizing method invocation ReflectiveMethodInvocation: public org.springframework.http.ResponseEntity com.giapho.coffee_shop_backend.controller.ReportController.getProfitReport(java.time.LocalDate,java.time.LocalDate); target is of class [com.giapho.coffee_shop_backend.controller.ReportController]
2025-11-13 00:25:21 [http-nio-8088-exec-5] DEBUG o.s.s.a.m.AuthorizationManagerBeforeMethodInterceptor - Authorized method invocation ReflectiveMethodInvocation: public org.springframework.http.ResponseEntity com.giapho.coffee_shop_backend.controller.ReportController.getProfitReport(java.time.LocalDate,java.time.LocalDate); target is of class [com.giapho.coffee_shop_backend.controller.ReportController]
2025-11-13 00:25:21 [http-nio-8088-exec-5] DEBUG org.hibernate.SQL - 
    select
        coalesce(sum(o1_0.total_amount), 0) 
    from
        orders o1_0 
    where
        o1_0.status='PAID' 
        and o1_0.paid_at>=? 
        and o1_0.paid_at<?
2025-11-13 00:25:21 [http-nio-8088-exec-5] DEBUG org.hibernate.SQL - 
    select
        od1_0.id,
        od1_0.notes,
        od1_0.order_id,
        od1_0.price_at_order,
        od1_0.product_id,
        p1_0.id,
        p1_0.category_id,
        p1_0.code,
        p1_0.cost,
        p1_0.created_at,
        p1_0.description,
        p1_0.image_url,
        p1_0.is_available,
        p1_0.name,
        p1_0.price,
        p1_0.updated_at,
        od1_0.quantity 
    from
        order_details od1_0 
    join
        products p1_0 
            on p1_0.id=od1_0.product_id 
    join
        orders o1_0 
            on o1_0.id=od1_0.order_id 
    where
        o1_0.status='PAID' 
        and o1_0.paid_at between ? and ?
2025-11-13 00:25:22 [http-nio-8088-exec-3] DEBUG o.s.security.web.FilterChainProxy - Securing OPTIONS /api/v1/reports/revenue-by-date?startDate=2025-10-14&endDate=2025-11-13
2025-11-13 00:25:22 [http-nio-8088-exec-9] DEBUG o.s.security.web.FilterChainProxy - Securing GET /api/v1/reports/revenue-by-date?startDate=2025-10-14&endDate=2025-11-13
2025-11-13 00:25:22 [http-nio-8088-exec-9] DEBUG org.hibernate.SQL - 
    select
        u1_0.id,
        u1_0.created_at,
        u1_0.email,
        u1_0.full_name,
        u1_0.password,
        u1_0.phone,
        u1_0.status,
        u1_0.updated_at,
        u1_0.username 
    from
        users u1_0 
    where
        u1_0.username=?
2025-11-13 00:25:22 [http-nio-8088-exec-9] DEBUG org.hibernate.SQL - 
    select
        r1_0.user_id,
        r1_1.id,
        r1_1.name 
    from
        user_roles r1_0 
    join
        roles r1_1 
            on r1_1.id=r1_0.role_id 
    where
        r1_0.user_id=?
2025-11-13 00:25:22 [http-nio-8088-exec-9] DEBUG o.s.security.web.FilterChainProxy - Secured GET /api/v1/reports/revenue-by-date?startDate=2025-10-14&endDate=2025-11-13
2025-11-13 00:25:22 [http-nio-8088-exec-9] DEBUG o.s.s.a.m.AuthorizationManagerBeforeMethodInterceptor - Authorizing method invocation ReflectiveMethodInvocation: public org.springframework.http.ResponseEntity com.giapho.coffee_shop_backend.controller.ReportController.getRevenueByDateRange(java.time.LocalDate,java.time.LocalDate); target is of class [com.giapho.coffee_shop_backend.controller.ReportController]
2025-11-13 00:25:22 [http-nio-8088-exec-9] DEBUG o.s.s.a.m.AuthorizationManagerBeforeMethodInterceptor - Authorized method invocation ReflectiveMethodInvocation: public org.springframework.http.ResponseEntity com.giapho.coffee_shop_backend.controller.ReportController.getRevenueByDateRange(java.time.LocalDate,java.time.LocalDate); target is of class [com.giapho.coffee_shop_backend.controller.ReportController]
2025-11-13 00:25:22 [http-nio-8088-exec-9] DEBUG org.hibernate.SQL - 
    select
        o1_0.id,
        o1_0.voucher_id,
        o1_0.table_id,
        o1_0.created_at,
        o1_0.customer_id,
        o1_0.discount_amount,
        o1_0.paid_at,
        o1_0.payment_method,
        o1_0.status,
        o1_0.sub_total,
        o1_0.total_amount,
        o1_0.type,
        o1_0.user_id,
        o1_0.voucher_code 
    from
        orders o1_0 
    where
        o1_0.status=? 
        and o1_0.paid_at between ? and ?
2025-11-13 00:25:22 [http-nio-8088-exec-2] DEBUG o.s.security.web.FilterChainProxy - Securing OPTIONS /api/v1/reports/best-sellers?startDate=2025-10-14&endDate=2025-11-13&top=5&sortBy=revenue
2025-11-13 00:25:22 [http-nio-8088-exec-1] DEBUG o.s.security.web.FilterChainProxy - Securing GET /api/v1/reports/best-sellers?startDate=2025-10-14&endDate=2025-11-13&top=5&sortBy=revenue
2025-11-13 00:25:22 [http-nio-8088-exec-1] DEBUG org.hibernate.SQL - 
    select
        u1_0.id,
        u1_0.created_at,
        u1_0.email,
        u1_0.full_name,
        u1_0.password,
        u1_0.phone,
        u1_0.status,
        u1_0.updated_at,
        u1_0.username 
    from
        users u1_0 
    where
        u1_0.username=?
2025-11-13 00:25:22 [http-nio-8088-exec-1] DEBUG org.hibernate.SQL - 
    select
        r1_0.user_id,
        r1_1.id,
        r1_1.name 
    from
        user_roles r1_0 
    join
        roles r1_1 
            on r1_1.id=r1_0.role_id 
    where
        r1_0.user_id=?
2025-11-13 00:25:22 [http-nio-8088-exec-1] DEBUG o.s.security.web.FilterChainProxy - Secured GET /api/v1/reports/best-sellers?startDate=2025-10-14&endDate=2025-11-13&top=5&sortBy=revenue
2025-11-13 00:25:22 [http-nio-8088-exec-1] DEBUG o.s.s.a.m.AuthorizationManagerBeforeMethodInterceptor - Authorizing method invocation ReflectiveMethodInvocation: public org.springframework.http.ResponseEntity com.giapho.coffee_shop_backend.controller.ReportController.getBestSellers(java.time.LocalDate,java.time.LocalDate,int,java.lang.String); target is of class [com.giapho.coffee_shop_backend.controller.ReportController]
2025-11-13 00:25:22 [http-nio-8088-exec-1] DEBUG o.s.s.a.m.AuthorizationManagerBeforeMethodInterceptor - Authorized method invocation ReflectiveMethodInvocation: public org.springframework.http.ResponseEntity com.giapho.coffee_shop_backend.controller.ReportController.getBestSellers(java.time.LocalDate,java.time.LocalDate,int,java.lang.String); target is of class [com.giapho.coffee_shop_backend.controller.ReportController]
2025-11-13 00:25:22 [http-nio-8088-exec-1] DEBUG org.hibernate.SQL - 
    select
        od1_0.product_id,
        p1_0.name,
        sum(od1_0.quantity),
        sum((od1_0.quantity*od1_0.price_at_order)) 
    from
        order_details od1_0 
    join
        orders o1_0 
            on o1_0.id=od1_0.order_id 
    join
        products p1_0 
            on p1_0.id=od1_0.product_id 
    where
        o1_0.status='PAID' 
        and o1_0.paid_at between ? and ? 
    group by
        od1_0.product_id,
        p1_0.name 
    order by
        4 desc 
    limit
        ?
2025-11-13 00:25:31 [http-nio-8088-exec-8] DEBUG o.s.security.web.FilterChainProxy - Securing POST /api/v1/auth/login
2025-11-13 00:25:31 [http-nio-8088-exec-8] DEBUG o.s.s.w.a.AnonymousAuthenticationFilter - Set SecurityContextHolder to anonymous SecurityContext
2025-11-13 00:25:31 [http-nio-8088-exec-8] DEBUG o.s.security.web.FilterChainProxy - Secured POST /api/v1/auth/login
2025-11-13 00:25:31 [http-nio-8088-exec-8] DEBUG org.hibernate.SQL - 
    select
        u1_0.id,
        u1_0.created_at,
        u1_0.email,
        u1_0.full_name,
        u1_0.password,
        u1_0.phone,
        u1_0.status,
        u1_0.updated_at,
        u1_0.username 
    from
        users u1_0 
    where
        u1_0.username=?
2025-11-13 00:25:31 [http-nio-8088-exec-8] DEBUG org.hibernate.SQL - 
    select
        r1_0.user_id,
        r1_1.id,
        r1_1.name 
    from
        user_roles r1_0 
    join
        roles r1_1 
            on r1_1.id=r1_0.role_id 
    where
        r1_0.user_id=?
2025-11-13 00:25:31 [http-nio-8088-exec-8] DEBUG o.s.s.a.d.DaoAuthenticationProvider - Failed to authenticate since password does not match stored value
2025-11-13 00:25:31 [http-nio-8088-exec-8] DEBUG o.s.s.authentication.ProviderManager - Authentication failed with provider DaoAuthenticationProvider since Bad credentials
2025-11-13 00:25:31 [http-nio-8088-exec-8] DEBUG org.hibernate.SQL - 
    select
        u1_0.id,
        u1_0.created_at,
        u1_0.email,
        u1_0.full_name,
        u1_0.password,
        u1_0.phone,
        u1_0.status,
        u1_0.updated_at,
        u1_0.username 
    from
        users u1_0 
    where
        u1_0.username=?
2025-11-13 00:25:31 [http-nio-8088-exec-8] DEBUG org.hibernate.SQL - 
    insert 
    into
        login_history
        (ip_address, login_at, message, success, user_id, user_agent, username) 
    values
        (?, ?, ?, ?, ?, ?, ?)
2025-11-13 00:25:31 [http-nio-8088-exec-8] WARN  c.g.c.e.GlobalExceptionHandler - Entity not found: Invalid username or password - Path: /api/v1/auth/login
2025-11-13 00:25:37 [http-nio-8088-exec-6] DEBUG o.s.security.web.FilterChainProxy - Securing POST /api/v1/auth/login
2025-11-13 00:25:37 [http-nio-8088-exec-6] DEBUG o.s.s.w.a.AnonymousAuthenticationFilter - Set SecurityContextHolder to anonymous SecurityContext
2025-11-13 00:25:37 [http-nio-8088-exec-6] DEBUG o.s.security.web.FilterChainProxy - Secured POST /api/v1/auth/login
2025-11-13 00:25:37 [http-nio-8088-exec-6] DEBUG org.hibernate.SQL - 
    select
        u1_0.id,
        u1_0.created_at,
        u1_0.email,
        u1_0.full_name,
        u1_0.password,
        u1_0.phone,
        u1_0.status,
        u1_0.updated_at,
        u1_0.username 
    from
        users u1_0 
    where
        u1_0.username=?
2025-11-13 00:25:37 [http-nio-8088-exec-6] DEBUG o.s.s.a.d.DaoAuthenticationProvider - Failed to find user 'khanhphungphung'
2025-11-13 00:25:37 [http-nio-8088-exec-6] DEBUG o.s.s.authentication.ProviderManager - Authentication failed with provider DaoAuthenticationProvider since Bad credentials
2025-11-13 00:25:37 [http-nio-8088-exec-6] DEBUG org.hibernate.SQL - 
    select
        u1_0.id,
        u1_0.created_at,
        u1_0.email,
        u1_0.full_name,
        u1_0.password,
        u1_0.phone,
        u1_0.status,
        u1_0.updated_at,
        u1_0.username 
    from
        users u1_0 
    where
        u1_0.username=?
2025-11-13 00:25:37 [http-nio-8088-exec-6] DEBUG org.hibernate.SQL - 
    insert 
    into
        login_history
        (ip_address, login_at, message, success, user_id, user_agent, username) 
    values
        (?, ?, ?, ?, ?, ?, ?)
2025-11-13 00:25:37 [http-nio-8088-exec-6] WARN  c.g.c.e.GlobalExceptionHandler - Entity not found: Invalid username or password - Path: /api/v1/auth/login
2025-11-13 00:25:42 [http-nio-8088-exec-4] DEBUG o.s.security.web.FilterChainProxy - Securing POST /api/v1/auth/login
2025-11-13 00:25:42 [http-nio-8088-exec-4] DEBUG o.s.s.w.a.AnonymousAuthenticationFilter - Set SecurityContextHolder to anonymous SecurityContext
2025-11-13 00:25:42 [http-nio-8088-exec-4] DEBUG o.s.security.web.FilterChainProxy - Secured POST /api/v1/auth/login
2025-11-13 00:25:42 [http-nio-8088-exec-4] DEBUG org.hibernate.SQL - 
    select
        u1_0.id,
        u1_0.created_at,
        u1_0.email,
        u1_0.full_name,
        u1_0.password,
        u1_0.phone,
        u1_0.status,
        u1_0.updated_at,
        u1_0.username 
    from
        users u1_0 
    where
        u1_0.username=?
2025-11-13 00:25:43 [http-nio-8088-exec-4] DEBUG o.s.s.a.d.DaoAuthenticationProvider - Failed to find user 'khanhphungphungkhanhphung'
2025-11-13 00:25:43 [http-nio-8088-exec-4] DEBUG o.s.s.authentication.ProviderManager - Authentication failed with provider DaoAuthenticationProvider since Bad credentials
2025-11-13 00:25:43 [http-nio-8088-exec-4] DEBUG org.hibernate.SQL - 
    select
        u1_0.id,
        u1_0.created_at,
        u1_0.email,
        u1_0.full_name,
        u1_0.password,
        u1_0.phone,
        u1_0.status,
        u1_0.updated_at,
        u1_0.username 
    from
        users u1_0 
    where
        u1_0.username=?
2025-11-13 00:25:43 [http-nio-8088-exec-4] DEBUG org.hibernate.SQL - 
    insert 
    into
        login_history
        (ip_address, login_at, message, success, user_id, user_agent, username) 
    values
        (?, ?, ?, ?, ?, ?, ?)
2025-11-13 00:25:43 [http-nio-8088-exec-4] WARN  c.g.c.e.GlobalExceptionHandler - Entity not found: Invalid username or password - Path: /api/v1/auth/login
2025-11-13 00:26:00 [http-nio-8088-exec-7] DEBUG o.s.security.web.FilterChainProxy - Securing POST /api/v1/auth/login
2025-11-13 00:26:00 [http-nio-8088-exec-7] DEBUG o.s.s.w.a.AnonymousAuthenticationFilter - Set SecurityContextHolder to anonymous SecurityContext
2025-11-13 00:26:00 [http-nio-8088-exec-7] DEBUG o.s.security.web.FilterChainProxy - Secured POST /api/v1/auth/login
2025-11-13 00:26:00 [http-nio-8088-exec-7] DEBUG org.hibernate.SQL - 
    select
        u1_0.id,
        u1_0.created_at,
        u1_0.email,
        u1_0.full_name,
        u1_0.password,
        u1_0.phone,
        u1_0.status,
        u1_0.updated_at,
        u1_0.username 
    from
        users u1_0 
    where
        u1_0.username=?
2025-11-13 00:26:00 [http-nio-8088-exec-7] DEBUG org.hibernate.SQL - 
    select
        r1_0.user_id,
        r1_1.id,
        r1_1.name 
    from
        user_roles r1_0 
    join
        roles r1_1 
            on r1_1.id=r1_0.role_id 
    where
        r1_0.user_id=?
2025-11-13 00:26:00 [http-nio-8088-exec-7] DEBUG o.s.s.a.d.DaoAuthenticationProvider - Failed to authenticate since password does not match stored value
2025-11-13 00:26:00 [http-nio-8088-exec-7] DEBUG o.s.s.authentication.ProviderManager - Authentication failed with provider DaoAuthenticationProvider since Bad credentials
2025-11-13 00:26:00 [http-nio-8088-exec-7] DEBUG org.hibernate.SQL - 
    select
        u1_0.id,
        u1_0.created_at,
        u1_0.email,
        u1_0.full_name,
        u1_0.password,
        u1_0.phone,
        u1_0.status,
        u1_0.updated_at,
        u1_0.username 
    from
        users u1_0 
    where
        u1_0.username=?
2025-11-13 00:26:00 [http-nio-8088-exec-7] DEBUG org.hibernate.SQL - 
    insert 
    into
        login_history
        (ip_address, login_at, message, success, user_id, user_agent, username) 
    values
        (?, ?, ?, ?, ?, ?, ?)
2025-11-13 00:26:00 [http-nio-8088-exec-7] WARN  c.g.c.e.GlobalExceptionHandler - Entity not found: Invalid username or password - Path: /api/v1/auth/login
2025-11-13 00:26:06 [http-nio-8088-exec-10] DEBUG o.s.security.web.FilterChainProxy - Securing POST /api/v1/auth/login
2025-11-13 00:26:06 [http-nio-8088-exec-10] DEBUG o.s.s.w.a.AnonymousAuthenticationFilter - Set SecurityContextHolder to anonymous SecurityContext
2025-11-13 00:26:06 [http-nio-8088-exec-10] DEBUG o.s.security.web.FilterChainProxy - Secured POST /api/v1/auth/login
2025-11-13 00:26:06 [http-nio-8088-exec-10] DEBUG org.hibernate.SQL - 
    select
        u1_0.id,
        u1_0.created_at,
        u1_0.email,
        u1_0.full_name,
        u1_0.password,
        u1_0.phone,
        u1_0.status,
        u1_0.updated_at,
        u1_0.username 
    from
        users u1_0 
    where
        u1_0.username=?
2025-11-13 00:26:06 [http-nio-8088-exec-10] DEBUG org.hibernate.SQL - 
    select
        r1_0.user_id,
        r1_1.id,
        r1_1.name 
    from
        user_roles r1_0 
    join
        roles r1_1 
            on r1_1.id=r1_0.role_id 
    where
        r1_0.user_id=?
2025-11-13 00:26:07 [http-nio-8088-exec-10] DEBUG o.s.s.a.d.DaoAuthenticationProvider - Authenticated user
2025-11-13 00:26:07 [http-nio-8088-exec-10] DEBUG org.hibernate.SQL - 
    select
        u1_0.id,
        u1_0.created_at,
        u1_0.email,
        u1_0.full_name,
        u1_0.password,
        u1_0.phone,
        u1_0.status,
        u1_0.updated_at,
        u1_0.username 
    from
        users u1_0 
    where
        u1_0.username=?
2025-11-13 00:26:07 [http-nio-8088-exec-10] DEBUG org.hibernate.SQL - 
    insert 
    into
        login_history
        (ip_address, login_at, message, success, user_id, user_agent, username) 
    values
        (?, ?, ?, ?, ?, ?, ?)
2025-11-13 00:26:07 [http-nio-8088-exec-5] DEBUG o.s.security.web.FilterChainProxy - Securing GET /api/v1/reports/profit?startDate=2025-10-14&endDate=2025-11-13
2025-11-13 00:26:07 [http-nio-8088-exec-5] DEBUG org.hibernate.SQL - 
    select
        u1_0.id,
        u1_0.created_at,
        u1_0.email,
        u1_0.full_name,
        u1_0.password,
        u1_0.phone,
        u1_0.status,
        u1_0.updated_at,
        u1_0.username 
    from
        users u1_0 
    where
        u1_0.username=?
2025-11-13 00:26:07 [http-nio-8088-exec-5] DEBUG org.hibernate.SQL - 
    select
        r1_0.user_id,
        r1_1.id,
        r1_1.name 
    from
        user_roles r1_0 
    join
        roles r1_1 
            on r1_1.id=r1_0.role_id 
    where
        r1_0.user_id=?
2025-11-13 00:26:07 [http-nio-8088-exec-5] DEBUG o.s.security.web.FilterChainProxy - Secured GET /api/v1/reports/profit?startDate=2025-10-14&endDate=2025-11-13
2025-11-13 00:26:07 [http-nio-8088-exec-5] DEBUG o.s.s.a.m.AuthorizationManagerBeforeMethodInterceptor - Authorizing method invocation ReflectiveMethodInvocation: public org.springframework.http.ResponseEntity com.giapho.coffee_shop_backend.controller.ReportController.getProfitReport(java.time.LocalDate,java.time.LocalDate); target is of class [com.giapho.coffee_shop_backend.controller.ReportController]
2025-11-13 00:26:07 [http-nio-8088-exec-5] DEBUG o.s.s.a.m.AuthorizationManagerBeforeMethodInterceptor - Failed to authorize ReflectiveMethodInvocation: public org.springframework.http.ResponseEntity com.giapho.coffee_shop_backend.controller.ReportController.getProfitReport(java.time.LocalDate,java.time.LocalDate); target is of class [com.giapho.coffee_shop_backend.controller.ReportController] with authorization manager org.springframework.security.authorization.method.PreAuthorizeAuthorizationManager@70d76581 and result ExpressionAuthorizationDecision [granted=false, expressionAttribute=hasAnyRole('MANAGER', 'ADMIN')]
2025-11-13 00:26:07 [http-nio-8088-exec-5] WARN  c.g.c.e.GlobalExceptionHandler - Access denied - Path: /api/v1/reports/profit - User: khanhphung
2025-11-13 00:26:07 [http-nio-8088-exec-3] DEBUG o.s.security.web.FilterChainProxy - Securing GET /api/v1/reports/revenue-by-date?startDate=2025-10-14&endDate=2025-11-13
2025-11-13 00:26:07 [http-nio-8088-exec-3] DEBUG org.hibernate.SQL - 
    select
        u1_0.id,
        u1_0.created_at,
        u1_0.email,
        u1_0.full_name,
        u1_0.password,
        u1_0.phone,
        u1_0.status,
        u1_0.updated_at,
        u1_0.username 
    from
        users u1_0 
    where
        u1_0.username=?
2025-11-13 00:26:07 [http-nio-8088-exec-3] DEBUG org.hibernate.SQL - 
    select
        r1_0.user_id,
        r1_1.id,
        r1_1.name 
    from
        user_roles r1_0 
    join
        roles r1_1 
            on r1_1.id=r1_0.role_id 
    where
        r1_0.user_id=?
2025-11-13 00:26:07 [http-nio-8088-exec-3] DEBUG o.s.security.web.FilterChainProxy - Secured GET /api/v1/reports/revenue-by-date?startDate=2025-10-14&endDate=2025-11-13
2025-11-13 00:26:07 [http-nio-8088-exec-3] DEBUG o.s.s.a.m.AuthorizationManagerBeforeMethodInterceptor - Authorizing method invocation ReflectiveMethodInvocation: public org.springframework.http.ResponseEntity com.giapho.coffee_shop_backend.controller.ReportController.getRevenueByDateRange(java.time.LocalDate,java.time.LocalDate); target is of class [com.giapho.coffee_shop_backend.controller.ReportController]
2025-11-13 00:26:07 [http-nio-8088-exec-3] DEBUG o.s.s.a.m.AuthorizationManagerBeforeMethodInterceptor - Failed to authorize ReflectiveMethodInvocation: public org.springframework.http.ResponseEntity com.giapho.coffee_shop_backend.controller.ReportController.getRevenueByDateRange(java.time.LocalDate,java.time.LocalDate); target is of class [com.giapho.coffee_shop_backend.controller.ReportController] with authorization manager org.springframework.security.authorization.method.PreAuthorizeAuthorizationManager@70d76581 and result ExpressionAuthorizationDecision [granted=false, expressionAttribute=hasAnyRole('MANAGER', 'ADMIN')]
2025-11-13 00:26:07 [http-nio-8088-exec-3] WARN  c.g.c.e.GlobalExceptionHandler - Access denied - Path: /api/v1/reports/revenue-by-date - User: khanhphung
2025-11-13 00:26:07 [http-nio-8088-exec-9] DEBUG o.s.security.web.FilterChainProxy - Securing GET /api/v1/reports/best-sellers?startDate=2025-10-14&endDate=2025-11-13&top=5&sortBy=revenue
2025-11-13 00:26:07 [http-nio-8088-exec-9] DEBUG org.hibernate.SQL - 
    select
        u1_0.id,
        u1_0.created_at,
        u1_0.email,
        u1_0.full_name,
        u1_0.password,
        u1_0.phone,
        u1_0.status,
        u1_0.updated_at,
        u1_0.username 
    from
        users u1_0 
    where
        u1_0.username=?
2025-11-13 00:26:07 [http-nio-8088-exec-9] DEBUG org.hibernate.SQL - 
    select
        r1_0.user_id,
        r1_1.id,
        r1_1.name 
    from
        user_roles r1_0 
    join
        roles r1_1 
            on r1_1.id=r1_0.role_id 
    where
        r1_0.user_id=?
2025-11-13 00:26:07 [http-nio-8088-exec-9] DEBUG o.s.security.web.FilterChainProxy - Secured GET /api/v1/reports/best-sellers?startDate=2025-10-14&endDate=2025-11-13&top=5&sortBy=revenue
2025-11-13 00:26:07 [http-nio-8088-exec-9] DEBUG o.s.s.a.m.AuthorizationManagerBeforeMethodInterceptor - Authorizing method invocation ReflectiveMethodInvocation: public org.springframework.http.ResponseEntity com.giapho.coffee_shop_backend.controller.ReportController.getBestSellers(java.time.LocalDate,java.time.LocalDate,int,java.lang.String); target is of class [com.giapho.coffee_shop_backend.controller.ReportController]
2025-11-13 00:26:07 [http-nio-8088-exec-9] DEBUG o.s.s.a.m.AuthorizationManagerBeforeMethodInterceptor - Failed to authorize ReflectiveMethodInvocation: public org.springframework.http.ResponseEntity com.giapho.coffee_shop_backend.controller.ReportController.getBestSellers(java.time.LocalDate,java.time.LocalDate,int,java.lang.String); target is of class [com.giapho.coffee_shop_backend.controller.ReportController] with authorization manager org.springframework.security.authorization.method.PreAuthorizeAuthorizationManager@70d76581 and result ExpressionAuthorizationDecision [granted=false, expressionAttribute=hasAnyRole('MANAGER', 'ADMIN')]
2025-11-13 00:26:07 [http-nio-8088-exec-9] WARN  c.g.c.e.GlobalExceptionHandler - Access denied - Path: /api/v1/reports/best-sellers - User: khanhphung
2025-11-13 00:26:25 [http-nio-8088-exec-2] DEBUG o.s.security.web.FilterChainProxy - Securing GET /api/v1/tables
2025-11-13 00:26:25 [http-nio-8088-exec-1] DEBUG o.s.security.web.FilterChainProxy - Securing GET /api/v1/products?page=0&size=1000
2025-11-13 00:26:25 [http-nio-8088-exec-8] DEBUG o.s.security.web.FilterChainProxy - Securing GET /api/v1/customers?page=0&size=1000
2025-11-13 00:26:25 [http-nio-8088-exec-1] DEBUG org.hibernate.SQL - 
    select
        u1_0.id,
        u1_0.created_at,
        u1_0.email,
        u1_0.full_name,
        u1_0.password,
        u1_0.phone,
        u1_0.status,
        u1_0.updated_at,
        u1_0.username 
    from
        users u1_0 
    where
        u1_0.username=?
2025-11-13 00:26:25 [http-nio-8088-exec-2] DEBUG org.hibernate.SQL - 
    select
        u1_0.id,
        u1_0.created_at,
        u1_0.email,
        u1_0.full_name,
        u1_0.password,
        u1_0.phone,
        u1_0.status,
        u1_0.updated_at,
        u1_0.username 
    from
        users u1_0 
    where
        u1_0.username=?
2025-11-13 00:26:25 [http-nio-8088-exec-2] DEBUG org.hibernate.SQL - 
    select
        r1_0.user_id,
        r1_1.id,
        r1_1.name 
    from
        user_roles r1_0 
    join
        roles r1_1 
            on r1_1.id=r1_0.role_id 
    where
        r1_0.user_id=?
2025-11-13 00:26:25 [http-nio-8088-exec-8] DEBUG org.hibernate.SQL - 
    select
        u1_0.id,
        u1_0.created_at,
        u1_0.email,
        u1_0.full_name,
        u1_0.password,
        u1_0.phone,
        u1_0.status,
        u1_0.updated_at,
        u1_0.username 
    from
        users u1_0 
    where
        u1_0.username=?
2025-11-13 00:26:25 [http-nio-8088-exec-1] DEBUG org.hibernate.SQL - 
    select
        r1_0.user_id,
        r1_1.id,
        r1_1.name 
    from
        user_roles r1_0 
    join
        roles r1_1 
            on r1_1.id=r1_0.role_id 
    where
        r1_0.user_id=?
2025-11-13 00:26:25 [http-nio-8088-exec-1] DEBUG o.s.security.web.FilterChainProxy - Secured GET /api/v1/products?page=0&size=1000
2025-11-13 00:26:25 [http-nio-8088-exec-1] DEBUG o.s.s.a.m.AuthorizationManagerBeforeMethodInterceptor - Authorizing method invocation ReflectiveMethodInvocation: public org.springframework.http.ResponseEntity com.giapho.coffee_shop_backend.controller.ProductController.getAllProducts(java.lang.String,java.lang.Long,org.springframework.data.domain.Pageable); target is of class [com.giapho.coffee_shop_backend.controller.ProductController]
2025-11-13 00:26:25 [http-nio-8088-exec-1] DEBUG o.s.s.a.m.AuthorizationManagerBeforeMethodInterceptor - Authorized method invocation ReflectiveMethodInvocation: public org.springframework.http.ResponseEntity com.giapho.coffee_shop_backend.controller.ProductController.getAllProducts(java.lang.String,java.lang.Long,org.springframework.data.domain.Pageable); target is of class [com.giapho.coffee_shop_backend.controller.ProductController]
2025-11-13 00:26:25 [http-nio-8088-exec-2] DEBUG o.s.security.web.FilterChainProxy - Secured GET /api/v1/tables
2025-11-13 00:26:25 [http-nio-8088-exec-2] DEBUG o.s.s.a.m.AuthorizationManagerBeforeMethodInterceptor - Authorizing method invocation ReflectiveMethodInvocation: public org.springframework.http.ResponseEntity com.giapho.coffee_shop_backend.controller.CafeTableController.getAllTables(); target is of class [com.giapho.coffee_shop_backend.controller.CafeTableController]
2025-11-13 00:26:25 [http-nio-8088-exec-2] DEBUG o.s.s.a.m.AuthorizationManagerBeforeMethodInterceptor - Authorized method invocation ReflectiveMethodInvocation: public org.springframework.http.ResponseEntity com.giapho.coffee_shop_backend.controller.CafeTableController.getAllTables(); target is of class [com.giapho.coffee_shop_backend.controller.CafeTableController]
2025-11-13 00:26:25 [http-nio-8088-exec-8] DEBUG org.hibernate.SQL - 
    select
        r1_0.user_id,
        r1_1.id,
        r1_1.name 
    from
        user_roles r1_0 
    join
        roles r1_1 
            on r1_1.id=r1_0.role_id 
    where
        r1_0.user_id=?
2025-11-13 00:26:25 [http-nio-8088-exec-1] DEBUG org.hibernate.SQL - 
    select
        p1_0.id,
        p1_0.category_id,
        c1_0.id,
        c1_0.description,
        c1_0.name,
        p1_0.code,
        p1_0.cost,
        p1_0.created_at,
        p1_0.description,
        p1_0.image_url,
        p1_0.is_available,
        p1_0.name,
        p1_0.price,
        p1_0.updated_at 
    from
        products p1_0 
    join
        categories c1_0 
            on c1_0.id=p1_0.category_id 
    limit
        ?, ?
2025-11-13 00:26:25 [http-nio-8088-exec-2] DEBUG org.hibernate.SQL - 
    select
        ct1_0.id,
        ct1_0.capacity,
        ct1_0.name,
        ct1_0.status 
    from
        tables ct1_0
2025-11-13 00:26:25 [http-nio-8088-exec-8] DEBUG o.s.security.web.FilterChainProxy - Secured GET /api/v1/customers?page=0&size=1000
2025-11-13 00:26:25 [http-nio-8088-exec-8] DEBUG o.s.s.a.m.AuthorizationManagerBeforeMethodInterceptor - Authorizing method invocation ReflectiveMethodInvocation: public org.springframework.http.ResponseEntity com.giapho.coffee_shop_backend.controller.CustomerController.searchCustomers(java.lang.String,org.springframework.data.domain.Pageable); target is of class [com.giapho.coffee_shop_backend.controller.CustomerController]
2025-11-13 00:26:25 [http-nio-8088-exec-8] DEBUG o.s.s.a.m.AuthorizationManagerBeforeMethodInterceptor - Authorized method invocation ReflectiveMethodInvocation: public org.springframework.http.ResponseEntity com.giapho.coffee_shop_backend.controller.CustomerController.searchCustomers(java.lang.String,org.springframework.data.domain.Pageable); target is of class [com.giapho.coffee_shop_backend.controller.CustomerController]
2025-11-13 00:26:25 [http-nio-8088-exec-8] DEBUG org.hibernate.SQL - 
    select
        c1_0.id,
        c1_0.created_at,
        c1_0.email,
        c1_0.full_name,
        c1_0.loyalty_points,
        c1_0.phone,
        c1_0.updated_at 
    from
        customers c1_0 
    order by
        c1_0.full_name 
    limit
        ?, ?
2025-11-13 00:26:25 [http-nio-8088-exec-6] DEBUG o.s.security.web.FilterChainProxy - Securing GET /api/v1/files/82b4818b-f0d2-4206-bfa5-298f7111d20c.jpg
2025-11-13 00:26:25 [http-nio-8088-exec-6] DEBUG o.s.s.w.a.AnonymousAuthenticationFilter - Set SecurityContextHolder to anonymous SecurityContext
2025-11-13 00:26:25 [http-nio-8088-exec-7] DEBUG o.s.security.web.FilterChainProxy - Securing GET /api/v1/files/b0fcea8f-74ab-4ff1-bd62-6557e0ccb1f2.jpg
2025-11-13 00:26:25 [http-nio-8088-exec-7] DEBUG o.s.s.w.a.AnonymousAuthenticationFilter - Set SecurityContextHolder to anonymous SecurityContext
2025-11-13 00:26:25 [http-nio-8088-exec-7] DEBUG o.s.security.web.FilterChainProxy - Secured GET /api/v1/files/b0fcea8f-74ab-4ff1-bd62-6557e0ccb1f2.jpg
2025-11-13 00:26:25 [http-nio-8088-exec-4] DEBUG o.s.security.web.FilterChainProxy - Securing GET /api/v1/files/56de7c12-082e-4eb3-b6cb-d84d8cc38775.jpg
2025-11-13 00:26:25 [http-nio-8088-exec-7] DEBUG c.g.c.controller.FileController - Downloading file: b0fcea8f-74ab-4ff1-bd62-6557e0ccb1f2.jpg
2025-11-13 00:26:25 [http-nio-8088-exec-6] DEBUG o.s.security.web.FilterChainProxy - Secured GET /api/v1/files/82b4818b-f0d2-4206-bfa5-298f7111d20c.jpg
2025-11-13 00:26:25 [http-nio-8088-exec-6] DEBUG c.g.c.controller.FileController - Downloading file: 82b4818b-f0d2-4206-bfa5-298f7111d20c.jpg
2025-11-13 00:26:25 [http-nio-8088-exec-10] DEBUG o.s.security.web.FilterChainProxy - Securing GET /api/v1/files/e267ade1-780a-4a34-adf1-ecb1b2948e21.jpg
2025-11-13 00:26:25 [http-nio-8088-exec-10] DEBUG o.s.s.w.a.AnonymousAuthenticationFilter - Set SecurityContextHolder to anonymous SecurityContext
2025-11-13 00:26:25 [http-nio-8088-exec-10] DEBUG o.s.security.web.FilterChainProxy - Secured GET /api/v1/files/e267ade1-780a-4a34-adf1-ecb1b2948e21.jpg
2025-11-13 00:26:25 [http-nio-8088-exec-10] DEBUG c.g.c.controller.FileController - Downloading file: e267ade1-780a-4a34-adf1-ecb1b2948e21.jpg
2025-11-13 00:26:25 [http-nio-8088-exec-4] DEBUG o.s.s.w.a.AnonymousAuthenticationFilter - Set SecurityContextHolder to anonymous SecurityContext
2025-11-13 00:26:25 [http-nio-8088-exec-4] DEBUG o.s.security.web.FilterChainProxy - Secured GET /api/v1/files/56de7c12-082e-4eb3-b6cb-d84d8cc38775.jpg
2025-11-13 00:26:25 [http-nio-8088-exec-5] DEBUG o.s.security.web.FilterChainProxy - Securing GET /api/v1/categories
2025-11-13 00:26:25 [http-nio-8088-exec-4] DEBUG c.g.c.controller.FileController - Downloading file: 56de7c12-082e-4eb3-b6cb-d84d8cc38775.jpg
2025-11-13 00:26:25 [http-nio-8088-exec-3] DEBUG o.s.security.web.FilterChainProxy - Securing GET /api/v1/files/fc284af6-76c3-40fc-b6ab-245bf05af010.jpg
2025-11-13 00:26:25 [http-nio-8088-exec-3] DEBUG o.s.s.w.a.AnonymousAuthenticationFilter - Set SecurityContextHolder to anonymous SecurityContext
2025-11-13 00:26:25 [http-nio-8088-exec-3] DEBUG o.s.security.web.FilterChainProxy - Secured GET /api/v1/files/fc284af6-76c3-40fc-b6ab-245bf05af010.jpg
2025-11-13 00:26:25 [http-nio-8088-exec-9] DEBUG o.s.security.web.FilterChainProxy - Securing GET /api/v1/files/a10447e0-1a57-4b12-837d-218f6d3a6706.jpg
2025-11-13 00:26:25 [http-nio-8088-exec-9] DEBUG o.s.s.w.a.AnonymousAuthenticationFilter - Set SecurityContextHolder to anonymous SecurityContext
2025-11-13 00:26:25 [http-nio-8088-exec-9] DEBUG o.s.security.web.FilterChainProxy - Secured GET /api/v1/files/a10447e0-1a57-4b12-837d-218f6d3a6706.jpg
2025-11-13 00:26:25 [http-nio-8088-exec-3] DEBUG c.g.c.controller.FileController - Downloading file: fc284af6-76c3-40fc-b6ab-245bf05af010.jpg
2025-11-13 00:26:25 [http-nio-8088-exec-9] DEBUG c.g.c.controller.FileController - Downloading file: a10447e0-1a57-4b12-837d-218f6d3a6706.jpg
2025-11-13 00:26:25 [http-nio-8088-exec-1] DEBUG o.s.security.web.FilterChainProxy - Securing GET /api/v1/files/358e5aef-6b26-4cb1-a997-97ac999d9dc1.jpg
2025-11-13 00:26:25 [http-nio-8088-exec-1] DEBUG o.s.s.w.a.AnonymousAuthenticationFilter - Set SecurityContextHolder to anonymous SecurityContext
2025-11-13 00:26:25 [http-nio-8088-exec-1] DEBUG o.s.security.web.FilterChainProxy - Secured GET /api/v1/files/358e5aef-6b26-4cb1-a997-97ac999d9dc1.jpg
2025-11-13 00:26:25 [http-nio-8088-exec-1] DEBUG c.g.c.controller.FileController - Downloading file: 358e5aef-6b26-4cb1-a997-97ac999d9dc1.jpg
2025-11-13 00:26:25 [http-nio-8088-exec-7] DEBUG o.s.security.web.FilterChainProxy - Securing GET /api/v1/files/80cf5e3d-5d4c-4d1b-9e7d-0a0b8bfa00eb.jpg
2025-11-13 00:26:25 [http-nio-8088-exec-7] DEBUG o.s.s.w.a.AnonymousAuthenticationFilter - Set SecurityContextHolder to anonymous SecurityContext
2025-11-13 00:26:25 [http-nio-8088-exec-7] DEBUG o.s.security.web.FilterChainProxy - Secured GET /api/v1/files/80cf5e3d-5d4c-4d1b-9e7d-0a0b8bfa00eb.jpg
2025-11-13 00:26:25 [http-nio-8088-exec-7] DEBUG c.g.c.controller.FileController - Downloading file: 80cf5e3d-5d4c-4d1b-9e7d-0a0b8bfa00eb.jpg
2025-11-13 00:26:25 [http-nio-8088-exec-5] DEBUG org.hibernate.SQL - 
    select
        u1_0.id,
        u1_0.created_at,
        u1_0.email,
        u1_0.full_name,
        u1_0.password,
        u1_0.phone,
        u1_0.status,
        u1_0.updated_at,
        u1_0.username 
    from
        users u1_0 
    where
        u1_0.username=?
2025-11-13 00:26:25 [http-nio-8088-exec-10] DEBUG o.s.security.web.FilterChainProxy - Securing GET /api/v1/files/01377e1e-70ed-48ba-bd4a-6379aeff4856.jpg
2025-11-13 00:26:25 [http-nio-8088-exec-10] DEBUG o.s.s.w.a.AnonymousAuthenticationFilter - Set SecurityContextHolder to anonymous SecurityContext
2025-11-13 00:26:25 [http-nio-8088-exec-10] DEBUG o.s.security.web.FilterChainProxy - Secured GET /api/v1/files/01377e1e-70ed-48ba-bd4a-6379aeff4856.jpg
2025-11-13 00:26:25 [http-nio-8088-exec-10] DEBUG c.g.c.controller.FileController - Downloading file: 01377e1e-70ed-48ba-bd4a-6379aeff4856.jpg
2025-11-13 00:26:25 [http-nio-8088-exec-4] DEBUG o.s.security.web.FilterChainProxy - Securing GET /api/v1/files/5f0d97d1-f3b4-431e-99dd-ad80499705ba.jpg
2025-11-13 00:26:25 [http-nio-8088-exec-2] DEBUG o.s.security.web.FilterChainProxy - Securing GET /api/v1/files/399710fc-be76-468d-be99-161396dbd4a4.jpg
2025-11-13 00:26:25 [http-nio-8088-exec-6] DEBUG o.s.security.web.FilterChainProxy - Securing GET /api/v1/files/587ac1e2-1a65-4144-bbb7-faff4eac57bd.jpg
2025-11-13 00:26:25 [http-nio-8088-exec-2] DEBUG o.s.s.w.a.AnonymousAuthenticationFilter - Set SecurityContextHolder to anonymous SecurityContext
2025-11-13 00:26:25 [http-nio-8088-exec-2] DEBUG o.s.security.web.FilterChainProxy - Secured GET /api/v1/files/399710fc-be76-468d-be99-161396dbd4a4.jpg
2025-11-13 00:26:25 [http-nio-8088-exec-6] DEBUG o.s.s.w.a.AnonymousAuthenticationFilter - Set SecurityContextHolder to anonymous SecurityContext
2025-11-13 00:26:25 [http-nio-8088-exec-6] DEBUG o.s.security.web.FilterChainProxy - Secured GET /api/v1/files/587ac1e2-1a65-4144-bbb7-faff4eac57bd.jpg
2025-11-13 00:26:25 [http-nio-8088-exec-4] DEBUG o.s.s.w.a.AnonymousAuthenticationFilter - Set SecurityContextHolder to anonymous SecurityContext
2025-11-13 00:26:25 [http-nio-8088-exec-6] DEBUG c.g.c.controller.FileController - Downloading file: 587ac1e2-1a65-4144-bbb7-faff4eac57bd.jpg
2025-11-13 00:26:25 [http-nio-8088-exec-2] DEBUG c.g.c.controller.FileController - Downloading file: 399710fc-be76-468d-be99-161396dbd4a4.jpg
2025-11-13 00:26:25 [http-nio-8088-exec-4] DEBUG o.s.security.web.FilterChainProxy - Secured GET /api/v1/files/5f0d97d1-f3b4-431e-99dd-ad80499705ba.jpg
2025-11-13 00:26:25 [http-nio-8088-exec-4] DEBUG c.g.c.controller.FileController - Downloading file: 5f0d97d1-f3b4-431e-99dd-ad80499705ba.jpg
2025-11-13 00:26:25 [http-nio-8088-exec-6] DEBUG o.s.security.web.FilterChainProxy - Securing GET /api/v1/files/76508bcc-516c-4520-b640-75df6df6a0ca.jpg
2025-11-13 00:26:25 [http-nio-8088-exec-6] DEBUG o.s.s.w.a.AnonymousAuthenticationFilter - Set SecurityContextHolder to anonymous SecurityContext
2025-11-13 00:26:25 [http-nio-8088-exec-6] DEBUG o.s.security.web.FilterChainProxy - Secured GET /api/v1/files/76508bcc-516c-4520-b640-75df6df6a0ca.jpg
2025-11-13 00:26:25 [http-nio-8088-exec-7] DEBUG o.s.security.web.FilterChainProxy - Securing GET /api/v1/files/a7ad5fc9-6e6e-4d2d-bf7f-0925fb9237ec.jpg
2025-11-13 00:26:25 [http-nio-8088-exec-7] DEBUG o.s.s.w.a.AnonymousAuthenticationFilter - Set SecurityContextHolder to anonymous SecurityContext
2025-11-13 00:26:25 [http-nio-8088-exec-7] DEBUG o.s.security.web.FilterChainProxy - Secured GET /api/v1/files/a7ad5fc9-6e6e-4d2d-bf7f-0925fb9237ec.jpg
2025-11-13 00:26:25 [http-nio-8088-exec-7] DEBUG c.g.c.controller.FileController - Downloading file: a7ad5fc9-6e6e-4d2d-bf7f-0925fb9237ec.jpg
2025-11-13 00:26:25 [http-nio-8088-exec-8] DEBUG o.s.security.web.FilterChainProxy - Securing GET /api/v1/files/3be6958d-8594-4f88-bf4a-caed30cc8686.jpg
2025-11-13 00:26:25 [http-nio-8088-exec-8] DEBUG o.s.s.w.a.AnonymousAuthenticationFilter - Set SecurityContextHolder to anonymous SecurityContext
2025-11-13 00:26:25 [http-nio-8088-exec-8] DEBUG o.s.security.web.FilterChainProxy - Secured GET /api/v1/files/3be6958d-8594-4f88-bf4a-caed30cc8686.jpg
2025-11-13 00:26:25 [http-nio-8088-exec-8] DEBUG c.g.c.controller.FileController - Downloading file: 3be6958d-8594-4f88-bf4a-caed30cc8686.jpg
2025-11-13 00:26:25 [http-nio-8088-exec-3] DEBUG o.s.security.web.FilterChainProxy - Securing GET /api/v1/files/dc7eea7e-d955-4e82-947f-8f3a275d09c8.jpg
2025-11-13 00:26:25 [http-nio-8088-exec-3] DEBUG o.s.s.w.a.AnonymousAuthenticationFilter - Set SecurityContextHolder to anonymous SecurityContext
2025-11-13 00:26:25 [http-nio-8088-exec-3] DEBUG o.s.security.web.FilterChainProxy - Secured GET /api/v1/files/dc7eea7e-d955-4e82-947f-8f3a275d09c8.jpg
2025-11-13 00:26:25 [http-nio-8088-exec-3] DEBUG c.g.c.controller.FileController - Downloading file: dc7eea7e-d955-4e82-947f-8f3a275d09c8.jpg
2025-11-13 00:26:25 [http-nio-8088-exec-6] DEBUG c.g.c.controller.FileController - Downloading file: 76508bcc-516c-4520-b640-75df6df6a0ca.jpg
2025-11-13 00:26:25 [http-nio-8088-exec-5] DEBUG org.hibernate.SQL - 
    select
        r1_0.user_id,
        r1_1.id,
        r1_1.name 
    from
        user_roles r1_0 
    join
        roles r1_1 
            on r1_1.id=r1_0.role_id 
    where
        r1_0.user_id=?
2025-11-13 00:26:25 [http-nio-8088-exec-10] DEBUG o.s.security.web.FilterChainProxy - Securing GET /api/v1/files/257f1822-ec96-40c8-850e-a304cffa37fd.jpg
2025-11-13 00:26:25 [http-nio-8088-exec-10] DEBUG o.s.s.w.a.AnonymousAuthenticationFilter - Set SecurityContextHolder to anonymous SecurityContext
2025-11-13 00:26:25 [http-nio-8088-exec-1] DEBUG o.s.security.web.FilterChainProxy - Securing GET /api/v1/files/4b9dcaa8-0825-4ee8-badc-86529e305d2a.jpg
2025-11-13 00:26:25 [http-nio-8088-exec-10] DEBUG o.s.security.web.FilterChainProxy - Secured GET /api/v1/files/257f1822-ec96-40c8-850e-a304cffa37fd.jpg
2025-11-13 00:26:25 [http-nio-8088-exec-1] DEBUG o.s.s.w.a.AnonymousAuthenticationFilter - Set SecurityContextHolder to anonymous SecurityContext
2025-11-13 00:26:25 [http-nio-8088-exec-1] DEBUG o.s.security.web.FilterChainProxy - Secured GET /api/v1/files/4b9dcaa8-0825-4ee8-badc-86529e305d2a.jpg
2025-11-13 00:26:25 [http-nio-8088-exec-1] DEBUG c.g.c.controller.FileController - Downloading file: 4b9dcaa8-0825-4ee8-badc-86529e305d2a.jpg
2025-11-13 00:26:25 [http-nio-8088-exec-10] DEBUG c.g.c.controller.FileController - Downloading file: 257f1822-ec96-40c8-850e-a304cffa37fd.jpg
2025-11-13 00:26:25 [http-nio-8088-exec-5] DEBUG o.s.security.web.FilterChainProxy - Secured GET /api/v1/categories
2025-11-13 00:26:25 [http-nio-8088-exec-5] DEBUG o.s.s.a.m.AuthorizationManagerBeforeMethodInterceptor - Authorizing method invocation ReflectiveMethodInvocation: public org.springframework.http.ResponseEntity com.giapho.coffee_shop_backend.controller.CategoryController.getAllCategories(); target is of class [com.giapho.coffee_shop_backend.controller.CategoryController]
2025-11-13 00:26:25 [http-nio-8088-exec-5] DEBUG o.s.s.a.m.AuthorizationManagerBeforeMethodInterceptor - Authorized method invocation ReflectiveMethodInvocation: public org.springframework.http.ResponseEntity com.giapho.coffee_shop_backend.controller.CategoryController.getAllCategories(); target is of class [com.giapho.coffee_shop_backend.controller.CategoryController]
2025-11-13 00:26:25 [http-nio-8088-exec-5] DEBUG org.hibernate.SQL - 
    select
        c1_0.id,
        c1_0.description,
        c1_0.name 
    from
        categories c1_0
2025-11-13 00:26:29 [http-nio-8088-exec-2] DEBUG o.s.security.web.FilterChainProxy - Securing GET /api/v1/products?page=0&size=1000
2025-11-13 00:26:29 [http-nio-8088-exec-4] DEBUG o.s.security.web.FilterChainProxy - Securing GET /api/v1/customers?page=0&size=1000
2025-11-13 00:26:29 [http-nio-8088-exec-9] DEBUG o.s.security.web.FilterChainProxy - Securing GET /api/v1/tables
2025-11-13 00:26:29 [http-nio-8088-exec-4] DEBUG org.hibernate.SQL - 
    select
        u1_0.id,
        u1_0.created_at,
        u1_0.email,
        u1_0.full_name,
        u1_0.password,
        u1_0.phone,
        u1_0.status,
        u1_0.updated_at,
        u1_0.username 
    from
        users u1_0 
    where
        u1_0.username=?
2025-11-13 00:26:29 [http-nio-8088-exec-2] DEBUG org.hibernate.SQL - 
    select
        u1_0.id,
        u1_0.created_at,
        u1_0.email,
        u1_0.full_name,
        u1_0.password,
        u1_0.phone,
        u1_0.status,
        u1_0.updated_at,
        u1_0.username 
    from
        users u1_0 
    where
        u1_0.username=?
2025-11-13 00:26:29 [http-nio-8088-exec-9] DEBUG org.hibernate.SQL - 
    select
        u1_0.id,
        u1_0.created_at,
        u1_0.email,
        u1_0.full_name,
        u1_0.password,
        u1_0.phone,
        u1_0.status,
        u1_0.updated_at,
        u1_0.username 
    from
        users u1_0 
    where
        u1_0.username=?
2025-11-13 00:26:29 [http-nio-8088-exec-4] DEBUG org.hibernate.SQL - 
    select
        r1_0.user_id,
        r1_1.id,
        r1_1.name 
    from
        user_roles r1_0 
    join
        roles r1_1 
            on r1_1.id=r1_0.role_id 
    where
        r1_0.user_id=?
2025-11-13 00:26:29 [http-nio-8088-exec-2] DEBUG org.hibernate.SQL - 
    select
        r1_0.user_id,
        r1_1.id,
        r1_1.name 
    from
        user_roles r1_0 
    join
        roles r1_1 
            on r1_1.id=r1_0.role_id 
    where
        r1_0.user_id=?
2025-11-13 00:26:29 [http-nio-8088-exec-9] DEBUG org.hibernate.SQL - 
    select
        r1_0.user_id,
        r1_1.id,
        r1_1.name 
    from
        user_roles r1_0 
    join
        roles r1_1 
            on r1_1.id=r1_0.role_id 
    where
        r1_0.user_id=?
2025-11-13 00:26:29 [http-nio-8088-exec-4] DEBUG o.s.security.web.FilterChainProxy - Secured GET /api/v1/customers?page=0&size=1000
2025-11-13 00:26:29 [http-nio-8088-exec-2] DEBUG o.s.security.web.FilterChainProxy - Secured GET /api/v1/products?page=0&size=1000
2025-11-13 00:26:29 [http-nio-8088-exec-4] DEBUG o.s.s.a.m.AuthorizationManagerBeforeMethodInterceptor - Authorizing method invocation ReflectiveMethodInvocation: public org.springframework.http.ResponseEntity com.giapho.coffee_shop_backend.controller.CustomerController.searchCustomers(java.lang.String,org.springframework.data.domain.Pageable); target is of class [com.giapho.coffee_shop_backend.controller.CustomerController]
2025-11-13 00:26:29 [http-nio-8088-exec-4] DEBUG o.s.s.a.m.AuthorizationManagerBeforeMethodInterceptor - Authorized method invocation ReflectiveMethodInvocation: public org.springframework.http.ResponseEntity com.giapho.coffee_shop_backend.controller.CustomerController.searchCustomers(java.lang.String,org.springframework.data.domain.Pageable); target is of class [com.giapho.coffee_shop_backend.controller.CustomerController]
2025-11-13 00:26:29 [http-nio-8088-exec-2] DEBUG o.s.s.a.m.AuthorizationManagerBeforeMethodInterceptor - Authorizing method invocation ReflectiveMethodInvocation: public org.springframework.http.ResponseEntity com.giapho.coffee_shop_backend.controller.ProductController.getAllProducts(java.lang.String,java.lang.Long,org.springframework.data.domain.Pageable); target is of class [com.giapho.coffee_shop_backend.controller.ProductController]
2025-11-13 00:26:29 [http-nio-8088-exec-2] DEBUG o.s.s.a.m.AuthorizationManagerBeforeMethodInterceptor - Authorized method invocation ReflectiveMethodInvocation: public org.springframework.http.ResponseEntity com.giapho.coffee_shop_backend.controller.ProductController.getAllProducts(java.lang.String,java.lang.Long,org.springframework.data.domain.Pageable); target is of class [com.giapho.coffee_shop_backend.controller.ProductController]
2025-11-13 00:26:29 [http-nio-8088-exec-9] DEBUG o.s.security.web.FilterChainProxy - Secured GET /api/v1/tables
2025-11-13 00:26:29 [http-nio-8088-exec-4] DEBUG org.hibernate.SQL - 
    select
        c1_0.id,
        c1_0.created_at,
        c1_0.email,
        c1_0.full_name,
        c1_0.loyalty_points,
        c1_0.phone,
        c1_0.updated_at 
    from
        customers c1_0 
    order by
        c1_0.full_name 
    limit
        ?, ?
2025-11-13 00:26:29 [http-nio-8088-exec-9] DEBUG o.s.s.a.m.AuthorizationManagerBeforeMethodInterceptor - Authorizing method invocation ReflectiveMethodInvocation: public org.springframework.http.ResponseEntity com.giapho.coffee_shop_backend.controller.CafeTableController.getAllTables(); target is of class [com.giapho.coffee_shop_backend.controller.CafeTableController]
2025-11-13 00:26:29 [http-nio-8088-exec-9] DEBUG o.s.s.a.m.AuthorizationManagerBeforeMethodInterceptor - Authorized method invocation ReflectiveMethodInvocation: public org.springframework.http.ResponseEntity com.giapho.coffee_shop_backend.controller.CafeTableController.getAllTables(); target is of class [com.giapho.coffee_shop_backend.controller.CafeTableController]
2025-11-13 00:26:29 [http-nio-8088-exec-2] DEBUG org.hibernate.SQL - 
    select
        p1_0.id,
        p1_0.category_id,
        c1_0.id,
        c1_0.description,
        c1_0.name,
        p1_0.code,
        p1_0.cost,
        p1_0.created_at,
        p1_0.description,
        p1_0.image_url,
        p1_0.is_available,
        p1_0.name,
        p1_0.price,
        p1_0.updated_at 
    from
        products p1_0 
    join
        categories c1_0 
            on c1_0.id=p1_0.category_id 
    limit
        ?, ?
2025-11-13 00:26:29 [http-nio-8088-exec-9] DEBUG org.hibernate.SQL - 
    select
        ct1_0.id,
        ct1_0.capacity,
        ct1_0.name,
        ct1_0.status 
    from
        tables ct1_0
2025-11-13 00:26:29 [http-nio-8088-exec-7] DEBUG o.s.security.web.FilterChainProxy - Securing GET /api/v1/files/56de7c12-082e-4eb3-b6cb-d84d8cc38775.jpg
2025-11-13 00:26:29 [http-nio-8088-exec-1] DEBUG o.s.security.web.FilterChainProxy - Securing GET /api/v1/files/e267ade1-780a-4a34-adf1-ecb1b2948e21.jpg
2025-11-13 00:26:29 [http-nio-8088-exec-1] DEBUG o.s.s.w.a.AnonymousAuthenticationFilter - Set SecurityContextHolder to anonymous SecurityContext
2025-11-13 00:26:29 [http-nio-8088-exec-8] DEBUG o.s.security.web.FilterChainProxy - Securing GET /api/v1/files/82b4818b-f0d2-4206-bfa5-298f7111d20c.jpg
2025-11-13 00:26:29 [http-nio-8088-exec-3] DEBUG o.s.security.web.FilterChainProxy - Securing GET /api/v1/files/b0fcea8f-74ab-4ff1-bd62-6557e0ccb1f2.jpg
2025-11-13 00:26:29 [http-nio-8088-exec-1] DEBUG o.s.security.web.FilterChainProxy - Secured GET /api/v1/files/e267ade1-780a-4a34-adf1-ecb1b2948e21.jpg
2025-11-13 00:26:29 [http-nio-8088-exec-7] DEBUG o.s.s.w.a.AnonymousAuthenticationFilter - Set SecurityContextHolder to anonymous SecurityContext
2025-11-13 00:26:29 [http-nio-8088-exec-3] DEBUG o.s.s.w.a.AnonymousAuthenticationFilter - Set SecurityContextHolder to anonymous SecurityContext
2025-11-13 00:26:29 [http-nio-8088-exec-8] DEBUG o.s.s.w.a.AnonymousAuthenticationFilter - Set SecurityContextHolder to anonymous SecurityContext
2025-11-13 00:26:29 [http-nio-8088-exec-7] DEBUG o.s.security.web.FilterChainProxy - Secured GET /api/v1/files/56de7c12-082e-4eb3-b6cb-d84d8cc38775.jpg
2025-11-13 00:26:29 [http-nio-8088-exec-8] DEBUG o.s.security.web.FilterChainProxy - Secured GET /api/v1/files/82b4818b-f0d2-4206-bfa5-298f7111d20c.jpg
2025-11-13 00:26:29 [http-nio-8088-exec-1] DEBUG c.g.c.controller.FileController - Downloading file: e267ade1-780a-4a34-adf1-ecb1b2948e21.jpg
2025-11-13 00:26:29 [http-nio-8088-exec-7] DEBUG c.g.c.controller.FileController - Downloading file: 56de7c12-082e-4eb3-b6cb-d84d8cc38775.jpg
2025-11-13 00:26:29 [http-nio-8088-exec-3] DEBUG o.s.security.web.FilterChainProxy - Secured GET /api/v1/files/b0fcea8f-74ab-4ff1-bd62-6557e0ccb1f2.jpg
2025-11-13 00:26:29 [http-nio-8088-exec-8] DEBUG c.g.c.controller.FileController - Downloading file: 82b4818b-f0d2-4206-bfa5-298f7111d20c.jpg
2025-11-13 00:26:29 [http-nio-8088-exec-3] DEBUG c.g.c.controller.FileController - Downloading file: b0fcea8f-74ab-4ff1-bd62-6557e0ccb1f2.jpg
2025-11-13 00:26:29 [http-nio-8088-exec-6] DEBUG o.s.security.web.FilterChainProxy - Securing GET /api/v1/files/80cf5e3d-5d4c-4d1b-9e7d-0a0b8bfa00eb.jpg
2025-11-13 00:26:29 [http-nio-8088-exec-6] DEBUG o.s.s.w.a.AnonymousAuthenticationFilter - Set SecurityContextHolder to anonymous SecurityContext
2025-11-13 00:26:29 [http-nio-8088-exec-6] DEBUG o.s.security.web.FilterChainProxy - Secured GET /api/v1/files/80cf5e3d-5d4c-4d1b-9e7d-0a0b8bfa00eb.jpg
2025-11-13 00:26:29 [http-nio-8088-exec-6] DEBUG c.g.c.controller.FileController - Downloading file: 80cf5e3d-5d4c-4d1b-9e7d-0a0b8bfa00eb.jpg
2025-11-13 00:26:29 [http-nio-8088-exec-10] DEBUG o.s.security.web.FilterChainProxy - Securing GET /api/v1/categories
2025-11-13 00:26:29 [http-nio-8088-exec-5] DEBUG o.s.security.web.FilterChainProxy - Securing GET /api/v1/files/a10447e0-1a57-4b12-837d-218f6d3a6706.jpg
2025-11-13 00:26:29 [http-nio-8088-exec-5] DEBUG o.s.s.w.a.AnonymousAuthenticationFilter - Set SecurityContextHolder to anonymous SecurityContext
2025-11-13 00:26:29 [http-nio-8088-exec-5] DEBUG o.s.security.web.FilterChainProxy - Secured GET /api/v1/files/a10447e0-1a57-4b12-837d-218f6d3a6706.jpg
2025-11-13 00:26:29 [http-nio-8088-exec-5] DEBUG c.g.c.controller.FileController - Downloading file: a10447e0-1a57-4b12-837d-218f6d3a6706.jpg
2025-11-13 00:26:29 [http-nio-8088-exec-7] DEBUG o.s.security.web.FilterChainProxy - Securing GET /api/v1/files/358e5aef-6b26-4cb1-a997-97ac999d9dc1.jpg
2025-11-13 00:26:29 [http-nio-8088-exec-9] DEBUG o.s.security.web.FilterChainProxy - Securing GET /api/v1/files/587ac1e2-1a65-4144-bbb7-faff4eac57bd.jpg
2025-11-13 00:26:29 [http-nio-8088-exec-9] DEBUG o.s.s.w.a.AnonymousAuthenticationFilter - Set SecurityContextHolder to anonymous SecurityContext
2025-11-13 00:26:29 [http-nio-8088-exec-9] DEBUG o.s.security.web.FilterChainProxy - Secured GET /api/v1/files/587ac1e2-1a65-4144-bbb7-faff4eac57bd.jpg
2025-11-13 00:26:29 [http-nio-8088-exec-7] DEBUG o.s.s.w.a.AnonymousAuthenticationFilter - Set SecurityContextHolder to anonymous SecurityContext
2025-11-13 00:26:29 [http-nio-8088-exec-7] DEBUG o.s.security.web.FilterChainProxy - Secured GET /api/v1/files/358e5aef-6b26-4cb1-a997-97ac999d9dc1.jpg
2025-11-13 00:26:29 [http-nio-8088-exec-9] DEBUG c.g.c.controller.FileController - Downloading file: 587ac1e2-1a65-4144-bbb7-faff4eac57bd.jpg
2025-11-13 00:26:29 [http-nio-8088-exec-7] DEBUG c.g.c.controller.FileController - Downloading file: 358e5aef-6b26-4cb1-a997-97ac999d9dc1.jpg
2025-11-13 00:26:29 [http-nio-8088-exec-2] DEBUG o.s.security.web.FilterChainProxy - Securing GET /api/v1/files/399710fc-be76-468d-be99-161396dbd4a4.jpg
2025-11-13 00:26:29 [http-nio-8088-exec-2] DEBUG o.s.s.w.a.AnonymousAuthenticationFilter - Set SecurityContextHolder to anonymous SecurityContext
2025-11-13 00:26:29 [http-nio-8088-exec-2] DEBUG o.s.security.web.FilterChainProxy - Secured GET /api/v1/files/399710fc-be76-468d-be99-161396dbd4a4.jpg
2025-11-13 00:26:29 [http-nio-8088-exec-4] DEBUG o.s.security.web.FilterChainProxy - Securing GET /api/v1/files/5f0d97d1-f3b4-431e-99dd-ad80499705ba.jpg
2025-11-13 00:26:29 [http-nio-8088-exec-2] DEBUG c.g.c.controller.FileController - Downloading file: 399710fc-be76-468d-be99-161396dbd4a4.jpg
2025-11-13 00:26:29 [http-nio-8088-exec-3] DEBUG o.s.security.web.FilterChainProxy - Securing GET /api/v1/files/01377e1e-70ed-48ba-bd4a-6379aeff4856.jpg
2025-11-13 00:26:29 [http-nio-8088-exec-3] DEBUG o.s.s.w.a.AnonymousAuthenticationFilter - Set SecurityContextHolder to anonymous SecurityContext
2025-11-13 00:26:29 [http-nio-8088-exec-3] DEBUG o.s.security.web.FilterChainProxy - Secured GET /api/v1/files/01377e1e-70ed-48ba-bd4a-6379aeff4856.jpg
2025-11-13 00:26:29 [http-nio-8088-exec-4] DEBUG o.s.s.w.a.AnonymousAuthenticationFilter - Set SecurityContextHolder to anonymous SecurityContext
2025-11-13 00:26:29 [http-nio-8088-exec-4] DEBUG o.s.security.web.FilterChainProxy - Secured GET /api/v1/files/5f0d97d1-f3b4-431e-99dd-ad80499705ba.jpg
2025-11-13 00:26:29 [http-nio-8088-exec-3] DEBUG c.g.c.controller.FileController - Downloading file: 01377e1e-70ed-48ba-bd4a-6379aeff4856.jpg
2025-11-13 00:26:29 [http-nio-8088-exec-4] DEBUG c.g.c.controller.FileController - Downloading file: 5f0d97d1-f3b4-431e-99dd-ad80499705ba.jpg
2025-11-13 00:26:29 [http-nio-8088-exec-8] DEBUG o.s.security.web.FilterChainProxy - Securing GET /api/v1/files/fc284af6-76c3-40fc-b6ab-245bf05af010.jpg
2025-11-13 00:26:29 [http-nio-8088-exec-8] DEBUG o.s.s.w.a.AnonymousAuthenticationFilter - Set SecurityContextHolder to anonymous SecurityContext
2025-11-13 00:26:29 [http-nio-8088-exec-8] DEBUG o.s.security.web.FilterChainProxy - Secured GET /api/v1/files/fc284af6-76c3-40fc-b6ab-245bf05af010.jpg
2025-11-13 00:26:29 [http-nio-8088-exec-10] DEBUG org.hibernate.SQL - 
    select
        u1_0.id,
        u1_0.created_at,
        u1_0.email,
        u1_0.full_name,
        u1_0.password,
        u1_0.phone,
        u1_0.status,
        u1_0.updated_at,
        u1_0.username 
    from
        users u1_0 
    where
        u1_0.username=?
2025-11-13 00:26:29 [http-nio-8088-exec-8] DEBUG c.g.c.controller.FileController - Downloading file: fc284af6-76c3-40fc-b6ab-245bf05af010.jpg
2025-11-13 00:26:29 [http-nio-8088-exec-9] DEBUG o.s.security.web.FilterChainProxy - Securing GET /api/v1/files/76508bcc-516c-4520-b640-75df6df6a0ca.jpg
2025-11-13 00:26:29 [http-nio-8088-exec-4] DEBUG o.s.security.web.FilterChainProxy - Securing GET /api/v1/files/a7ad5fc9-6e6e-4d2d-bf7f-0925fb9237ec.jpg
2025-11-13 00:26:29 [http-nio-8088-exec-4] DEBUG o.s.s.w.a.AnonymousAuthenticationFilter - Set SecurityContextHolder to anonymous SecurityContext
2025-11-13 00:26:29 [http-nio-8088-exec-4] DEBUG o.s.security.web.FilterChainProxy - Secured GET /api/v1/files/a7ad5fc9-6e6e-4d2d-bf7f-0925fb9237ec.jpg
2025-11-13 00:26:29 [http-nio-8088-exec-9] DEBUG o.s.s.w.a.AnonymousAuthenticationFilter - Set SecurityContextHolder to anonymous SecurityContext
2025-11-13 00:26:29 [http-nio-8088-exec-9] DEBUG o.s.security.web.FilterChainProxy - Secured GET /api/v1/files/76508bcc-516c-4520-b640-75df6df6a0ca.jpg
2025-11-13 00:26:29 [http-nio-8088-exec-9] DEBUG c.g.c.controller.FileController - Downloading file: 76508bcc-516c-4520-b640-75df6df6a0ca.jpg
2025-11-13 00:26:29 [http-nio-8088-exec-4] DEBUG c.g.c.controller.FileController - Downloading file: a7ad5fc9-6e6e-4d2d-bf7f-0925fb9237ec.jpg
2025-11-13 00:26:29 [http-nio-8088-exec-8] DEBUG o.s.security.web.FilterChainProxy - Securing GET /api/v1/files/dc7eea7e-d955-4e82-947f-8f3a275d09c8.jpg
2025-11-13 00:26:29 [http-nio-8088-exec-8] DEBUG o.s.s.w.a.AnonymousAuthenticationFilter - Set SecurityContextHolder to anonymous SecurityContext
2025-11-13 00:26:29 [http-nio-8088-exec-8] DEBUG o.s.security.web.FilterChainProxy - Secured GET /api/v1/files/dc7eea7e-d955-4e82-947f-8f3a275d09c8.jpg
2025-11-13 00:26:29 [http-nio-8088-exec-8] DEBUG c.g.c.controller.FileController - Downloading file: dc7eea7e-d955-4e82-947f-8f3a275d09c8.jpg
2025-11-13 00:26:29 [http-nio-8088-exec-10] DEBUG org.hibernate.SQL - 
    select
        r1_0.user_id,
        r1_1.id,
        r1_1.name 
    from
        user_roles r1_0 
    join
        roles r1_1 
            on r1_1.id=r1_0.role_id 
    where
        r1_0.user_id=?
2025-11-13 00:26:29 [http-nio-8088-exec-2] DEBUG o.s.security.web.FilterChainProxy - Securing GET /api/v1/files/4b9dcaa8-0825-4ee8-badc-86529e305d2a.jpg
2025-11-13 00:26:29 [http-nio-8088-exec-2] DEBUG o.s.s.w.a.AnonymousAuthenticationFilter - Set SecurityContextHolder to anonymous SecurityContext
2025-11-13 00:26:29 [http-nio-8088-exec-2] DEBUG o.s.security.web.FilterChainProxy - Secured GET /api/v1/files/4b9dcaa8-0825-4ee8-badc-86529e305d2a.jpg
2025-11-13 00:26:29 [http-nio-8088-exec-2] DEBUG c.g.c.controller.FileController - Downloading file: 4b9dcaa8-0825-4ee8-badc-86529e305d2a.jpg
2025-11-13 00:26:29 [http-nio-8088-exec-5] DEBUG o.s.security.web.FilterChainProxy - Securing GET /api/v1/files/3be6958d-8594-4f88-bf4a-caed30cc8686.jpg
2025-11-13 00:26:29 [http-nio-8088-exec-5] DEBUG o.s.s.w.a.AnonymousAuthenticationFilter - Set SecurityContextHolder to anonymous SecurityContext
2025-11-13 00:26:29 [http-nio-8088-exec-5] DEBUG o.s.security.web.FilterChainProxy - Secured GET /api/v1/files/3be6958d-8594-4f88-bf4a-caed30cc8686.jpg
2025-11-13 00:26:29 [http-nio-8088-exec-5] DEBUG c.g.c.controller.FileController - Downloading file: 3be6958d-8594-4f88-bf4a-caed30cc8686.jpg
2025-11-13 00:26:29 [http-nio-8088-exec-4] DEBUG o.s.security.web.FilterChainProxy - Securing GET /api/v1/files/257f1822-ec96-40c8-850e-a304cffa37fd.jpg
2025-11-13 00:26:29 [http-nio-8088-exec-4] DEBUG o.s.s.w.a.AnonymousAuthenticationFilter - Set SecurityContextHolder to anonymous SecurityContext
2025-11-13 00:26:29 [http-nio-8088-exec-4] DEBUG o.s.security.web.FilterChainProxy - Secured GET /api/v1/files/257f1822-ec96-40c8-850e-a304cffa37fd.jpg
2025-11-13 00:26:29 [http-nio-8088-exec-4] DEBUG c.g.c.controller.FileController - Downloading file: 257f1822-ec96-40c8-850e-a304cffa37fd.jpg
2025-11-13 00:26:29 [http-nio-8088-exec-10] DEBUG o.s.security.web.FilterChainProxy - Secured GET /api/v1/categories
2025-11-13 00:26:29 [http-nio-8088-exec-10] DEBUG o.s.s.a.m.AuthorizationManagerBeforeMethodInterceptor - Authorizing method invocation ReflectiveMethodInvocation: public org.springframework.http.ResponseEntity com.giapho.coffee_shop_backend.controller.CategoryController.getAllCategories(); target is of class [com.giapho.coffee_shop_backend.controller.CategoryController]
2025-11-13 00:26:29 [http-nio-8088-exec-10] DEBUG o.s.s.a.m.AuthorizationManagerBeforeMethodInterceptor - Authorized method invocation ReflectiveMethodInvocation: public org.springframework.http.ResponseEntity com.giapho.coffee_shop_backend.controller.CategoryController.getAllCategories(); target is of class [com.giapho.coffee_shop_backend.controller.CategoryController]
2025-11-13 00:26:29 [http-nio-8088-exec-10] DEBUG org.hibernate.SQL - 
    select
        c1_0.id,
        c1_0.description,
        c1_0.name 
    from
        categories c1_0
2025-11-13 00:26:41 [http-nio-8088-exec-3] DEBUG o.s.security.web.FilterChainProxy - Securing POST /api/v1/auth/login
2025-11-13 00:26:41 [http-nio-8088-exec-3] DEBUG o.s.s.w.a.AnonymousAuthenticationFilter - Set SecurityContextHolder to anonymous SecurityContext
2025-11-13 00:26:41 [http-nio-8088-exec-3] DEBUG o.s.security.web.FilterChainProxy - Secured POST /api/v1/auth/login
2025-11-13 00:26:41 [http-nio-8088-exec-3] DEBUG org.hibernate.SQL - 
    select
        u1_0.id,
        u1_0.created_at,
        u1_0.email,
        u1_0.full_name,
        u1_0.password,
        u1_0.phone,
        u1_0.status,
        u1_0.updated_at,
        u1_0.username 
    from
        users u1_0 
    where
        u1_0.username=?
2025-11-13 00:26:41 [http-nio-8088-exec-3] DEBUG o.s.s.a.d.DaoAuthenticationProvider - Failed to find user 'phung'
2025-11-13 00:26:41 [http-nio-8088-exec-3] DEBUG o.s.s.authentication.ProviderManager - Authentication failed with provider DaoAuthenticationProvider since Bad credentials
2025-11-13 00:26:41 [http-nio-8088-exec-3] DEBUG org.hibernate.SQL - 
    select
        u1_0.id,
        u1_0.created_at,
        u1_0.email,
        u1_0.full_name,
        u1_0.password,
        u1_0.phone,
        u1_0.status,
        u1_0.updated_at,
        u1_0.username 
    from
        users u1_0 
    where
        u1_0.username=?
2025-11-13 00:26:41 [http-nio-8088-exec-3] DEBUG org.hibernate.SQL - 
    insert 
    into
        login_history
        (ip_address, login_at, message, success, user_id, user_agent, username) 
    values
        (?, ?, ?, ?, ?, ?, ?)
2025-11-13 00:26:41 [http-nio-8088-exec-3] WARN  c.g.c.e.GlobalExceptionHandler - Entity not found: Invalid username or password - Path: /api/v1/auth/login
2025-11-13 00:26:45 [http-nio-8088-exec-1] DEBUG o.s.security.web.FilterChainProxy - Securing POST /api/v1/auth/login
2025-11-13 00:26:45 [http-nio-8088-exec-1] DEBUG o.s.s.w.a.AnonymousAuthenticationFilter - Set SecurityContextHolder to anonymous SecurityContext
2025-11-13 00:26:45 [http-nio-8088-exec-1] DEBUG o.s.security.web.FilterChainProxy - Secured POST /api/v1/auth/login
2025-11-13 00:26:45 [http-nio-8088-exec-1] DEBUG org.hibernate.SQL - 
    select
        u1_0.id,
        u1_0.created_at,
        u1_0.email,
        u1_0.full_name,
        u1_0.password,
        u1_0.phone,
        u1_0.status,
        u1_0.updated_at,
        u1_0.username 
    from
        users u1_0 
    where
        u1_0.username=?
2025-11-13 00:26:46 [http-nio-8088-exec-1] DEBUG o.s.s.a.d.DaoAuthenticationProvider - Failed to find user 'phung'
2025-11-13 00:26:46 [http-nio-8088-exec-1] DEBUG o.s.s.authentication.ProviderManager - Authentication failed with provider DaoAuthenticationProvider since Bad credentials
2025-11-13 00:26:46 [http-nio-8088-exec-1] DEBUG org.hibernate.SQL - 
    select
        u1_0.id,
        u1_0.created_at,
        u1_0.email,
        u1_0.full_name,
        u1_0.password,
        u1_0.phone,
        u1_0.status,
        u1_0.updated_at,
        u1_0.username 
    from
        users u1_0 
    where
        u1_0.username=?
2025-11-13 00:26:46 [http-nio-8088-exec-1] DEBUG org.hibernate.SQL - 
    insert 
    into
        login_history
        (ip_address, login_at, message, success, user_id, user_agent, username) 
    values
        (?, ?, ?, ?, ?, ?, ?)
2025-11-13 00:26:46 [http-nio-8088-exec-1] WARN  c.g.c.e.GlobalExceptionHandler - Entity not found: Invalid username or password - Path: /api/v1/auth/login
2025-11-13 00:27:02 [http-nio-8088-exec-7] DEBUG o.s.security.web.FilterChainProxy - Securing POST /api/v1/auth/login
2025-11-13 00:27:02 [http-nio-8088-exec-7] DEBUG o.s.s.w.a.AnonymousAuthenticationFilter - Set SecurityContextHolder to anonymous SecurityContext
2025-11-13 00:27:02 [http-nio-8088-exec-7] DEBUG o.s.security.web.FilterChainProxy - Secured POST /api/v1/auth/login
2025-11-13 00:27:02 [http-nio-8088-exec-7] WARN  c.g.c.e.GlobalExceptionHandler - Validation failed - Path: /api/v1/auth/login
2025-11-13 00:27:02 [http-nio-8088-exec-7] DEBUG c.g.c.e.GlobalExceptionHandler - Field validation error - password: Password is required
2025-11-13 00:27:02 [http-nio-8088-exec-7] DEBUG c.g.c.e.GlobalExceptionHandler - Field validation error - username: Username is required
2025-11-13 00:27:07 [http-nio-8088-exec-6] DEBUG o.s.security.web.FilterChainProxy - Securing POST /api/v1/auth/login
2025-11-13 00:27:07 [http-nio-8088-exec-6] DEBUG o.s.s.w.a.AnonymousAuthenticationFilter - Set SecurityContextHolder to anonymous SecurityContext
2025-11-13 00:27:07 [http-nio-8088-exec-6] DEBUG o.s.security.web.FilterChainProxy - Secured POST /api/v1/auth/login
2025-11-13 00:27:07 [http-nio-8088-exec-6] WARN  c.g.c.e.GlobalExceptionHandler - Validation failed - Path: /api/v1/auth/login
2025-11-13 00:27:07 [http-nio-8088-exec-6] DEBUG c.g.c.e.GlobalExceptionHandler - Field validation error - password: Password is required
2025-11-13 00:27:17 [http-nio-8088-exec-9] DEBUG o.s.security.web.FilterChainProxy - Securing POST /api/v1/auth/login
2025-11-13 00:27:17 [http-nio-8088-exec-9] DEBUG o.s.s.w.a.AnonymousAuthenticationFilter - Set SecurityContextHolder to anonymous SecurityContext
2025-11-13 00:27:17 [http-nio-8088-exec-9] DEBUG o.s.security.web.FilterChainProxy - Secured POST /api/v1/auth/login
2025-11-13 00:27:17 [http-nio-8088-exec-9] DEBUG org.hibernate.SQL - 
    select
        u1_0.id,
        u1_0.created_at,
        u1_0.email,
        u1_0.full_name,
        u1_0.password,
        u1_0.phone,
        u1_0.status,
        u1_0.updated_at,
        u1_0.username 
    from
        users u1_0 
    where
        u1_0.username=?
2025-11-13 00:27:17 [http-nio-8088-exec-9] DEBUG org.hibernate.SQL - 
    select
        r1_0.user_id,
        r1_1.id,
        r1_1.name 
    from
        user_roles r1_0 
    join
        roles r1_1 
            on r1_1.id=r1_0.role_id 
    where
        r1_0.user_id=?
2025-11-13 00:27:17 [http-nio-8088-exec-9] DEBUG o.s.s.a.d.DaoAuthenticationProvider - Authenticated user
2025-11-13 00:27:17 [http-nio-8088-exec-9] DEBUG org.hibernate.SQL - 
    select
        u1_0.id,
        u1_0.created_at,
        u1_0.email,
        u1_0.full_name,
        u1_0.password,
        u1_0.phone,
        u1_0.status,
        u1_0.updated_at,
        u1_0.username 
    from
        users u1_0 
    where
        u1_0.username=?
2025-11-13 00:27:17 [http-nio-8088-exec-9] DEBUG org.hibernate.SQL - 
    insert 
    into
        login_history
        (ip_address, login_at, message, success, user_id, user_agent, username) 
    values
        (?, ?, ?, ?, ?, ?, ?)
2025-11-13 00:27:17 [http-nio-8088-exec-2] DEBUG o.s.security.web.FilterChainProxy - Securing GET /api/v1/reports/profit?startDate=2025-10-14&endDate=2025-11-13
2025-11-13 00:27:17 [http-nio-8088-exec-2] DEBUG org.hibernate.SQL - 
    select
        u1_0.id,
        u1_0.created_at,
        u1_0.email,
        u1_0.full_name,
        u1_0.password,
        u1_0.phone,
        u1_0.status,
        u1_0.updated_at,
        u1_0.username 
    from
        users u1_0 
    where
        u1_0.username=?
2025-11-13 00:27:17 [http-nio-8088-exec-2] DEBUG org.hibernate.SQL - 
    select
        r1_0.user_id,
        r1_1.id,
        r1_1.name 
    from
        user_roles r1_0 
    join
        roles r1_1 
            on r1_1.id=r1_0.role_id 
    where
        r1_0.user_id=?
2025-11-13 00:27:17 [http-nio-8088-exec-2] DEBUG o.s.security.web.FilterChainProxy - Secured GET /api/v1/reports/profit?startDate=2025-10-14&endDate=2025-11-13
2025-11-13 00:27:17 [http-nio-8088-exec-2] DEBUG o.s.s.a.m.AuthorizationManagerBeforeMethodInterceptor - Authorizing method invocation ReflectiveMethodInvocation: public org.springframework.http.ResponseEntity com.giapho.coffee_shop_backend.controller.ReportController.getProfitReport(java.time.LocalDate,java.time.LocalDate); target is of class [com.giapho.coffee_shop_backend.controller.ReportController]
2025-11-13 00:27:17 [http-nio-8088-exec-2] DEBUG o.s.s.a.m.AuthorizationManagerBeforeMethodInterceptor - Failed to authorize ReflectiveMethodInvocation: public org.springframework.http.ResponseEntity com.giapho.coffee_shop_backend.controller.ReportController.getProfitReport(java.time.LocalDate,java.time.LocalDate); target is of class [com.giapho.coffee_shop_backend.controller.ReportController] with authorization manager org.springframework.security.authorization.method.PreAuthorizeAuthorizationManager@70d76581 and result ExpressionAuthorizationDecision [granted=false, expressionAttribute=hasAnyRole('MANAGER', 'ADMIN')]
2025-11-13 00:27:17 [http-nio-8088-exec-2] WARN  c.g.c.e.GlobalExceptionHandler - Access denied - Path: /api/v1/reports/profit - User: khanhphung
2025-11-13 00:27:17 [http-nio-8088-exec-8] DEBUG o.s.security.web.FilterChainProxy - Securing GET /api/v1/reports/revenue-by-date?startDate=2025-10-14&endDate=2025-11-13
2025-11-13 00:27:17 [http-nio-8088-exec-8] DEBUG org.hibernate.SQL - 
    select
        u1_0.id,
        u1_0.created_at,
        u1_0.email,
        u1_0.full_name,
        u1_0.password,
        u1_0.phone,
        u1_0.status,
        u1_0.updated_at,
        u1_0.username 
    from
        users u1_0 
    where
        u1_0.username=?
2025-11-13 00:27:17 [http-nio-8088-exec-8] DEBUG org.hibernate.SQL - 
    select
        r1_0.user_id,
        r1_1.id,
        r1_1.name 
    from
        user_roles r1_0 
    join
        roles r1_1 
            on r1_1.id=r1_0.role_id 
    where
        r1_0.user_id=?
2025-11-13 00:27:17 [http-nio-8088-exec-8] DEBUG o.s.security.web.FilterChainProxy - Secured GET /api/v1/reports/revenue-by-date?startDate=2025-10-14&endDate=2025-11-13
2025-11-13 00:27:17 [http-nio-8088-exec-8] DEBUG o.s.s.a.m.AuthorizationManagerBeforeMethodInterceptor - Authorizing method invocation ReflectiveMethodInvocation: public org.springframework.http.ResponseEntity com.giapho.coffee_shop_backend.controller.ReportController.getRevenueByDateRange(java.time.LocalDate,java.time.LocalDate); target is of class [com.giapho.coffee_shop_backend.controller.ReportController]
2025-11-13 00:27:17 [http-nio-8088-exec-8] DEBUG o.s.s.a.m.AuthorizationManagerBeforeMethodInterceptor - Failed to authorize ReflectiveMethodInvocation: public org.springframework.http.ResponseEntity com.giapho.coffee_shop_backend.controller.ReportController.getRevenueByDateRange(java.time.LocalDate,java.time.LocalDate); target is of class [com.giapho.coffee_shop_backend.controller.ReportController] with authorization manager org.springframework.security.authorization.method.PreAuthorizeAuthorizationManager@70d76581 and result ExpressionAuthorizationDecision [granted=false, expressionAttribute=hasAnyRole('MANAGER', 'ADMIN')]
2025-11-13 00:27:17 [http-nio-8088-exec-8] WARN  c.g.c.e.GlobalExceptionHandler - Access denied - Path: /api/v1/reports/revenue-by-date - User: khanhphung
2025-11-13 00:27:17 [http-nio-8088-exec-5] DEBUG o.s.security.web.FilterChainProxy - Securing GET /api/v1/reports/best-sellers?startDate=2025-10-14&endDate=2025-11-13&top=5&sortBy=revenue
2025-11-13 00:27:17 [http-nio-8088-exec-5] DEBUG org.hibernate.SQL - 
    select
        u1_0.id,
        u1_0.created_at,
        u1_0.email,
        u1_0.full_name,
        u1_0.password,
        u1_0.phone,
        u1_0.status,
        u1_0.updated_at,
        u1_0.username 
    from
        users u1_0 
    where
        u1_0.username=?
2025-11-13 00:27:17 [http-nio-8088-exec-5] DEBUG org.hibernate.SQL - 
    select
        r1_0.user_id,
        r1_1.id,
        r1_1.name 
    from
        user_roles r1_0 
    join
        roles r1_1 
            on r1_1.id=r1_0.role_id 
    where
        r1_0.user_id=?
2025-11-13 00:27:17 [http-nio-8088-exec-5] DEBUG o.s.security.web.FilterChainProxy - Secured GET /api/v1/reports/best-sellers?startDate=2025-10-14&endDate=2025-11-13&top=5&sortBy=revenue
2025-11-13 00:27:17 [http-nio-8088-exec-5] DEBUG o.s.s.a.m.AuthorizationManagerBeforeMethodInterceptor - Authorizing method invocation ReflectiveMethodInvocation: public org.springframework.http.ResponseEntity com.giapho.coffee_shop_backend.controller.ReportController.getBestSellers(java.time.LocalDate,java.time.LocalDate,int,java.lang.String); target is of class [com.giapho.coffee_shop_backend.controller.ReportController]
2025-11-13 00:27:17 [http-nio-8088-exec-5] DEBUG o.s.s.a.m.AuthorizationManagerBeforeMethodInterceptor - Failed to authorize ReflectiveMethodInvocation: public org.springframework.http.ResponseEntity com.giapho.coffee_shop_backend.controller.ReportController.getBestSellers(java.time.LocalDate,java.time.LocalDate,int,java.lang.String); target is of class [com.giapho.coffee_shop_backend.controller.ReportController] with authorization manager org.springframework.security.authorization.method.PreAuthorizeAuthorizationManager@70d76581 and result ExpressionAuthorizationDecision [granted=false, expressionAttribute=hasAnyRole('MANAGER', 'ADMIN')]
2025-11-13 00:27:17 [http-nio-8088-exec-5] WARN  c.g.c.e.GlobalExceptionHandler - Access denied - Path: /api/v1/reports/best-sellers - User: khanhphung
2025-11-13 00:27:19 [http-nio-8088-exec-4] DEBUG o.s.security.web.FilterChainProxy - Securing GET /api/v1/tables
2025-11-13 00:27:19 [http-nio-8088-exec-3] DEBUG o.s.security.web.FilterChainProxy - Securing GET /api/v1/customers?page=0&size=1000
2025-11-13 00:27:19 [http-nio-8088-exec-10] DEBUG o.s.security.web.FilterChainProxy - Securing GET /api/v1/products?page=0&size=1000
2025-11-13 00:27:19 [http-nio-8088-exec-10] DEBUG org.hibernate.SQL - 
    select
        u1_0.id,
        u1_0.created_at,
        u1_0.email,
        u1_0.full_name,
        u1_0.password,
        u1_0.phone,
        u1_0.status,
        u1_0.updated_at,
        u1_0.username 
    from
        users u1_0 
    where
        u1_0.username=?
2025-11-13 00:27:19 [http-nio-8088-exec-4] DEBUG org.hibernate.SQL - 
    select
        u1_0.id,
        u1_0.created_at,
        u1_0.email,
        u1_0.full_name,
        u1_0.password,
        u1_0.phone,
        u1_0.status,
        u1_0.updated_at,
        u1_0.username 
    from
        users u1_0 
    where
        u1_0.username=?
2025-11-13 00:27:19 [http-nio-8088-exec-3] DEBUG org.hibernate.SQL - 
    select
        u1_0.id,
        u1_0.created_at,
        u1_0.email,
        u1_0.full_name,
        u1_0.password,
        u1_0.phone,
        u1_0.status,
        u1_0.updated_at,
        u1_0.username 
    from
        users u1_0 
    where
        u1_0.username=?
2025-11-13 00:27:19 [http-nio-8088-exec-10] DEBUG org.hibernate.SQL - 
    select
        r1_0.user_id,
        r1_1.id,
        r1_1.name 
    from
        user_roles r1_0 
    join
        roles r1_1 
            on r1_1.id=r1_0.role_id 
    where
        r1_0.user_id=?
2025-11-13 00:27:19 [http-nio-8088-exec-4] DEBUG org.hibernate.SQL - 
    select
        r1_0.user_id,
        r1_1.id,
        r1_1.name 
    from
        user_roles r1_0 
    join
        roles r1_1 
            on r1_1.id=r1_0.role_id 
    where
        r1_0.user_id=?
2025-11-13 00:27:19 [http-nio-8088-exec-3] DEBUG org.hibernate.SQL - 
    select
        r1_0.user_id,
        r1_1.id,
        r1_1.name 
    from
        user_roles r1_0 
    join
        roles r1_1 
            on r1_1.id=r1_0.role_id 
    where
        r1_0.user_id=?
2025-11-13 00:27:19 [http-nio-8088-exec-10] DEBUG o.s.security.web.FilterChainProxy - Secured GET /api/v1/products?page=0&size=1000
2025-11-13 00:27:19 [http-nio-8088-exec-4] DEBUG o.s.security.web.FilterChainProxy - Secured GET /api/v1/tables
2025-11-13 00:27:19 [http-nio-8088-exec-4] DEBUG o.s.s.a.m.AuthorizationManagerBeforeMethodInterceptor - Authorizing method invocation ReflectiveMethodInvocation: public org.springframework.http.ResponseEntity com.giapho.coffee_shop_backend.controller.CafeTableController.getAllTables(); target is of class [com.giapho.coffee_shop_backend.controller.CafeTableController]
2025-11-13 00:27:19 [http-nio-8088-exec-4] DEBUG o.s.s.a.m.AuthorizationManagerBeforeMethodInterceptor - Authorized method invocation ReflectiveMethodInvocation: public org.springframework.http.ResponseEntity com.giapho.coffee_shop_backend.controller.CafeTableController.getAllTables(); target is of class [com.giapho.coffee_shop_backend.controller.CafeTableController]
2025-11-13 00:27:19 [http-nio-8088-exec-10] DEBUG o.s.s.a.m.AuthorizationManagerBeforeMethodInterceptor - Authorizing method invocation ReflectiveMethodInvocation: public org.springframework.http.ResponseEntity com.giapho.coffee_shop_backend.controller.ProductController.getAllProducts(java.lang.String,java.lang.Long,org.springframework.data.domain.Pageable); target is of class [com.giapho.coffee_shop_backend.controller.ProductController]
2025-11-13 00:27:19 [http-nio-8088-exec-10] DEBUG o.s.s.a.m.AuthorizationManagerBeforeMethodInterceptor - Authorized method invocation ReflectiveMethodInvocation: public org.springframework.http.ResponseEntity com.giapho.coffee_shop_backend.controller.ProductController.getAllProducts(java.lang.String,java.lang.Long,org.springframework.data.domain.Pageable); target is of class [com.giapho.coffee_shop_backend.controller.ProductController]
2025-11-13 00:27:19 [http-nio-8088-exec-3] DEBUG o.s.security.web.FilterChainProxy - Secured GET /api/v1/customers?page=0&size=1000
2025-11-13 00:27:19 [http-nio-8088-exec-3] DEBUG o.s.s.a.m.AuthorizationManagerBeforeMethodInterceptor - Authorizing method invocation ReflectiveMethodInvocation: public org.springframework.http.ResponseEntity com.giapho.coffee_shop_backend.controller.CustomerController.searchCustomers(java.lang.String,org.springframework.data.domain.Pageable); target is of class [com.giapho.coffee_shop_backend.controller.CustomerController]
2025-11-13 00:27:19 [http-nio-8088-exec-3] DEBUG o.s.s.a.m.AuthorizationManagerBeforeMethodInterceptor - Authorized method invocation ReflectiveMethodInvocation: public org.springframework.http.ResponseEntity com.giapho.coffee_shop_backend.controller.CustomerController.searchCustomers(java.lang.String,org.springframework.data.domain.Pageable); target is of class [com.giapho.coffee_shop_backend.controller.CustomerController]
2025-11-13 00:27:19 [http-nio-8088-exec-4] DEBUG org.hibernate.SQL - 
    select
        ct1_0.id,
        ct1_0.capacity,
        ct1_0.name,
        ct1_0.status 
    from
        tables ct1_0
2025-11-13 00:27:19 [http-nio-8088-exec-10] DEBUG org.hibernate.SQL - 
    select
        p1_0.id,
        p1_0.category_id,
        c1_0.id,
        c1_0.description,
        c1_0.name,
        p1_0.code,
        p1_0.cost,
        p1_0.created_at,
        p1_0.description,
        p1_0.image_url,
        p1_0.is_available,
        p1_0.name,
        p1_0.price,
        p1_0.updated_at 
    from
        products p1_0 
    join
        categories c1_0 
            on c1_0.id=p1_0.category_id 
    limit
        ?, ?
2025-11-13 00:27:19 [http-nio-8088-exec-3] DEBUG org.hibernate.SQL - 
    select
        c1_0.id,
        c1_0.created_at,
        c1_0.email,
        c1_0.full_name,
        c1_0.loyalty_points,
        c1_0.phone,
        c1_0.updated_at 
    from
        customers c1_0 
    order by
        c1_0.full_name 
    limit
        ?, ?
2025-11-13 00:27:19 [http-nio-8088-exec-1] DEBUG o.s.security.web.FilterChainProxy - Securing GET /api/v1/files/82b4818b-f0d2-4206-bfa5-298f7111d20c.jpg
2025-11-13 00:27:19 [http-nio-8088-exec-6] DEBUG o.s.security.web.FilterChainProxy - Securing GET /api/v1/files/b0fcea8f-74ab-4ff1-bd62-6557e0ccb1f2.jpg
2025-11-13 00:27:19 [http-nio-8088-exec-1] DEBUG o.s.s.w.a.AnonymousAuthenticationFilter - Set SecurityContextHolder to anonymous SecurityContext
2025-11-13 00:27:19 [http-nio-8088-exec-7] DEBUG o.s.security.web.FilterChainProxy - Securing GET /api/v1/files/56de7c12-082e-4eb3-b6cb-d84d8cc38775.jpg
2025-11-13 00:27:19 [http-nio-8088-exec-1] DEBUG o.s.security.web.FilterChainProxy - Secured GET /api/v1/files/82b4818b-f0d2-4206-bfa5-298f7111d20c.jpg
2025-11-13 00:27:19 [http-nio-8088-exec-7] DEBUG o.s.s.w.a.AnonymousAuthenticationFilter - Set SecurityContextHolder to anonymous SecurityContext
2025-11-13 00:27:19 [http-nio-8088-exec-7] DEBUG o.s.security.web.FilterChainProxy - Secured GET /api/v1/files/56de7c12-082e-4eb3-b6cb-d84d8cc38775.jpg
2025-11-13 00:27:19 [http-nio-8088-exec-6] DEBUG o.s.s.w.a.AnonymousAuthenticationFilter - Set SecurityContextHolder to anonymous SecurityContext
2025-11-13 00:27:19 [http-nio-8088-exec-6] DEBUG o.s.security.web.FilterChainProxy - Secured GET /api/v1/files/b0fcea8f-74ab-4ff1-bd62-6557e0ccb1f2.jpg
2025-11-13 00:27:19 [http-nio-8088-exec-6] DEBUG c.g.c.controller.FileController - Downloading file: b0fcea8f-74ab-4ff1-bd62-6557e0ccb1f2.jpg
2025-11-13 00:27:19 [http-nio-8088-exec-7] DEBUG c.g.c.controller.FileController - Downloading file: 56de7c12-082e-4eb3-b6cb-d84d8cc38775.jpg
2025-11-13 00:27:19 [http-nio-8088-exec-1] DEBUG c.g.c.controller.FileController - Downloading file: 82b4818b-f0d2-4206-bfa5-298f7111d20c.jpg
2025-11-13 00:27:19 [http-nio-8088-exec-2] DEBUG o.s.security.web.FilterChainProxy - Securing GET /api/v1/files/80cf5e3d-5d4c-4d1b-9e7d-0a0b8bfa00eb.jpg
2025-11-13 00:27:19 [http-nio-8088-exec-2] DEBUG o.s.s.w.a.AnonymousAuthenticationFilter - Set SecurityContextHolder to anonymous SecurityContext
2025-11-13 00:27:19 [http-nio-8088-exec-2] DEBUG o.s.security.web.FilterChainProxy - Secured GET /api/v1/files/80cf5e3d-5d4c-4d1b-9e7d-0a0b8bfa00eb.jpg
2025-11-13 00:27:19 [http-nio-8088-exec-2] DEBUG c.g.c.controller.FileController - Downloading file: 80cf5e3d-5d4c-4d1b-9e7d-0a0b8bfa00eb.jpg
2025-11-13 00:27:19 [http-nio-8088-exec-8] DEBUG o.s.security.web.FilterChainProxy - Securing GET /api/v1/files/358e5aef-6b26-4cb1-a997-97ac999d9dc1.jpg
2025-11-13 00:27:19 [http-nio-8088-exec-8] DEBUG o.s.s.w.a.AnonymousAuthenticationFilter - Set SecurityContextHolder to anonymous SecurityContext
2025-11-13 00:27:19 [http-nio-8088-exec-1] DEBUG o.s.security.web.FilterChainProxy - Securing GET /api/v1/categories
2025-11-13 00:27:19 [http-nio-8088-exec-9] DEBUG o.s.security.web.FilterChainProxy - Securing GET /api/v1/files/e267ade1-780a-4a34-adf1-ecb1b2948e21.jpg
2025-11-13 00:27:19 [http-nio-8088-exec-9] DEBUG o.s.s.w.a.AnonymousAuthenticationFilter - Set SecurityContextHolder to anonymous SecurityContext
2025-11-13 00:27:19 [http-nio-8088-exec-9] DEBUG o.s.security.web.FilterChainProxy - Secured GET /api/v1/files/e267ade1-780a-4a34-adf1-ecb1b2948e21.jpg
2025-11-13 00:27:19 [http-nio-8088-exec-8] DEBUG o.s.security.web.FilterChainProxy - Secured GET /api/v1/files/358e5aef-6b26-4cb1-a997-97ac999d9dc1.jpg
2025-11-13 00:27:19 [http-nio-8088-exec-5] DEBUG o.s.security.web.FilterChainProxy - Securing GET /api/v1/files/5f0d97d1-f3b4-431e-99dd-ad80499705ba.jpg
2025-11-13 00:27:19 [http-nio-8088-exec-5] DEBUG o.s.s.w.a.AnonymousAuthenticationFilter - Set SecurityContextHolder to anonymous SecurityContext
2025-11-13 00:27:19 [http-nio-8088-exec-9] DEBUG c.g.c.controller.FileController - Downloading file: e267ade1-780a-4a34-adf1-ecb1b2948e21.jpg
2025-11-13 00:27:19 [http-nio-8088-exec-5] DEBUG o.s.security.web.FilterChainProxy - Secured GET /api/v1/files/5f0d97d1-f3b4-431e-99dd-ad80499705ba.jpg
2025-11-13 00:27:19 [http-nio-8088-exec-5] DEBUG c.g.c.controller.FileController - Downloading file: 5f0d97d1-f3b4-431e-99dd-ad80499705ba.jpg
2025-11-13 00:27:19 [http-nio-8088-exec-8] DEBUG c.g.c.controller.FileController - Downloading file: 358e5aef-6b26-4cb1-a997-97ac999d9dc1.jpg
2025-11-13 00:27:19 [http-nio-8088-exec-3] DEBUG o.s.security.web.FilterChainProxy - Securing GET /api/v1/files/fc284af6-76c3-40fc-b6ab-245bf05af010.jpg
2025-11-13 00:27:19 [http-nio-8088-exec-3] DEBUG o.s.s.w.a.AnonymousAuthenticationFilter - Set SecurityContextHolder to anonymous SecurityContext
2025-11-13 00:27:19 [http-nio-8088-exec-3] DEBUG o.s.security.web.FilterChainProxy - Secured GET /api/v1/files/fc284af6-76c3-40fc-b6ab-245bf05af010.jpg
2025-11-13 00:27:19 [http-nio-8088-exec-3] DEBUG c.g.c.controller.FileController - Downloading file: fc284af6-76c3-40fc-b6ab-245bf05af010.jpg
2025-11-13 00:27:19 [http-nio-8088-exec-10] DEBUG o.s.security.web.FilterChainProxy - Securing GET /api/v1/files/587ac1e2-1a65-4144-bbb7-faff4eac57bd.jpg
2025-11-13 00:27:19 [http-nio-8088-exec-10] DEBUG o.s.s.w.a.AnonymousAuthenticationFilter - Set SecurityContextHolder to anonymous SecurityContext
2025-11-13 00:27:19 [http-nio-8088-exec-10] DEBUG o.s.security.web.FilterChainProxy - Secured GET /api/v1/files/587ac1e2-1a65-4144-bbb7-faff4eac57bd.jpg
2025-11-13 00:27:19 [http-nio-8088-exec-10] DEBUG c.g.c.controller.FileController - Downloading file: 587ac1e2-1a65-4144-bbb7-faff4eac57bd.jpg
2025-11-13 00:27:19 [http-nio-8088-exec-6] DEBUG o.s.security.web.FilterChainProxy - Securing GET /api/v1/files/01377e1e-70ed-48ba-bd4a-6379aeff4856.jpg
2025-11-13 00:27:19 [http-nio-8088-exec-6] DEBUG o.s.s.w.a.AnonymousAuthenticationFilter - Set SecurityContextHolder to anonymous SecurityContext
2025-11-13 00:27:19 [http-nio-8088-exec-4] DEBUG o.s.security.web.FilterChainProxy - Securing GET /api/v1/files/399710fc-be76-468d-be99-161396dbd4a4.jpg
2025-11-13 00:27:19 [http-nio-8088-exec-6] DEBUG o.s.security.web.FilterChainProxy - Secured GET /api/v1/files/01377e1e-70ed-48ba-bd4a-6379aeff4856.jpg
2025-11-13 00:27:19 [http-nio-8088-exec-4] DEBUG o.s.s.w.a.AnonymousAuthenticationFilter - Set SecurityContextHolder to anonymous SecurityContext
2025-11-13 00:27:19 [http-nio-8088-exec-4] DEBUG o.s.security.web.FilterChainProxy - Secured GET /api/v1/files/399710fc-be76-468d-be99-161396dbd4a4.jpg
2025-11-13 00:27:19 [http-nio-8088-exec-4] DEBUG c.g.c.controller.FileController - Downloading file: 399710fc-be76-468d-be99-161396dbd4a4.jpg
2025-11-13 00:27:19 [http-nio-8088-exec-6] DEBUG c.g.c.controller.FileController - Downloading file: 01377e1e-70ed-48ba-bd4a-6379aeff4856.jpg
2025-11-13 00:27:19 [http-nio-8088-exec-9] DEBUG o.s.security.web.FilterChainProxy - Securing GET /api/v1/files/a10447e0-1a57-4b12-837d-218f6d3a6706.jpg
2025-11-13 00:27:19 [http-nio-8088-exec-9] DEBUG o.s.s.w.a.AnonymousAuthenticationFilter - Set SecurityContextHolder to anonymous SecurityContext
2025-11-13 00:27:19 [http-nio-8088-exec-9] DEBUG o.s.security.web.FilterChainProxy - Secured GET /api/v1/files/a10447e0-1a57-4b12-837d-218f6d3a6706.jpg
2025-11-13 00:27:19 [http-nio-8088-exec-3] DEBUG o.s.security.web.FilterChainProxy - Securing GET /api/v1/files/76508bcc-516c-4520-b640-75df6df6a0ca.jpg
2025-11-13 00:27:19 [http-nio-8088-exec-3] DEBUG o.s.s.w.a.AnonymousAuthenticationFilter - Set SecurityContextHolder to anonymous SecurityContext
2025-11-13 00:27:19 [http-nio-8088-exec-3] DEBUG o.s.security.web.FilterChainProxy - Secured GET /api/v1/files/76508bcc-516c-4520-b640-75df6df6a0ca.jpg
2025-11-13 00:27:19 [http-nio-8088-exec-3] DEBUG c.g.c.controller.FileController - Downloading file: 76508bcc-516c-4520-b640-75df6df6a0ca.jpg
2025-11-13 00:27:19 [http-nio-8088-exec-5] DEBUG o.s.security.web.FilterChainProxy - Securing GET /api/v1/files/a7ad5fc9-6e6e-4d2d-bf7f-0925fb9237ec.jpg
2025-11-13 00:27:19 [http-nio-8088-exec-5] DEBUG o.s.s.w.a.AnonymousAuthenticationFilter - Set SecurityContextHolder to anonymous SecurityContext
2025-11-13 00:27:19 [http-nio-8088-exec-5] DEBUG o.s.security.web.FilterChainProxy - Secured GET /api/v1/files/a7ad5fc9-6e6e-4d2d-bf7f-0925fb9237ec.jpg
2025-11-13 00:27:19 [http-nio-8088-exec-10] DEBUG o.s.security.web.FilterChainProxy - Securing GET /api/v1/files/3be6958d-8594-4f88-bf4a-caed30cc8686.jpg
2025-11-13 00:27:19 [http-nio-8088-exec-10] DEBUG o.s.s.w.a.AnonymousAuthenticationFilter - Set SecurityContextHolder to anonymous SecurityContext
2025-11-13 00:27:19 [http-nio-8088-exec-10] DEBUG o.s.security.web.FilterChainProxy - Secured GET /api/v1/files/3be6958d-8594-4f88-bf4a-caed30cc8686.jpg
2025-11-13 00:27:19 [http-nio-8088-exec-10] DEBUG c.g.c.controller.FileController - Downloading file: 3be6958d-8594-4f88-bf4a-caed30cc8686.jpg
2025-11-13 00:27:19 [http-nio-8088-exec-5] DEBUG c.g.c.controller.FileController - Downloading file: a7ad5fc9-6e6e-4d2d-bf7f-0925fb9237ec.jpg
2025-11-13 00:27:19 [http-nio-8088-exec-9] DEBUG c.g.c.controller.FileController - Downloading file: a10447e0-1a57-4b12-837d-218f6d3a6706.jpg
2025-11-13 00:27:19 [http-nio-8088-exec-7] DEBUG o.s.security.web.FilterChainProxy - Securing GET /api/v1/files/dc7eea7e-d955-4e82-947f-8f3a275d09c8.jpg
2025-11-13 00:27:19 [http-nio-8088-exec-7] DEBUG o.s.s.w.a.AnonymousAuthenticationFilter - Set SecurityContextHolder to anonymous SecurityContext
2025-11-13 00:27:19 [http-nio-8088-exec-7] DEBUG o.s.security.web.FilterChainProxy - Secured GET /api/v1/files/dc7eea7e-d955-4e82-947f-8f3a275d09c8.jpg
2025-11-13 00:27:19 [http-nio-8088-exec-1] DEBUG org.hibernate.SQL - 
    select
        u1_0.id,
        u1_0.created_at,
        u1_0.email,
        u1_0.full_name,
        u1_0.password,
        u1_0.phone,
        u1_0.status,
        u1_0.updated_at,
        u1_0.username 
    from
        users u1_0 
    where
        u1_0.username=?
2025-11-13 00:27:19 [http-nio-8088-exec-7] DEBUG c.g.c.controller.FileController - Downloading file: dc7eea7e-d955-4e82-947f-8f3a275d09c8.jpg
2025-11-13 00:27:19 [http-nio-8088-exec-4] DEBUG o.s.security.web.FilterChainProxy - Securing GET /api/v1/files/4b9dcaa8-0825-4ee8-badc-86529e305d2a.jpg
2025-11-13 00:27:19 [http-nio-8088-exec-4] DEBUG o.s.s.w.a.AnonymousAuthenticationFilter - Set SecurityContextHolder to anonymous SecurityContext
2025-11-13 00:27:19 [http-nio-8088-exec-4] DEBUG o.s.security.web.FilterChainProxy - Secured GET /api/v1/files/4b9dcaa8-0825-4ee8-badc-86529e305d2a.jpg
2025-11-13 00:27:19 [http-nio-8088-exec-4] DEBUG c.g.c.controller.FileController - Downloading file: 4b9dcaa8-0825-4ee8-badc-86529e305d2a.jpg
2025-11-13 00:27:19 [http-nio-8088-exec-1] DEBUG org.hibernate.SQL - 
    select
        r1_0.user_id,
        r1_1.id,
        r1_1.name 
    from
        user_roles r1_0 
    join
        roles r1_1 
            on r1_1.id=r1_0.role_id 
    where
        r1_0.user_id=?
2025-11-13 00:27:19 [http-nio-8088-exec-4] DEBUG o.s.security.web.FilterChainProxy - Securing GET /api/v1/files/257f1822-ec96-40c8-850e-a304cffa37fd.jpg
2025-11-13 00:27:19 [http-nio-8088-exec-4] DEBUG o.s.s.w.a.AnonymousAuthenticationFilter - Set SecurityContextHolder to anonymous SecurityContext
2025-11-13 00:27:19 [http-nio-8088-exec-4] DEBUG o.s.security.web.FilterChainProxy - Secured GET /api/v1/files/257f1822-ec96-40c8-850e-a304cffa37fd.jpg
2025-11-13 00:27:19 [http-nio-8088-exec-4] DEBUG c.g.c.controller.FileController - Downloading file: 257f1822-ec96-40c8-850e-a304cffa37fd.jpg
2025-11-13 00:27:19 [http-nio-8088-exec-1] DEBUG o.s.security.web.FilterChainProxy - Secured GET /api/v1/categories
2025-11-13 00:27:19 [http-nio-8088-exec-1] DEBUG o.s.s.a.m.AuthorizationManagerBeforeMethodInterceptor - Authorizing method invocation ReflectiveMethodInvocation: public org.springframework.http.ResponseEntity com.giapho.coffee_shop_backend.controller.CategoryController.getAllCategories(); target is of class [com.giapho.coffee_shop_backend.controller.CategoryController]
2025-11-13 00:27:19 [http-nio-8088-exec-1] DEBUG o.s.s.a.m.AuthorizationManagerBeforeMethodInterceptor - Authorized method invocation ReflectiveMethodInvocation: public org.springframework.http.ResponseEntity com.giapho.coffee_shop_backend.controller.CategoryController.getAllCategories(); target is of class [com.giapho.coffee_shop_backend.controller.CategoryController]
2025-11-13 00:27:19 [http-nio-8088-exec-1] DEBUG org.hibernate.SQL - 
    select
        c1_0.id,
        c1_0.description,
        c1_0.name 
    from
        categories c1_0
2025-11-13 00:27:32 [http-nio-8088-exec-8] DEBUG o.s.security.web.FilterChainProxy - Securing OPTIONS /api/v1/orders/table/7/pending
2025-11-13 00:27:32 [http-nio-8088-exec-2] DEBUG o.s.security.web.FilterChainProxy - Securing GET /api/v1/products?page=0&size=1000
2025-11-13 00:27:32 [http-nio-8088-exec-7] DEBUG o.s.security.web.FilterChainProxy - Securing GET /api/v1/orders/table/7/pending
2025-11-13 00:27:32 [http-nio-8088-exec-2] DEBUG org.hibernate.SQL - 
    select
        u1_0.id,
        u1_0.created_at,
        u1_0.email,
        u1_0.full_name,
        u1_0.password,
        u1_0.phone,
        u1_0.status,
        u1_0.updated_at,
        u1_0.username 
    from
        users u1_0 
    where
        u1_0.username=?
2025-11-13 00:27:32 [http-nio-8088-exec-7] DEBUG org.hibernate.SQL - 
    select
        u1_0.id,
        u1_0.created_at,
        u1_0.email,
        u1_0.full_name,
        u1_0.password,
        u1_0.phone,
        u1_0.status,
        u1_0.updated_at,
        u1_0.username 
    from
        users u1_0 
    where
        u1_0.username=?
2025-11-13 00:27:32 [http-nio-8088-exec-2] DEBUG org.hibernate.SQL - 
    select
        r1_0.user_id,
        r1_1.id,
        r1_1.name 
    from
        user_roles r1_0 
    join
        roles r1_1 
            on r1_1.id=r1_0.role_id 
    where
        r1_0.user_id=?
2025-11-13 00:27:32 [http-nio-8088-exec-7] DEBUG org.hibernate.SQL - 
    select
        r1_0.user_id,
        r1_1.id,
        r1_1.name 
    from
        user_roles r1_0 
    join
        roles r1_1 
            on r1_1.id=r1_0.role_id 
    where
        r1_0.user_id=?
2025-11-13 00:27:32 [http-nio-8088-exec-2] DEBUG o.s.security.web.FilterChainProxy - Secured GET /api/v1/products?page=0&size=1000
2025-11-13 00:27:32 [http-nio-8088-exec-2] DEBUG o.s.s.a.m.AuthorizationManagerBeforeMethodInterceptor - Authorizing method invocation ReflectiveMethodInvocation: public org.springframework.http.ResponseEntity com.giapho.coffee_shop_backend.controller.ProductController.getAllProducts(java.lang.String,java.lang.Long,org.springframework.data.domain.Pageable); target is of class [com.giapho.coffee_shop_backend.controller.ProductController]
2025-11-13 00:27:32 [http-nio-8088-exec-2] DEBUG o.s.s.a.m.AuthorizationManagerBeforeMethodInterceptor - Authorized method invocation ReflectiveMethodInvocation: public org.springframework.http.ResponseEntity com.giapho.coffee_shop_backend.controller.ProductController.getAllProducts(java.lang.String,java.lang.Long,org.springframework.data.domain.Pageable); target is of class [com.giapho.coffee_shop_backend.controller.ProductController]
2025-11-13 00:27:32 [http-nio-8088-exec-7] DEBUG o.s.security.web.FilterChainProxy - Secured GET /api/v1/orders/table/7/pending
2025-11-13 00:27:32 [http-nio-8088-exec-7] DEBUG o.s.s.a.m.AuthorizationManagerBeforeMethodInterceptor - Authorizing method invocation ReflectiveMethodInvocation: public org.springframework.http.ResponseEntity com.giapho.coffee_shop_backend.controller.OrderController.getPendingOrderByTable(java.lang.Long); target is of class [com.giapho.coffee_shop_backend.controller.OrderController]
2025-11-13 00:27:32 [http-nio-8088-exec-7] DEBUG o.s.s.a.m.AuthorizationManagerBeforeMethodInterceptor - Authorized method invocation ReflectiveMethodInvocation: public org.springframework.http.ResponseEntity com.giapho.coffee_shop_backend.controller.OrderController.getPendingOrderByTable(java.lang.Long); target is of class [com.giapho.coffee_shop_backend.controller.OrderController]
2025-11-13 00:27:32 [http-nio-8088-exec-7] DEBUG org.hibernate.SQL - 
    select
        count(*) 
    from
        tables ct1_0 
    where
        ct1_0.id=?
2025-11-13 00:27:32 [http-nio-8088-exec-2] DEBUG org.hibernate.SQL - 
    select
        p1_0.id,
        p1_0.category_id,
        c1_0.id,
        c1_0.description,
        c1_0.name,
        p1_0.code,
        p1_0.cost,
        p1_0.created_at,
        p1_0.description,
        p1_0.image_url,
        p1_0.is_available,
        p1_0.name,
        p1_0.price,
        p1_0.updated_at 
    from
        products p1_0 
    join
        categories c1_0 
            on c1_0.id=p1_0.category_id 
    limit
        ?, ?
2025-11-13 00:27:32 [http-nio-8088-exec-7] DEBUG org.hibernate.SQL - 
    select
        o1_0.id,
        o1_0.voucher_id,
        o1_0.table_id,
        o1_0.created_at,
        o1_0.customer_id,
        o1_0.discount_amount,
        o1_0.paid_at,
        o1_0.payment_method,
        o1_0.status,
        o1_0.sub_total,
        o1_0.total_amount,
        o1_0.type,
        o1_0.user_id,
        o1_0.voucher_code 
    from
        orders o1_0 
    where
        o1_0.table_id=? 
        and o1_0.status='PENDING'
2025-11-13 00:27:32 [http-nio-8088-exec-7] WARN  c.g.c.e.GlobalExceptionHandler - Entity not found: No pending order found for table id: 7 - Path: /api/v1/orders/table/7/pending
2025-11-13 00:27:32 [http-nio-8088-exec-10] DEBUG o.s.security.web.FilterChainProxy - Securing GET /api/v1/files/82b4818b-f0d2-4206-bfa5-298f7111d20c.jpg
2025-11-13 00:27:32 [http-nio-8088-exec-6] DEBUG o.s.security.web.FilterChainProxy - Securing GET /api/v1/files/56de7c12-082e-4eb3-b6cb-d84d8cc38775.jpg
2025-11-13 00:27:32 [http-nio-8088-exec-6] DEBUG o.s.s.w.a.AnonymousAuthenticationFilter - Set SecurityContextHolder to anonymous SecurityContext
2025-11-13 00:27:32 [http-nio-8088-exec-10] DEBUG o.s.s.w.a.AnonymousAuthenticationFilter - Set SecurityContextHolder to anonymous SecurityContext
2025-11-13 00:27:32 [http-nio-8088-exec-6] DEBUG o.s.security.web.FilterChainProxy - Secured GET /api/v1/files/56de7c12-082e-4eb3-b6cb-d84d8cc38775.jpg
2025-11-13 00:27:32 [http-nio-8088-exec-10] DEBUG o.s.security.web.FilterChainProxy - Secured GET /api/v1/files/82b4818b-f0d2-4206-bfa5-298f7111d20c.jpg
2025-11-13 00:27:32 [http-nio-8088-exec-10] DEBUG c.g.c.controller.FileController - Downloading file: 82b4818b-f0d2-4206-bfa5-298f7111d20c.jpg
2025-11-13 00:27:32 [http-nio-8088-exec-6] DEBUG c.g.c.controller.FileController - Downloading file: 56de7c12-082e-4eb3-b6cb-d84d8cc38775.jpg
2025-11-13 00:27:32 [http-nio-8088-exec-5] DEBUG o.s.security.web.FilterChainProxy - Securing GET /api/v1/files/b0fcea8f-74ab-4ff1-bd62-6557e0ccb1f2.jpg
2025-11-13 00:27:32 [http-nio-8088-exec-5] DEBUG o.s.s.w.a.AnonymousAuthenticationFilter - Set SecurityContextHolder to anonymous SecurityContext
2025-11-13 00:27:32 [http-nio-8088-exec-5] DEBUG o.s.security.web.FilterChainProxy - Secured GET /api/v1/files/b0fcea8f-74ab-4ff1-bd62-6557e0ccb1f2.jpg
2025-11-13 00:27:32 [http-nio-8088-exec-5] DEBUG c.g.c.controller.FileController - Downloading file: b0fcea8f-74ab-4ff1-bd62-6557e0ccb1f2.jpg
2025-11-13 00:27:32 [http-nio-8088-exec-9] DEBUG o.s.security.web.FilterChainProxy - Securing GET /api/v1/files/e267ade1-780a-4a34-adf1-ecb1b2948e21.jpg
2025-11-13 00:27:32 [http-nio-8088-exec-9] DEBUG o.s.s.w.a.AnonymousAuthenticationFilter - Set SecurityContextHolder to anonymous SecurityContext
2025-11-13 00:27:32 [http-nio-8088-exec-9] DEBUG o.s.security.web.FilterChainProxy - Secured GET /api/v1/files/e267ade1-780a-4a34-adf1-ecb1b2948e21.jpg
2025-11-13 00:27:32 [http-nio-8088-exec-9] DEBUG c.g.c.controller.FileController - Downloading file: e267ade1-780a-4a34-adf1-ecb1b2948e21.jpg
2025-11-13 00:27:32 [http-nio-8088-exec-6] DEBUG o.s.security.web.FilterChainProxy - Securing GET /api/v1/files/80cf5e3d-5d4c-4d1b-9e7d-0a0b8bfa00eb.jpg
2025-11-13 00:27:32 [http-nio-8088-exec-10] DEBUG o.s.security.web.FilterChainProxy - Securing GET /api/v1/files/358e5aef-6b26-4cb1-a997-97ac999d9dc1.jpg
2025-11-13 00:27:32 [http-nio-8088-exec-3] DEBUG o.s.security.web.FilterChainProxy - Securing GET /api/v1/files/587ac1e2-1a65-4144-bbb7-faff4eac57bd.jpg
2025-11-13 00:27:32 [http-nio-8088-exec-10] DEBUG o.s.s.w.a.AnonymousAuthenticationFilter - Set SecurityContextHolder to anonymous SecurityContext
2025-11-13 00:27:32 [http-nio-8088-exec-3] DEBUG o.s.s.w.a.AnonymousAuthenticationFilter - Set SecurityContextHolder to anonymous SecurityContext
2025-11-13 00:27:32 [http-nio-8088-exec-3] DEBUG o.s.security.web.FilterChainProxy - Secured GET /api/v1/files/587ac1e2-1a65-4144-bbb7-faff4eac57bd.jpg
2025-11-13 00:27:32 [http-nio-8088-exec-10] DEBUG o.s.security.web.FilterChainProxy - Secured GET /api/v1/files/358e5aef-6b26-4cb1-a997-97ac999d9dc1.jpg
2025-11-13 00:27:32 [http-nio-8088-exec-3] DEBUG c.g.c.controller.FileController - Downloading file: 587ac1e2-1a65-4144-bbb7-faff4eac57bd.jpg
2025-11-13 00:27:32 [http-nio-8088-exec-10] DEBUG c.g.c.controller.FileController - Downloading file: 358e5aef-6b26-4cb1-a997-97ac999d9dc1.jpg
2025-11-13 00:27:32 [http-nio-8088-exec-6] DEBUG o.s.s.w.a.AnonymousAuthenticationFilter - Set SecurityContextHolder to anonymous SecurityContext
2025-11-13 00:27:32 [http-nio-8088-exec-6] DEBUG o.s.security.web.FilterChainProxy - Secured GET /api/v1/files/80cf5e3d-5d4c-4d1b-9e7d-0a0b8bfa00eb.jpg
2025-11-13 00:27:32 [http-nio-8088-exec-6] DEBUG c.g.c.controller.FileController - Downloading file: 80cf5e3d-5d4c-4d1b-9e7d-0a0b8bfa00eb.jpg
2025-11-13 00:27:32 [http-nio-8088-exec-7] DEBUG o.s.security.web.FilterChainProxy - Securing GET /api/v1/categories
2025-11-13 00:27:32 [http-nio-8088-exec-4] DEBUG o.s.security.web.FilterChainProxy - Securing GET /api/v1/files/01377e1e-70ed-48ba-bd4a-6379aeff4856.jpg
2025-11-13 00:27:32 [http-nio-8088-exec-4] DEBUG o.s.s.w.a.AnonymousAuthenticationFilter - Set SecurityContextHolder to anonymous SecurityContext
2025-11-13 00:27:32 [http-nio-8088-exec-4] DEBUG o.s.security.web.FilterChainProxy - Secured GET /api/v1/files/01377e1e-70ed-48ba-bd4a-6379aeff4856.jpg
2025-11-13 00:27:32 [http-nio-8088-exec-4] DEBUG c.g.c.controller.FileController - Downloading file: 01377e1e-70ed-48ba-bd4a-6379aeff4856.jpg
2025-11-13 00:27:32 [http-nio-8088-exec-2] DEBUG o.s.security.web.FilterChainProxy - Securing GET /api/v1/files/a10447e0-1a57-4b12-837d-218f6d3a6706.jpg
2025-11-13 00:27:32 [http-nio-8088-exec-5] DEBUG o.s.security.web.FilterChainProxy - Securing GET /api/v1/files/fc284af6-76c3-40fc-b6ab-245bf05af010.jpg
2025-11-13 00:27:32 [http-nio-8088-exec-2] DEBUG o.s.s.w.a.AnonymousAuthenticationFilter - Set SecurityContextHolder to anonymous SecurityContext
2025-11-13 00:27:32 [http-nio-8088-exec-5] DEBUG o.s.s.w.a.AnonymousAuthenticationFilter - Set SecurityContextHolder to anonymous SecurityContext
2025-11-13 00:27:32 [http-nio-8088-exec-2] DEBUG o.s.security.web.FilterChainProxy - Secured GET /api/v1/files/a10447e0-1a57-4b12-837d-218f6d3a6706.jpg
2025-11-13 00:27:32 [http-nio-8088-exec-5] DEBUG o.s.security.web.FilterChainProxy - Secured GET /api/v1/files/fc284af6-76c3-40fc-b6ab-245bf05af010.jpg
2025-11-13 00:27:32 [http-nio-8088-exec-2] DEBUG c.g.c.controller.FileController - Downloading file: a10447e0-1a57-4b12-837d-218f6d3a6706.jpg
2025-11-13 00:27:32 [http-nio-8088-exec-5] DEBUG c.g.c.controller.FileController - Downloading file: fc284af6-76c3-40fc-b6ab-245bf05af010.jpg
2025-11-13 00:27:32 [http-nio-8088-exec-1] DEBUG o.s.security.web.FilterChainProxy - Securing GET /api/v1/files/dc7eea7e-d955-4e82-947f-8f3a275d09c8.jpg
2025-11-13 00:27:32 [http-nio-8088-exec-1] DEBUG o.s.s.w.a.AnonymousAuthenticationFilter - Set SecurityContextHolder to anonymous SecurityContext
2025-11-13 00:27:32 [http-nio-8088-exec-1] DEBUG o.s.security.web.FilterChainProxy - Secured GET /api/v1/files/dc7eea7e-d955-4e82-947f-8f3a275d09c8.jpg
2025-11-13 00:27:32 [http-nio-8088-exec-1] DEBUG c.g.c.controller.FileController - Downloading file: dc7eea7e-d955-4e82-947f-8f3a275d09c8.jpg
2025-11-13 00:27:32 [http-nio-8088-exec-8] DEBUG o.s.security.web.FilterChainProxy - Securing GET /api/v1/files/76508bcc-516c-4520-b640-75df6df6a0ca.jpg
2025-11-13 00:27:32 [http-nio-8088-exec-9] DEBUG o.s.security.web.FilterChainProxy - Securing GET /api/v1/files/3be6958d-8594-4f88-bf4a-caed30cc8686.jpg
2025-11-13 00:27:32 [http-nio-8088-exec-8] DEBUG o.s.s.w.a.AnonymousAuthenticationFilter - Set SecurityContextHolder to anonymous SecurityContext
2025-11-13 00:27:32 [http-nio-8088-exec-9] DEBUG o.s.s.w.a.AnonymousAuthenticationFilter - Set SecurityContextHolder to anonymous SecurityContext
2025-11-13 00:27:32 [http-nio-8088-exec-9] DEBUG o.s.security.web.FilterChainProxy - Secured GET /api/v1/files/3be6958d-8594-4f88-bf4a-caed30cc8686.jpg
2025-11-13 00:27:32 [http-nio-8088-exec-8] DEBUG o.s.security.web.FilterChainProxy - Secured GET /api/v1/files/76508bcc-516c-4520-b640-75df6df6a0ca.jpg
2025-11-13 00:27:32 [http-nio-8088-exec-3] DEBUG o.s.security.web.FilterChainProxy - Securing GET /api/v1/files/399710fc-be76-468d-be99-161396dbd4a4.jpg
2025-11-13 00:27:32 [http-nio-8088-exec-3] DEBUG o.s.s.w.a.AnonymousAuthenticationFilter - Set SecurityContextHolder to anonymous SecurityContext
2025-11-13 00:27:32 [http-nio-8088-exec-3] DEBUG o.s.security.web.FilterChainProxy - Secured GET /api/v1/files/399710fc-be76-468d-be99-161396dbd4a4.jpg
2025-11-13 00:27:32 [http-nio-8088-exec-3] DEBUG c.g.c.controller.FileController - Downloading file: 399710fc-be76-468d-be99-161396dbd4a4.jpg
2025-11-13 00:27:32 [http-nio-8088-exec-8] DEBUG c.g.c.controller.FileController - Downloading file: 76508bcc-516c-4520-b640-75df6df6a0ca.jpg
2025-11-13 00:27:32 [http-nio-8088-exec-9] DEBUG c.g.c.controller.FileController - Downloading file: 3be6958d-8594-4f88-bf4a-caed30cc8686.jpg
2025-11-13 00:27:32 [http-nio-8088-exec-5] DEBUG o.s.security.web.FilterChainProxy - Securing GET /api/v1/files/a7ad5fc9-6e6e-4d2d-bf7f-0925fb9237ec.jpg
2025-11-13 00:27:32 [http-nio-8088-exec-1] DEBUG o.s.security.web.FilterChainProxy - Securing GET /api/v1/files/5f0d97d1-f3b4-431e-99dd-ad80499705ba.jpg
2025-11-13 00:27:32 [http-nio-8088-exec-5] DEBUG o.s.s.w.a.AnonymousAuthenticationFilter - Set SecurityContextHolder to anonymous SecurityContext
2025-11-13 00:27:32 [http-nio-8088-exec-5] DEBUG o.s.security.web.FilterChainProxy - Secured GET /api/v1/files/a7ad5fc9-6e6e-4d2d-bf7f-0925fb9237ec.jpg
2025-11-13 00:27:32 [http-nio-8088-exec-1] DEBUG o.s.s.w.a.AnonymousAuthenticationFilter - Set SecurityContextHolder to anonymous SecurityContext
2025-11-13 00:27:32 [http-nio-8088-exec-1] DEBUG o.s.security.web.FilterChainProxy - Secured GET /api/v1/files/5f0d97d1-f3b4-431e-99dd-ad80499705ba.jpg
2025-11-13 00:27:32 [http-nio-8088-exec-5] DEBUG c.g.c.controller.FileController - Downloading file: a7ad5fc9-6e6e-4d2d-bf7f-0925fb9237ec.jpg
2025-11-13 00:27:32 [http-nio-8088-exec-1] DEBUG c.g.c.controller.FileController - Downloading file: 5f0d97d1-f3b4-431e-99dd-ad80499705ba.jpg
2025-11-13 00:27:32 [http-nio-8088-exec-7] DEBUG org.hibernate.SQL - 
    select
        u1_0.id,
        u1_0.created_at,
        u1_0.email,
        u1_0.full_name,
        u1_0.password,
        u1_0.phone,
        u1_0.status,
        u1_0.updated_at,
        u1_0.username 
    from
        users u1_0 
    where
        u1_0.username=?
2025-11-13 00:27:32 [http-nio-8088-exec-1] DEBUG o.s.security.web.FilterChainProxy - Securing GET /api/v1/files/4b9dcaa8-0825-4ee8-badc-86529e305d2a.jpg
2025-11-13 00:27:32 [http-nio-8088-exec-1] DEBUG o.s.s.w.a.AnonymousAuthenticationFilter - Set SecurityContextHolder to anonymous SecurityContext
2025-11-13 00:27:32 [http-nio-8088-exec-1] DEBUG o.s.security.web.FilterChainProxy - Secured GET /api/v1/files/4b9dcaa8-0825-4ee8-badc-86529e305d2a.jpg
2025-11-13 00:27:32 [http-nio-8088-exec-1] DEBUG c.g.c.controller.FileController - Downloading file: 4b9dcaa8-0825-4ee8-badc-86529e305d2a.jpg
2025-11-13 00:27:32 [http-nio-8088-exec-10] DEBUG o.s.security.web.FilterChainProxy - Securing GET /api/v1/files/257f1822-ec96-40c8-850e-a304cffa37fd.jpg
2025-11-13 00:27:32 [http-nio-8088-exec-10] DEBUG o.s.s.w.a.AnonymousAuthenticationFilter - Set SecurityContextHolder to anonymous SecurityContext
2025-11-13 00:27:32 [http-nio-8088-exec-10] DEBUG o.s.security.web.FilterChainProxy - Secured GET /api/v1/files/257f1822-ec96-40c8-850e-a304cffa37fd.jpg
2025-11-13 00:27:32 [http-nio-8088-exec-10] DEBUG c.g.c.controller.FileController - Downloading file: 257f1822-ec96-40c8-850e-a304cffa37fd.jpg
2025-11-13 00:27:32 [http-nio-8088-exec-7] DEBUG org.hibernate.SQL - 
    select
        r1_0.user_id,
        r1_1.id,
        r1_1.name 
    from
        user_roles r1_0 
    join
        roles r1_1 
            on r1_1.id=r1_0.role_id 
    where
        r1_0.user_id=?
2025-11-13 00:27:32 [http-nio-8088-exec-7] DEBUG o.s.security.web.FilterChainProxy - Secured GET /api/v1/categories
2025-11-13 00:27:32 [http-nio-8088-exec-7] DEBUG o.s.s.a.m.AuthorizationManagerBeforeMethodInterceptor - Authorizing method invocation ReflectiveMethodInvocation: public org.springframework.http.ResponseEntity com.giapho.coffee_shop_backend.controller.CategoryController.getAllCategories(); target is of class [com.giapho.coffee_shop_backend.controller.CategoryController]
2025-11-13 00:27:32 [http-nio-8088-exec-7] DEBUG o.s.s.a.m.AuthorizationManagerBeforeMethodInterceptor - Authorized method invocation ReflectiveMethodInvocation: public org.springframework.http.ResponseEntity com.giapho.coffee_shop_backend.controller.CategoryController.getAllCategories(); target is of class [com.giapho.coffee_shop_backend.controller.CategoryController]
2025-11-13 00:27:32 [http-nio-8088-exec-7] DEBUG org.hibernate.SQL - 
    select
        c1_0.id,
        c1_0.description,
        c1_0.name 
    from
        categories c1_0
2025-11-13 00:27:35 [http-nio-8088-exec-2] DEBUG o.s.security.web.FilterChainProxy - Securing GET /api/v1/tables
2025-11-13 00:27:35 [http-nio-8088-exec-2] DEBUG org.hibernate.SQL - 
    select
        u1_0.id,
        u1_0.created_at,
        u1_0.email,
        u1_0.full_name,
        u1_0.password,
        u1_0.phone,
        u1_0.status,
        u1_0.updated_at,
        u1_0.username 
    from
        users u1_0 
    where
        u1_0.username=?
2025-11-13 00:27:35 [http-nio-8088-exec-2] DEBUG org.hibernate.SQL - 
    select
        r1_0.user_id,
        r1_1.id,
        r1_1.name 
    from
        user_roles r1_0 
    join
        roles r1_1 
            on r1_1.id=r1_0.role_id 
    where
        r1_0.user_id=?
2025-11-13 00:27:35 [http-nio-8088-exec-2] DEBUG o.s.security.web.FilterChainProxy - Secured GET /api/v1/tables
2025-11-13 00:27:35 [http-nio-8088-exec-2] DEBUG o.s.s.a.m.AuthorizationManagerBeforeMethodInterceptor - Authorizing method invocation ReflectiveMethodInvocation: public org.springframework.http.ResponseEntity com.giapho.coffee_shop_backend.controller.CafeTableController.getAllTables(); target is of class [com.giapho.coffee_shop_backend.controller.CafeTableController]
2025-11-13 00:27:35 [http-nio-8088-exec-2] DEBUG o.s.s.a.m.AuthorizationManagerBeforeMethodInterceptor - Authorized method invocation ReflectiveMethodInvocation: public org.springframework.http.ResponseEntity com.giapho.coffee_shop_backend.controller.CafeTableController.getAllTables(); target is of class [com.giapho.coffee_shop_backend.controller.CafeTableController]
2025-11-13 00:27:35 [http-nio-8088-exec-2] DEBUG org.hibernate.SQL - 
    select
        ct1_0.id,
        ct1_0.capacity,
        ct1_0.name,
        ct1_0.status 
    from
        tables ct1_0
2025-11-13 00:27:57 [http-nio-8088-exec-6] DEBUG o.s.security.web.FilterChainProxy - Securing POST /api/v1/auth/login
2025-11-13 00:27:57 [http-nio-8088-exec-6] DEBUG o.s.s.w.a.AnonymousAuthenticationFilter - Set SecurityContextHolder to anonymous SecurityContext
2025-11-13 00:27:57 [http-nio-8088-exec-6] DEBUG o.s.security.web.FilterChainProxy - Secured POST /api/v1/auth/login
2025-11-13 00:27:57 [http-nio-8088-exec-6] WARN  c.g.c.e.GlobalExceptionHandler - Validation failed - Path: /api/v1/auth/login
2025-11-13 00:27:57 [http-nio-8088-exec-6] DEBUG c.g.c.e.GlobalExceptionHandler - Field validation error - username: Username is required
2025-11-13 00:28:04 [http-nio-8088-exec-9] DEBUG o.s.security.web.FilterChainProxy - Securing POST /api/v1/auth/login
2025-11-13 00:28:04 [http-nio-8088-exec-9] DEBUG o.s.s.w.a.AnonymousAuthenticationFilter - Set SecurityContextHolder to anonymous SecurityContext
2025-11-13 00:28:04 [http-nio-8088-exec-9] DEBUG o.s.security.web.FilterChainProxy - Secured POST /api/v1/auth/login
2025-11-13 00:28:04 [http-nio-8088-exec-9] DEBUG org.hibernate.SQL - 
    select
        u1_0.id,
        u1_0.created_at,
        u1_0.email,
        u1_0.full_name,
        u1_0.password,
        u1_0.phone,
        u1_0.status,
        u1_0.updated_at,
        u1_0.username 
    from
        users u1_0 
    where
        u1_0.username=?
2025-11-13 00:28:04 [http-nio-8088-exec-9] DEBUG o.s.s.a.d.DaoAuthenticationProvider - Failed to find user 'khanhphung '
2025-11-13 00:28:04 [http-nio-8088-exec-9] DEBUG o.s.s.authentication.ProviderManager - Authentication failed with provider DaoAuthenticationProvider since Bad credentials
2025-11-13 00:28:04 [http-nio-8088-exec-9] DEBUG org.hibernate.SQL - 
    select
        u1_0.id,
        u1_0.created_at,
        u1_0.email,
        u1_0.full_name,
        u1_0.password,
        u1_0.phone,
        u1_0.status,
        u1_0.updated_at,
        u1_0.username 
    from
        users u1_0 
    where
        u1_0.username=?
2025-11-13 00:28:04 [http-nio-8088-exec-9] DEBUG org.hibernate.SQL - 
    insert 
    into
        login_history
        (ip_address, login_at, message, success, user_id, user_agent, username) 
    values
        (?, ?, ?, ?, ?, ?, ?)
2025-11-13 00:28:04 [http-nio-8088-exec-9] WARN  c.g.c.e.GlobalExceptionHandler - Entity not found: Invalid username or password - Path: /api/v1/auth/login
2025-11-13 00:28:31 [http-nio-8088-exec-3] DEBUG o.s.security.web.FilterChainProxy - Securing POST /api/v1/auth/login
2025-11-13 00:28:31 [http-nio-8088-exec-3] DEBUG o.s.s.w.a.AnonymousAuthenticationFilter - Set SecurityContextHolder to anonymous SecurityContext
2025-11-13 00:28:31 [http-nio-8088-exec-3] DEBUG o.s.security.web.FilterChainProxy - Secured POST /api/v1/auth/login
2025-11-13 00:28:31 [http-nio-8088-exec-3] DEBUG org.hibernate.SQL - 
    select
        u1_0.id,
        u1_0.created_at,
        u1_0.email,
        u1_0.full_name,
        u1_0.password,
        u1_0.phone,
        u1_0.status,
        u1_0.updated_at,
        u1_0.username 
    from
        users u1_0 
    where
        u1_0.username=?
2025-11-13 00:28:31 [http-nio-8088-exec-3] DEBUG org.hibernate.SQL - 
    select
        r1_0.user_id,
        r1_1.id,
        r1_1.name 
    from
        user_roles r1_0 
    join
        roles r1_1 
            on r1_1.id=r1_0.role_id 
    where
        r1_0.user_id=?
2025-11-13 00:28:31 [http-nio-8088-exec-3] DEBUG o.s.s.a.d.DaoAuthenticationProvider - Authenticated user
2025-11-13 00:28:31 [http-nio-8088-exec-3] DEBUG org.hibernate.SQL - 
    select
        u1_0.id,
        u1_0.created_at,
        u1_0.email,
        u1_0.full_name,
        u1_0.password,
        u1_0.phone,
        u1_0.status,
        u1_0.updated_at,
        u1_0.username 
    from
        users u1_0 
    where
        u1_0.username=?
2025-11-13 00:28:31 [http-nio-8088-exec-3] DEBUG org.hibernate.SQL - 
    insert 
    into
        login_history
        (ip_address, login_at, message, success, user_id, user_agent, username) 
    values
        (?, ?, ?, ?, ?, ?, ?)
2025-11-13 00:28:31 [http-nio-8088-exec-4] DEBUG o.s.security.web.FilterChainProxy - Securing GET /api/v1/reports/profit?startDate=2025-10-14&endDate=2025-11-13
2025-11-13 00:28:31 [http-nio-8088-exec-4] DEBUG org.hibernate.SQL - 
    select
        u1_0.id,
        u1_0.created_at,
        u1_0.email,
        u1_0.full_name,
        u1_0.password,
        u1_0.phone,
        u1_0.status,
        u1_0.updated_at,
        u1_0.username 
    from
        users u1_0 
    where
        u1_0.username=?
2025-11-13 00:28:31 [http-nio-8088-exec-4] DEBUG org.hibernate.SQL - 
    select
        r1_0.user_id,
        r1_1.id,
        r1_1.name 
    from
        user_roles r1_0 
    join
        roles r1_1 
            on r1_1.id=r1_0.role_id 
    where
        r1_0.user_id=?
2025-11-13 00:28:31 [http-nio-8088-exec-4] DEBUG o.s.security.web.FilterChainProxy - Secured GET /api/v1/reports/profit?startDate=2025-10-14&endDate=2025-11-13
2025-11-13 00:28:31 [http-nio-8088-exec-4] DEBUG o.s.s.a.m.AuthorizationManagerBeforeMethodInterceptor - Authorizing method invocation ReflectiveMethodInvocation: public org.springframework.http.ResponseEntity com.giapho.coffee_shop_backend.controller.ReportController.getProfitReport(java.time.LocalDate,java.time.LocalDate); target is of class [com.giapho.coffee_shop_backend.controller.ReportController]
2025-11-13 00:28:31 [http-nio-8088-exec-4] DEBUG o.s.s.a.m.AuthorizationManagerBeforeMethodInterceptor - Failed to authorize ReflectiveMethodInvocation: public org.springframework.http.ResponseEntity com.giapho.coffee_shop_backend.controller.ReportController.getProfitReport(java.time.LocalDate,java.time.LocalDate); target is of class [com.giapho.coffee_shop_backend.controller.ReportController] with authorization manager org.springframework.security.authorization.method.PreAuthorizeAuthorizationManager@70d76581 and result ExpressionAuthorizationDecision [granted=false, expressionAttribute=hasAnyRole('MANAGER', 'ADMIN')]
2025-11-13 00:28:31 [http-nio-8088-exec-4] WARN  c.g.c.e.GlobalExceptionHandler - Access denied - Path: /api/v1/reports/profit - User: khanhphung
2025-11-13 00:28:31 [http-nio-8088-exec-5] DEBUG o.s.security.web.FilterChainProxy - Securing GET /api/v1/reports/revenue-by-date?startDate=2025-10-14&endDate=2025-11-13
2025-11-13 00:28:31 [http-nio-8088-exec-5] DEBUG org.hibernate.SQL - 
    select
        u1_0.id,
        u1_0.created_at,
        u1_0.email,
        u1_0.full_name,
        u1_0.password,
        u1_0.phone,
        u1_0.status,
        u1_0.updated_at,
        u1_0.username 
    from
        users u1_0 
    where
        u1_0.username=?
2025-11-13 00:28:31 [http-nio-8088-exec-5] DEBUG org.hibernate.SQL - 
    select
        r1_0.user_id,
        r1_1.id,
        r1_1.name 
    from
        user_roles r1_0 
    join
        roles r1_1 
            on r1_1.id=r1_0.role_id 
    where
        r1_0.user_id=?
2025-11-13 00:28:31 [http-nio-8088-exec-5] DEBUG o.s.security.web.FilterChainProxy - Secured GET /api/v1/reports/revenue-by-date?startDate=2025-10-14&endDate=2025-11-13
2025-11-13 00:28:31 [http-nio-8088-exec-5] DEBUG o.s.s.a.m.AuthorizationManagerBeforeMethodInterceptor - Authorizing method invocation ReflectiveMethodInvocation: public org.springframework.http.ResponseEntity com.giapho.coffee_shop_backend.controller.ReportController.getRevenueByDateRange(java.time.LocalDate,java.time.LocalDate); target is of class [com.giapho.coffee_shop_backend.controller.ReportController]
2025-11-13 00:28:31 [http-nio-8088-exec-5] DEBUG o.s.s.a.m.AuthorizationManagerBeforeMethodInterceptor - Failed to authorize ReflectiveMethodInvocation: public org.springframework.http.ResponseEntity com.giapho.coffee_shop_backend.controller.ReportController.getRevenueByDateRange(java.time.LocalDate,java.time.LocalDate); target is of class [com.giapho.coffee_shop_backend.controller.ReportController] with authorization manager org.springframework.security.authorization.method.PreAuthorizeAuthorizationManager@70d76581 and result ExpressionAuthorizationDecision [granted=false, expressionAttribute=hasAnyRole('MANAGER', 'ADMIN')]
2025-11-13 00:28:31 [http-nio-8088-exec-5] WARN  c.g.c.e.GlobalExceptionHandler - Access denied - Path: /api/v1/reports/revenue-by-date - User: khanhphung
2025-11-13 00:28:31 [http-nio-8088-exec-1] DEBUG o.s.security.web.FilterChainProxy - Securing GET /api/v1/reports/best-sellers?startDate=2025-10-14&endDate=2025-11-13&top=5&sortBy=revenue
2025-11-13 00:28:31 [http-nio-8088-exec-1] DEBUG org.hibernate.SQL - 
    select
        u1_0.id,
        u1_0.created_at,
        u1_0.email,
        u1_0.full_name,
        u1_0.password,
        u1_0.phone,
        u1_0.status,
        u1_0.updated_at,
        u1_0.username 
    from
        users u1_0 
    where
        u1_0.username=?
2025-11-13 00:28:31 [http-nio-8088-exec-1] DEBUG org.hibernate.SQL - 
    select
        r1_0.user_id,
        r1_1.id,
        r1_1.name 
    from
        user_roles r1_0 
    join
        roles r1_1 
            on r1_1.id=r1_0.role_id 
    where
        r1_0.user_id=?
2025-11-13 00:28:31 [http-nio-8088-exec-1] DEBUG o.s.security.web.FilterChainProxy - Secured GET /api/v1/reports/best-sellers?startDate=2025-10-14&endDate=2025-11-13&top=5&sortBy=revenue
2025-11-13 00:28:31 [http-nio-8088-exec-1] DEBUG o.s.s.a.m.AuthorizationManagerBeforeMethodInterceptor - Authorizing method invocation ReflectiveMethodInvocation: public org.springframework.http.ResponseEntity com.giapho.coffee_shop_backend.controller.ReportController.getBestSellers(java.time.LocalDate,java.time.LocalDate,int,java.lang.String); target is of class [com.giapho.coffee_shop_backend.controller.ReportController]
2025-11-13 00:28:31 [http-nio-8088-exec-1] DEBUG o.s.s.a.m.AuthorizationManagerBeforeMethodInterceptor - Failed to authorize ReflectiveMethodInvocation: public org.springframework.http.ResponseEntity com.giapho.coffee_shop_backend.controller.ReportController.getBestSellers(java.time.LocalDate,java.time.LocalDate,int,java.lang.String); target is of class [com.giapho.coffee_shop_backend.controller.ReportController] with authorization manager org.springframework.security.authorization.method.PreAuthorizeAuthorizationManager@70d76581 and result ExpressionAuthorizationDecision [granted=false, expressionAttribute=hasAnyRole('MANAGER', 'ADMIN')]
2025-11-13 00:28:31 [http-nio-8088-exec-1] WARN  c.g.c.e.GlobalExceptionHandler - Access denied - Path: /api/v1/reports/best-sellers - User: khanhphung
2025-11-13 00:28:36 [http-nio-8088-exec-3] DEBUG o.s.security.web.FilterChainProxy - Securing GET /api/v1/tables
2025-11-13 00:28:36 [http-nio-8088-exec-4] DEBUG o.s.security.web.FilterChainProxy - Securing GET /api/v1/products?page=0&size=1000
2025-11-13 00:28:36 [http-nio-8088-exec-5] DEBUG o.s.security.web.FilterChainProxy - Securing GET /api/v1/customers?page=0&size=1000
2025-11-13 00:28:36 [http-nio-8088-exec-3] DEBUG org.hibernate.SQL - 
    select
        u1_0.id,
        u1_0.created_at,
        u1_0.email,
        u1_0.full_name,
        u1_0.password,
        u1_0.phone,
        u1_0.status,
        u1_0.updated_at,
        u1_0.username 
    from
        users u1_0 
    where
        u1_0.username=?
2025-11-13 00:28:36 [http-nio-8088-exec-4] DEBUG org.hibernate.SQL - 
    select
        u1_0.id,
        u1_0.created_at,
        u1_0.email,
        u1_0.full_name,
        u1_0.password,
        u1_0.phone,
        u1_0.status,
        u1_0.updated_at,
        u1_0.username 
    from
        users u1_0 
    where
        u1_0.username=?
2025-11-13 00:28:36 [http-nio-8088-exec-5] DEBUG org.hibernate.SQL - 
    select
        u1_0.id,
        u1_0.created_at,
        u1_0.email,
        u1_0.full_name,
        u1_0.password,
        u1_0.phone,
        u1_0.status,
        u1_0.updated_at,
        u1_0.username 
    from
        users u1_0 
    where
        u1_0.username=?
2025-11-13 00:28:36 [http-nio-8088-exec-3] DEBUG org.hibernate.SQL - 
    select
        r1_0.user_id,
        r1_1.id,
        r1_1.name 
    from
        user_roles r1_0 
    join
        roles r1_1 
            on r1_1.id=r1_0.role_id 
    where
        r1_0.user_id=?
2025-11-13 00:28:36 [http-nio-8088-exec-5] DEBUG org.hibernate.SQL - 
    select
        r1_0.user_id,
        r1_1.id,
        r1_1.name 
    from
        user_roles r1_0 
    join
        roles r1_1 
            on r1_1.id=r1_0.role_id 
    where
        r1_0.user_id=?
2025-11-13 00:28:36 [http-nio-8088-exec-4] DEBUG org.hibernate.SQL - 
    select
        r1_0.user_id,
        r1_1.id,
        r1_1.name 
    from
        user_roles r1_0 
    join
        roles r1_1 
            on r1_1.id=r1_0.role_id 
    where
        r1_0.user_id=?
2025-11-13 00:28:36 [http-nio-8088-exec-4] DEBUG o.s.security.web.FilterChainProxy - Secured GET /api/v1/products?page=0&size=1000
2025-11-13 00:28:36 [http-nio-8088-exec-3] DEBUG o.s.security.web.FilterChainProxy - Secured GET /api/v1/tables
2025-11-13 00:28:36 [http-nio-8088-exec-3] DEBUG o.s.s.a.m.AuthorizationManagerBeforeMethodInterceptor - Authorizing method invocation ReflectiveMethodInvocation: public org.springframework.http.ResponseEntity com.giapho.coffee_shop_backend.controller.CafeTableController.getAllTables(); target is of class [com.giapho.coffee_shop_backend.controller.CafeTableController]
2025-11-13 00:28:36 [http-nio-8088-exec-3] DEBUG o.s.s.a.m.AuthorizationManagerBeforeMethodInterceptor - Authorized method invocation ReflectiveMethodInvocation: public org.springframework.http.ResponseEntity com.giapho.coffee_shop_backend.controller.CafeTableController.getAllTables(); target is of class [com.giapho.coffee_shop_backend.controller.CafeTableController]
2025-11-13 00:28:36 [http-nio-8088-exec-4] DEBUG o.s.s.a.m.AuthorizationManagerBeforeMethodInterceptor - Authorizing method invocation ReflectiveMethodInvocation: public org.springframework.http.ResponseEntity com.giapho.coffee_shop_backend.controller.ProductController.getAllProducts(java.lang.String,java.lang.Long,org.springframework.data.domain.Pageable); target is of class [com.giapho.coffee_shop_backend.controller.ProductController]
2025-11-13 00:28:36 [http-nio-8088-exec-4] DEBUG o.s.s.a.m.AuthorizationManagerBeforeMethodInterceptor - Authorized method invocation ReflectiveMethodInvocation: public org.springframework.http.ResponseEntity com.giapho.coffee_shop_backend.controller.ProductController.getAllProducts(java.lang.String,java.lang.Long,org.springframework.data.domain.Pageable); target is of class [com.giapho.coffee_shop_backend.controller.ProductController]
2025-11-13 00:28:36 [http-nio-8088-exec-5] DEBUG o.s.security.web.FilterChainProxy - Secured GET /api/v1/customers?page=0&size=1000
2025-11-13 00:28:36 [http-nio-8088-exec-5] DEBUG o.s.s.a.m.AuthorizationManagerBeforeMethodInterceptor - Authorizing method invocation ReflectiveMethodInvocation: public org.springframework.http.ResponseEntity com.giapho.coffee_shop_backend.controller.CustomerController.searchCustomers(java.lang.String,org.springframework.data.domain.Pageable); target is of class [com.giapho.coffee_shop_backend.controller.CustomerController]
2025-11-13 00:28:36 [http-nio-8088-exec-5] DEBUG o.s.s.a.m.AuthorizationManagerBeforeMethodInterceptor - Authorized method invocation ReflectiveMethodInvocation: public org.springframework.http.ResponseEntity com.giapho.coffee_shop_backend.controller.CustomerController.searchCustomers(java.lang.String,org.springframework.data.domain.Pageable); target is of class [com.giapho.coffee_shop_backend.controller.CustomerController]
2025-11-13 00:28:36 [http-nio-8088-exec-3] DEBUG org.hibernate.SQL - 
    select
        ct1_0.id,
        ct1_0.capacity,
        ct1_0.name,
        ct1_0.status 
    from
        tables ct1_0
2025-11-13 00:28:36 [http-nio-8088-exec-4] DEBUG org.hibernate.SQL - 
    select
        p1_0.id,
        p1_0.category_id,
        c1_0.id,
        c1_0.description,
        c1_0.name,
        p1_0.code,
        p1_0.cost,
        p1_0.created_at,
        p1_0.description,
        p1_0.image_url,
        p1_0.is_available,
        p1_0.name,
        p1_0.price,
        p1_0.updated_at 
    from
        products p1_0 
    join
        categories c1_0 
            on c1_0.id=p1_0.category_id 
    limit
        ?, ?
2025-11-13 00:28:36 [http-nio-8088-exec-5] DEBUG org.hibernate.SQL - 
    select
        c1_0.id,
        c1_0.created_at,
        c1_0.email,
        c1_0.full_name,
        c1_0.loyalty_points,
        c1_0.phone,
        c1_0.updated_at 
    from
        customers c1_0 
    order by
        c1_0.full_name 
    limit
        ?, ?
2025-11-13 00:28:36 [http-nio-8088-exec-10] DEBUG o.s.security.web.FilterChainProxy - Securing GET /api/v1/files/56de7c12-082e-4eb3-b6cb-d84d8cc38775.jpg
2025-11-13 00:28:36 [http-nio-8088-exec-10] DEBUG o.s.s.w.a.AnonymousAuthenticationFilter - Set SecurityContextHolder to anonymous SecurityContext
2025-11-13 00:28:36 [http-nio-8088-exec-6] DEBUG o.s.security.web.FilterChainProxy - Securing GET /api/v1/files/b0fcea8f-74ab-4ff1-bd62-6557e0ccb1f2.jpg
2025-11-13 00:28:36 [http-nio-8088-exec-6] DEBUG o.s.s.w.a.AnonymousAuthenticationFilter - Set SecurityContextHolder to anonymous SecurityContext
2025-11-13 00:28:36 [http-nio-8088-exec-1] DEBUG o.s.security.web.FilterChainProxy - Securing GET /api/v1/files/82b4818b-f0d2-4206-bfa5-298f7111d20c.jpg
2025-11-13 00:28:36 [http-nio-8088-exec-6] DEBUG o.s.security.web.FilterChainProxy - Secured GET /api/v1/files/b0fcea8f-74ab-4ff1-bd62-6557e0ccb1f2.jpg
2025-11-13 00:28:36 [http-nio-8088-exec-1] DEBUG o.s.s.w.a.AnonymousAuthenticationFilter - Set SecurityContextHolder to anonymous SecurityContext
2025-11-13 00:28:36 [http-nio-8088-exec-1] DEBUG o.s.security.web.FilterChainProxy - Secured GET /api/v1/files/82b4818b-f0d2-4206-bfa5-298f7111d20c.jpg
2025-11-13 00:28:36 [http-nio-8088-exec-6] DEBUG c.g.c.controller.FileController - Downloading file: b0fcea8f-74ab-4ff1-bd62-6557e0ccb1f2.jpg
2025-11-13 00:28:36 [http-nio-8088-exec-1] DEBUG c.g.c.controller.FileController - Downloading file: 82b4818b-f0d2-4206-bfa5-298f7111d20c.jpg
2025-11-13 00:28:36 [http-nio-8088-exec-10] DEBUG o.s.security.web.FilterChainProxy - Secured GET /api/v1/files/56de7c12-082e-4eb3-b6cb-d84d8cc38775.jpg
2025-11-13 00:28:36 [http-nio-8088-exec-10] DEBUG c.g.c.controller.FileController - Downloading file: 56de7c12-082e-4eb3-b6cb-d84d8cc38775.jpg
2025-11-13 00:28:36 [http-nio-8088-exec-2] DEBUG o.s.security.web.FilterChainProxy - Securing GET /api/v1/files/e267ade1-780a-4a34-adf1-ecb1b2948e21.jpg
2025-11-13 00:28:36 [http-nio-8088-exec-7] DEBUG o.s.security.web.FilterChainProxy - Securing GET /api/v1/files/358e5aef-6b26-4cb1-a997-97ac999d9dc1.jpg
2025-11-13 00:28:36 [http-nio-8088-exec-2] DEBUG o.s.s.w.a.AnonymousAuthenticationFilter - Set SecurityContextHolder to anonymous SecurityContext
2025-11-13 00:28:36 [http-nio-8088-exec-2] DEBUG o.s.security.web.FilterChainProxy - Secured GET /api/v1/files/e267ade1-780a-4a34-adf1-ecb1b2948e21.jpg
2025-11-13 00:28:36 [http-nio-8088-exec-7] DEBUG o.s.s.w.a.AnonymousAuthenticationFilter - Set SecurityContextHolder to anonymous SecurityContext
2025-11-13 00:28:36 [http-nio-8088-exec-7] DEBUG o.s.security.web.FilterChainProxy - Secured GET /api/v1/files/358e5aef-6b26-4cb1-a997-97ac999d9dc1.jpg
2025-11-13 00:28:36 [http-nio-8088-exec-8] DEBUG o.s.security.web.FilterChainProxy - Securing GET /api/v1/files/587ac1e2-1a65-4144-bbb7-faff4eac57bd.jpg
2025-11-13 00:28:36 [http-nio-8088-exec-2] DEBUG c.g.c.controller.FileController - Downloading file: e267ade1-780a-4a34-adf1-ecb1b2948e21.jpg
2025-11-13 00:28:36 [http-nio-8088-exec-8] DEBUG o.s.s.w.a.AnonymousAuthenticationFilter - Set SecurityContextHolder to anonymous SecurityContext
2025-11-13 00:28:36 [http-nio-8088-exec-7] DEBUG c.g.c.controller.FileController - Downloading file: 358e5aef-6b26-4cb1-a997-97ac999d9dc1.jpg
2025-11-13 00:28:36 [http-nio-8088-exec-8] DEBUG o.s.security.web.FilterChainProxy - Secured GET /api/v1/files/587ac1e2-1a65-4144-bbb7-faff4eac57bd.jpg
2025-11-13 00:28:36 [http-nio-8088-exec-8] DEBUG c.g.c.controller.FileController - Downloading file: 587ac1e2-1a65-4144-bbb7-faff4eac57bd.jpg
2025-11-13 00:28:36 [http-nio-8088-exec-3] DEBUG o.s.security.web.FilterChainProxy - Securing GET /api/v1/categories
2025-11-13 00:28:36 [http-nio-8088-exec-4] DEBUG o.s.security.web.FilterChainProxy - Securing GET /api/v1/files/fc284af6-76c3-40fc-b6ab-245bf05af010.jpg
2025-11-13 00:28:36 [http-nio-8088-exec-4] DEBUG o.s.s.w.a.AnonymousAuthenticationFilter - Set SecurityContextHolder to anonymous SecurityContext
2025-11-13 00:28:36 [http-nio-8088-exec-4] DEBUG o.s.security.web.FilterChainProxy - Secured GET /api/v1/files/fc284af6-76c3-40fc-b6ab-245bf05af010.jpg
2025-11-13 00:28:36 [http-nio-8088-exec-4] DEBUG c.g.c.controller.FileController - Downloading file: fc284af6-76c3-40fc-b6ab-245bf05af010.jpg
2025-11-13 00:28:36 [http-nio-8088-exec-1] DEBUG o.s.security.web.FilterChainProxy - Securing GET /api/v1/files/80cf5e3d-5d4c-4d1b-9e7d-0a0b8bfa00eb.jpg
2025-11-13 00:28:36 [http-nio-8088-exec-1] DEBUG o.s.s.w.a.AnonymousAuthenticationFilter - Set SecurityContextHolder to anonymous SecurityContext
2025-11-13 00:28:36 [http-nio-8088-exec-1] DEBUG o.s.security.web.FilterChainProxy - Secured GET /api/v1/files/80cf5e3d-5d4c-4d1b-9e7d-0a0b8bfa00eb.jpg
2025-11-13 00:28:36 [http-nio-8088-exec-1] DEBUG c.g.c.controller.FileController - Downloading file: 80cf5e3d-5d4c-4d1b-9e7d-0a0b8bfa00eb.jpg
2025-11-13 00:28:36 [http-nio-8088-exec-10] DEBUG o.s.security.web.FilterChainProxy - Securing GET /api/v1/files/5f0d97d1-f3b4-431e-99dd-ad80499705ba.jpg
2025-11-13 00:28:36 [http-nio-8088-exec-10] DEBUG o.s.s.w.a.AnonymousAuthenticationFilter - Set SecurityContextHolder to anonymous SecurityContext
2025-11-13 00:28:36 [http-nio-8088-exec-10] DEBUG o.s.security.web.FilterChainProxy - Secured GET /api/v1/files/5f0d97d1-f3b4-431e-99dd-ad80499705ba.jpg
2025-11-13 00:28:36 [http-nio-8088-exec-5] DEBUG o.s.security.web.FilterChainProxy - Securing GET /api/v1/files/399710fc-be76-468d-be99-161396dbd4a4.jpg
2025-11-13 00:28:36 [http-nio-8088-exec-5] DEBUG o.s.s.w.a.AnonymousAuthenticationFilter - Set SecurityContextHolder to anonymous SecurityContext
2025-11-13 00:28:36 [http-nio-8088-exec-5] DEBUG o.s.security.web.FilterChainProxy - Secured GET /api/v1/files/399710fc-be76-468d-be99-161396dbd4a4.jpg
2025-11-13 00:28:36 [http-nio-8088-exec-10] DEBUG c.g.c.controller.FileController - Downloading file: 5f0d97d1-f3b4-431e-99dd-ad80499705ba.jpg
2025-11-13 00:28:36 [http-nio-8088-exec-5] DEBUG c.g.c.controller.FileController - Downloading file: 399710fc-be76-468d-be99-161396dbd4a4.jpg
2025-11-13 00:28:36 [http-nio-8088-exec-9] DEBUG o.s.security.web.FilterChainProxy - Securing GET /api/v1/files/01377e1e-70ed-48ba-bd4a-6379aeff4856.jpg
2025-11-13 00:28:36 [http-nio-8088-exec-9] DEBUG o.s.s.w.a.AnonymousAuthenticationFilter - Set SecurityContextHolder to anonymous SecurityContext
2025-11-13 00:28:36 [http-nio-8088-exec-9] DEBUG o.s.security.web.FilterChainProxy - Secured GET /api/v1/files/01377e1e-70ed-48ba-bd4a-6379aeff4856.jpg
2025-11-13 00:28:36 [http-nio-8088-exec-9] DEBUG c.g.c.controller.FileController - Downloading file: 01377e1e-70ed-48ba-bd4a-6379aeff4856.jpg
2025-11-13 00:28:36 [http-nio-8088-exec-4] DEBUG o.s.security.web.FilterChainProxy - Securing GET /api/v1/files/76508bcc-516c-4520-b640-75df6df6a0ca.jpg
2025-11-13 00:28:36 [http-nio-8088-exec-4] DEBUG o.s.s.w.a.AnonymousAuthenticationFilter - Set SecurityContextHolder to anonymous SecurityContext
2025-11-13 00:28:36 [http-nio-8088-exec-4] DEBUG o.s.security.web.FilterChainProxy - Secured GET /api/v1/files/76508bcc-516c-4520-b640-75df6df6a0ca.jpg
2025-11-13 00:28:36 [http-nio-8088-exec-4] DEBUG c.g.c.controller.FileController - Downloading file: 76508bcc-516c-4520-b640-75df6df6a0ca.jpg
2025-11-13 00:28:36 [http-nio-8088-exec-5] DEBUG o.s.security.web.FilterChainProxy - Securing GET /api/v1/files/a10447e0-1a57-4b12-837d-218f6d3a6706.jpg
2025-11-13 00:28:36 [http-nio-8088-exec-6] DEBUG o.s.security.web.FilterChainProxy - Securing GET /api/v1/files/a7ad5fc9-6e6e-4d2d-bf7f-0925fb9237ec.jpg
2025-11-13 00:28:36 [http-nio-8088-exec-5] DEBUG o.s.s.w.a.AnonymousAuthenticationFilter - Set SecurityContextHolder to anonymous SecurityContext
2025-11-13 00:28:36 [http-nio-8088-exec-5] DEBUG o.s.security.web.FilterChainProxy - Secured GET /api/v1/files/a10447e0-1a57-4b12-837d-218f6d3a6706.jpg
2025-11-13 00:28:36 [http-nio-8088-exec-5] DEBUG c.g.c.controller.FileController - Downloading file: a10447e0-1a57-4b12-837d-218f6d3a6706.jpg
2025-11-13 00:28:36 [http-nio-8088-exec-3] DEBUG org.hibernate.SQL - 
    select
        u1_0.id,
        u1_0.created_at,
        u1_0.email,
        u1_0.full_name,
        u1_0.password,
        u1_0.phone,
        u1_0.status,
        u1_0.updated_at,
        u1_0.username 
    from
        users u1_0 
    where
        u1_0.username=?
2025-11-13 00:28:36 [http-nio-8088-exec-7] DEBUG o.s.security.web.FilterChainProxy - Securing GET /api/v1/files/3be6958d-8594-4f88-bf4a-caed30cc8686.jpg
2025-11-13 00:28:36 [http-nio-8088-exec-7] DEBUG o.s.s.w.a.AnonymousAuthenticationFilter - Set SecurityContextHolder to anonymous SecurityContext
2025-11-13 00:28:36 [http-nio-8088-exec-7] DEBUG o.s.security.web.FilterChainProxy - Secured GET /api/v1/files/3be6958d-8594-4f88-bf4a-caed30cc8686.jpg
2025-11-13 00:28:36 [http-nio-8088-exec-7] DEBUG c.g.c.controller.FileController - Downloading file: 3be6958d-8594-4f88-bf4a-caed30cc8686.jpg
2025-11-13 00:28:36 [http-nio-8088-exec-8] DEBUG o.s.security.web.FilterChainProxy - Securing GET /api/v1/files/dc7eea7e-d955-4e82-947f-8f3a275d09c8.jpg
2025-11-13 00:28:36 [http-nio-8088-exec-8] DEBUG o.s.s.w.a.AnonymousAuthenticationFilter - Set SecurityContextHolder to anonymous SecurityContext
2025-11-13 00:28:36 [http-nio-8088-exec-8] DEBUG o.s.security.web.FilterChainProxy - Secured GET /api/v1/files/dc7eea7e-d955-4e82-947f-8f3a275d09c8.jpg
2025-11-13 00:28:36 [http-nio-8088-exec-8] DEBUG c.g.c.controller.FileController - Downloading file: dc7eea7e-d955-4e82-947f-8f3a275d09c8.jpg
2025-11-13 00:28:36 [http-nio-8088-exec-6] DEBUG o.s.s.w.a.AnonymousAuthenticationFilter - Set SecurityContextHolder to anonymous SecurityContext
2025-11-13 00:28:36 [http-nio-8088-exec-6] DEBUG o.s.security.web.FilterChainProxy - Secured GET /api/v1/files/a7ad5fc9-6e6e-4d2d-bf7f-0925fb9237ec.jpg
2025-11-13 00:28:36 [http-nio-8088-exec-6] DEBUG c.g.c.controller.FileController - Downloading file: a7ad5fc9-6e6e-4d2d-bf7f-0925fb9237ec.jpg
2025-11-13 00:28:36 [http-nio-8088-exec-1] DEBUG o.s.security.web.FilterChainProxy - Securing GET /api/v1/files/4b9dcaa8-0825-4ee8-badc-86529e305d2a.jpg
2025-11-13 00:28:36 [http-nio-8088-exec-1] DEBUG o.s.s.w.a.AnonymousAuthenticationFilter - Set SecurityContextHolder to anonymous SecurityContext
2025-11-13 00:28:36 [http-nio-8088-exec-1] DEBUG o.s.security.web.FilterChainProxy - Secured GET /api/v1/files/4b9dcaa8-0825-4ee8-badc-86529e305d2a.jpg
2025-11-13 00:28:36 [http-nio-8088-exec-2] DEBUG o.s.security.web.FilterChainProxy - Securing GET /api/v1/files/257f1822-ec96-40c8-850e-a304cffa37fd.jpg
2025-11-13 00:28:36 [http-nio-8088-exec-1] DEBUG c.g.c.controller.FileController - Downloading file: 4b9dcaa8-0825-4ee8-badc-86529e305d2a.jpg
2025-11-13 00:28:36 [http-nio-8088-exec-2] DEBUG o.s.s.w.a.AnonymousAuthenticationFilter - Set SecurityContextHolder to anonymous SecurityContext
2025-11-13 00:28:36 [http-nio-8088-exec-2] DEBUG o.s.security.web.FilterChainProxy - Secured GET /api/v1/files/257f1822-ec96-40c8-850e-a304cffa37fd.jpg
2025-11-13 00:28:36 [http-nio-8088-exec-2] DEBUG c.g.c.controller.FileController - Downloading file: 257f1822-ec96-40c8-850e-a304cffa37fd.jpg
2025-11-13 00:28:36 [http-nio-8088-exec-3] DEBUG org.hibernate.SQL - 
    select
        r1_0.user_id,
        r1_1.id,
        r1_1.name 
    from
        user_roles r1_0 
    join
        roles r1_1 
            on r1_1.id=r1_0.role_id 
    where
        r1_0.user_id=?
2025-11-13 00:28:36 [http-nio-8088-exec-3] DEBUG o.s.security.web.FilterChainProxy - Secured GET /api/v1/categories
2025-11-13 00:28:36 [http-nio-8088-exec-3] DEBUG o.s.s.a.m.AuthorizationManagerBeforeMethodInterceptor - Authorizing method invocation ReflectiveMethodInvocation: public org.springframework.http.ResponseEntity com.giapho.coffee_shop_backend.controller.CategoryController.getAllCategories(); target is of class [com.giapho.coffee_shop_backend.controller.CategoryController]
2025-11-13 00:28:36 [http-nio-8088-exec-3] DEBUG o.s.s.a.m.AuthorizationManagerBeforeMethodInterceptor - Authorized method invocation ReflectiveMethodInvocation: public org.springframework.http.ResponseEntity com.giapho.coffee_shop_backend.controller.CategoryController.getAllCategories(); target is of class [com.giapho.coffee_shop_backend.controller.CategoryController]
2025-11-13 00:28:36 [http-nio-8088-exec-3] DEBUG org.hibernate.SQL - 
    select
        c1_0.id,
        c1_0.description,
        c1_0.name 
    from
        categories c1_0
2025-11-13 00:28:46 [http-nio-8088-exec-10] DEBUG o.s.security.web.FilterChainProxy - Securing GET /api/v1/tables
2025-11-13 00:28:46 [http-nio-8088-exec-9] DEBUG o.s.security.web.FilterChainProxy - Securing GET /api/v1/products?page=0&size=1000
2025-11-13 00:28:46 [http-nio-8088-exec-4] DEBUG o.s.security.web.FilterChainProxy - Securing GET /api/v1/customers?page=0&size=1000
2025-11-13 00:28:46 [http-nio-8088-exec-4] DEBUG org.hibernate.SQL - 
    select
        u1_0.id,
        u1_0.created_at,
        u1_0.email,
        u1_0.full_name,
        u1_0.password,
        u1_0.phone,
        u1_0.status,
        u1_0.updated_at,
        u1_0.username 
    from
        users u1_0 
    where
        u1_0.username=?
2025-11-13 00:28:46 [http-nio-8088-exec-10] DEBUG org.hibernate.SQL - 
    select
        u1_0.id,
        u1_0.created_at,
        u1_0.email,
        u1_0.full_name,
        u1_0.password,
        u1_0.phone,
        u1_0.status,
        u1_0.updated_at,
        u1_0.username 
    from
        users u1_0 
    where
        u1_0.username=?
2025-11-13 00:28:46 [http-nio-8088-exec-9] DEBUG org.hibernate.SQL - 
    select
        u1_0.id,
        u1_0.created_at,
        u1_0.email,
        u1_0.full_name,
        u1_0.password,
        u1_0.phone,
        u1_0.status,
        u1_0.updated_at,
        u1_0.username 
    from
        users u1_0 
    where
        u1_0.username=?
2025-11-13 00:28:46 [http-nio-8088-exec-4] DEBUG org.hibernate.SQL - 
    select
        r1_0.user_id,
        r1_1.id,
        r1_1.name 
    from
        user_roles r1_0 
    join
        roles r1_1 
            on r1_1.id=r1_0.role_id 
    where
        r1_0.user_id=?
2025-11-13 00:28:46 [http-nio-8088-exec-9] DEBUG org.hibernate.SQL - 
    select
        r1_0.user_id,
        r1_1.id,
        r1_1.name 
    from
        user_roles r1_0 
    join
        roles r1_1 
            on r1_1.id=r1_0.role_id 
    where
        r1_0.user_id=?
2025-11-13 00:28:46 [http-nio-8088-exec-10] DEBUG org.hibernate.SQL - 
    select
        r1_0.user_id,
        r1_1.id,
        r1_1.name 
    from
        user_roles r1_0 
    join
        roles r1_1 
            on r1_1.id=r1_0.role_id 
    where
        r1_0.user_id=?
2025-11-13 00:28:46 [http-nio-8088-exec-4] DEBUG o.s.security.web.FilterChainProxy - Secured GET /api/v1/customers?page=0&size=1000
2025-11-13 00:28:46 [http-nio-8088-exec-9] DEBUG o.s.security.web.FilterChainProxy - Secured GET /api/v1/products?page=0&size=1000
2025-11-13 00:28:46 [http-nio-8088-exec-4] DEBUG o.s.s.a.m.AuthorizationManagerBeforeMethodInterceptor - Authorizing method invocation ReflectiveMethodInvocation: public org.springframework.http.ResponseEntity com.giapho.coffee_shop_backend.controller.CustomerController.searchCustomers(java.lang.String,org.springframework.data.domain.Pageable); target is of class [com.giapho.coffee_shop_backend.controller.CustomerController]
2025-11-13 00:28:46 [http-nio-8088-exec-9] DEBUG o.s.s.a.m.AuthorizationManagerBeforeMethodInterceptor - Authorizing method invocation ReflectiveMethodInvocation: public org.springframework.http.ResponseEntity com.giapho.coffee_shop_backend.controller.ProductController.getAllProducts(java.lang.String,java.lang.Long,org.springframework.data.domain.Pageable); target is of class [com.giapho.coffee_shop_backend.controller.ProductController]
2025-11-13 00:28:46 [http-nio-8088-exec-4] DEBUG o.s.s.a.m.AuthorizationManagerBeforeMethodInterceptor - Authorized method invocation ReflectiveMethodInvocation: public org.springframework.http.ResponseEntity com.giapho.coffee_shop_backend.controller.CustomerController.searchCustomers(java.lang.String,org.springframework.data.domain.Pageable); target is of class [com.giapho.coffee_shop_backend.controller.CustomerController]
2025-11-13 00:28:46 [http-nio-8088-exec-9] DEBUG o.s.s.a.m.AuthorizationManagerBeforeMethodInterceptor - Authorized method invocation ReflectiveMethodInvocation: public org.springframework.http.ResponseEntity com.giapho.coffee_shop_backend.controller.ProductController.getAllProducts(java.lang.String,java.lang.Long,org.springframework.data.domain.Pageable); target is of class [com.giapho.coffee_shop_backend.controller.ProductController]
2025-11-13 00:28:46 [http-nio-8088-exec-10] DEBUG o.s.security.web.FilterChainProxy - Secured GET /api/v1/tables
2025-11-13 00:28:46 [http-nio-8088-exec-10] DEBUG o.s.s.a.m.AuthorizationManagerBeforeMethodInterceptor - Authorizing method invocation ReflectiveMethodInvocation: public org.springframework.http.ResponseEntity com.giapho.coffee_shop_backend.controller.CafeTableController.getAllTables(); target is of class [com.giapho.coffee_shop_backend.controller.CafeTableController]
2025-11-13 00:28:46 [http-nio-8088-exec-10] DEBUG o.s.s.a.m.AuthorizationManagerBeforeMethodInterceptor - Authorized method invocation ReflectiveMethodInvocation: public org.springframework.http.ResponseEntity com.giapho.coffee_shop_backend.controller.CafeTableController.getAllTables(); target is of class [com.giapho.coffee_shop_backend.controller.CafeTableController]
2025-11-13 00:28:46 [http-nio-8088-exec-4] DEBUG org.hibernate.SQL - 
    select
        c1_0.id,
        c1_0.created_at,
        c1_0.email,
        c1_0.full_name,
        c1_0.loyalty_points,
        c1_0.phone,
        c1_0.updated_at 
    from
        customers c1_0 
    order by
        c1_0.full_name 
    limit
        ?, ?
2025-11-13 00:28:46 [http-nio-8088-exec-9] DEBUG org.hibernate.SQL - 
    select
        p1_0.id,
        p1_0.category_id,
        c1_0.id,
        c1_0.description,
        c1_0.name,
        p1_0.code,
        p1_0.cost,
        p1_0.created_at,
        p1_0.description,
        p1_0.image_url,
        p1_0.is_available,
        p1_0.name,
        p1_0.price,
        p1_0.updated_at 
    from
        products p1_0 
    join
        categories c1_0 
            on c1_0.id=p1_0.category_id 
    limit
        ?, ?
2025-11-13 00:28:46 [http-nio-8088-exec-10] DEBUG org.hibernate.SQL - 
    select
        ct1_0.id,
        ct1_0.capacity,
        ct1_0.name,
        ct1_0.status 
    from
        tables ct1_0
2025-11-13 00:28:46 [http-nio-8088-exec-5] DEBUG o.s.security.web.FilterChainProxy - Securing GET /api/v1/files/82b4818b-f0d2-4206-bfa5-298f7111d20c.jpg
2025-11-13 00:28:46 [http-nio-8088-exec-5] DEBUG o.s.s.w.a.AnonymousAuthenticationFilter - Set SecurityContextHolder to anonymous SecurityContext
2025-11-13 00:28:46 [http-nio-8088-exec-5] DEBUG o.s.security.web.FilterChainProxy - Secured GET /api/v1/files/82b4818b-f0d2-4206-bfa5-298f7111d20c.jpg
2025-11-13 00:28:46 [http-nio-8088-exec-5] DEBUG c.g.c.controller.FileController - Downloading file: 82b4818b-f0d2-4206-bfa5-298f7111d20c.jpg
2025-11-13 00:28:46 [http-nio-8088-exec-7] DEBUG o.s.security.web.FilterChainProxy - Securing GET /api/v1/files/56de7c12-082e-4eb3-b6cb-d84d8cc38775.jpg
2025-11-13 00:28:46 [http-nio-8088-exec-7] DEBUG o.s.s.w.a.AnonymousAuthenticationFilter - Set SecurityContextHolder to anonymous SecurityContext
2025-11-13 00:28:46 [http-nio-8088-exec-7] DEBUG o.s.security.web.FilterChainProxy - Secured GET /api/v1/files/56de7c12-082e-4eb3-b6cb-d84d8cc38775.jpg
2025-11-13 00:28:46 [http-nio-8088-exec-6] DEBUG o.s.security.web.FilterChainProxy - Securing GET /api/v1/files/e267ade1-780a-4a34-adf1-ecb1b2948e21.jpg
2025-11-13 00:28:46 [http-nio-8088-exec-7] DEBUG c.g.c.controller.FileController - Downloading file: 56de7c12-082e-4eb3-b6cb-d84d8cc38775.jpg
2025-11-13 00:28:46 [http-nio-8088-exec-6] DEBUG o.s.s.w.a.AnonymousAuthenticationFilter - Set SecurityContextHolder to anonymous SecurityContext
2025-11-13 00:28:46 [http-nio-8088-exec-6] DEBUG o.s.security.web.FilterChainProxy - Secured GET /api/v1/files/e267ade1-780a-4a34-adf1-ecb1b2948e21.jpg
2025-11-13 00:28:46 [http-nio-8088-exec-6] DEBUG c.g.c.controller.FileController - Downloading file: e267ade1-780a-4a34-adf1-ecb1b2948e21.jpg
2025-11-13 00:28:46 [http-nio-8088-exec-8] DEBUG o.s.security.web.FilterChainProxy - Securing GET /api/v1/files/b0fcea8f-74ab-4ff1-bd62-6557e0ccb1f2.jpg
2025-11-13 00:28:46 [http-nio-8088-exec-8] DEBUG o.s.s.w.a.AnonymousAuthenticationFilter - Set SecurityContextHolder to anonymous SecurityContext
2025-11-13 00:28:46 [http-nio-8088-exec-8] DEBUG o.s.security.web.FilterChainProxy - Secured GET /api/v1/files/b0fcea8f-74ab-4ff1-bd62-6557e0ccb1f2.jpg
2025-11-13 00:28:46 [http-nio-8088-exec-2] DEBUG o.s.security.web.FilterChainProxy - Securing GET /api/v1/files/80cf5e3d-5d4c-4d1b-9e7d-0a0b8bfa00eb.jpg
2025-11-13 00:28:46 [http-nio-8088-exec-8] DEBUG c.g.c.controller.FileController - Downloading file: b0fcea8f-74ab-4ff1-bd62-6557e0ccb1f2.jpg
2025-11-13 00:28:46 [http-nio-8088-exec-2] DEBUG o.s.s.w.a.AnonymousAuthenticationFilter - Set SecurityContextHolder to anonymous SecurityContext
2025-11-13 00:28:46 [http-nio-8088-exec-2] DEBUG o.s.security.web.FilterChainProxy - Secured GET /api/v1/files/80cf5e3d-5d4c-4d1b-9e7d-0a0b8bfa00eb.jpg
2025-11-13 00:28:46 [http-nio-8088-exec-1] DEBUG o.s.security.web.FilterChainProxy - Securing GET /api/v1/files/358e5aef-6b26-4cb1-a997-97ac999d9dc1.jpg
2025-11-13 00:28:46 [http-nio-8088-exec-1] DEBUG o.s.s.w.a.AnonymousAuthenticationFilter - Set SecurityContextHolder to anonymous SecurityContext
2025-11-13 00:28:46 [http-nio-8088-exec-1] DEBUG o.s.security.web.FilterChainProxy - Secured GET /api/v1/files/358e5aef-6b26-4cb1-a997-97ac999d9dc1.jpg
2025-11-13 00:28:46 [http-nio-8088-exec-1] DEBUG c.g.c.controller.FileController - Downloading file: 358e5aef-6b26-4cb1-a997-97ac999d9dc1.jpg
2025-11-13 00:28:46 [http-nio-8088-exec-2] DEBUG c.g.c.controller.FileController - Downloading file: 80cf5e3d-5d4c-4d1b-9e7d-0a0b8bfa00eb.jpg
2025-11-13 00:28:46 [http-nio-8088-exec-3] DEBUG o.s.security.web.FilterChainProxy - Securing GET /api/v1/files/587ac1e2-1a65-4144-bbb7-faff4eac57bd.jpg
2025-11-13 00:28:46 [http-nio-8088-exec-3] DEBUG o.s.s.w.a.AnonymousAuthenticationFilter - Set SecurityContextHolder to anonymous SecurityContext
2025-11-13 00:28:46 [http-nio-8088-exec-3] DEBUG o.s.security.web.FilterChainProxy - Secured GET /api/v1/files/587ac1e2-1a65-4144-bbb7-faff4eac57bd.jpg
2025-11-13 00:28:46 [http-nio-8088-exec-3] DEBUG c.g.c.controller.FileController - Downloading file: 587ac1e2-1a65-4144-bbb7-faff4eac57bd.jpg
2025-11-13 00:28:46 [http-nio-8088-exec-4] DEBUG o.s.security.web.FilterChainProxy - Securing GET /api/v1/files/fc284af6-76c3-40fc-b6ab-245bf05af010.jpg
2025-11-13 00:28:46 [http-nio-8088-exec-4] DEBUG o.s.s.w.a.AnonymousAuthenticationFilter - Set SecurityContextHolder to anonymous SecurityContext
2025-11-13 00:28:46 [http-nio-8088-exec-4] DEBUG o.s.security.web.FilterChainProxy - Secured GET /api/v1/files/fc284af6-76c3-40fc-b6ab-245bf05af010.jpg
2025-11-13 00:28:46 [http-nio-8088-exec-4] DEBUG c.g.c.controller.FileController - Downloading file: fc284af6-76c3-40fc-b6ab-245bf05af010.jpg
2025-11-13 00:28:46 [http-nio-8088-exec-9] DEBUG o.s.security.web.FilterChainProxy - Securing GET /api/v1/files/a10447e0-1a57-4b12-837d-218f6d3a6706.jpg
2025-11-13 00:28:46 [http-nio-8088-exec-10] DEBUG o.s.security.web.FilterChainProxy - Securing GET /api/v1/files/01377e1e-70ed-48ba-bd4a-6379aeff4856.jpg
2025-11-13 00:28:46 [http-nio-8088-exec-9] DEBUG o.s.s.w.a.AnonymousAuthenticationFilter - Set SecurityContextHolder to anonymous SecurityContext
2025-11-13 00:28:46 [http-nio-8088-exec-10] DEBUG o.s.s.w.a.AnonymousAuthenticationFilter - Set SecurityContextHolder to anonymous SecurityContext
2025-11-13 00:28:46 [http-nio-8088-exec-10] DEBUG o.s.security.web.FilterChainProxy - Secured GET /api/v1/files/01377e1e-70ed-48ba-bd4a-6379aeff4856.jpg
2025-11-13 00:28:46 [http-nio-8088-exec-9] DEBUG o.s.security.web.FilterChainProxy - Secured GET /api/v1/files/a10447e0-1a57-4b12-837d-218f6d3a6706.jpg
2025-11-13 00:28:46 [http-nio-8088-exec-10] DEBUG c.g.c.controller.FileController - Downloading file: 01377e1e-70ed-48ba-bd4a-6379aeff4856.jpg
2025-11-13 00:28:46 [http-nio-8088-exec-9] DEBUG c.g.c.controller.FileController - Downloading file: a10447e0-1a57-4b12-837d-218f6d3a6706.jpg
2025-11-13 00:28:46 [http-nio-8088-exec-3] DEBUG o.s.security.web.FilterChainProxy - Securing GET /api/v1/files/399710fc-be76-468d-be99-161396dbd4a4.jpg
2025-11-13 00:28:46 [http-nio-8088-exec-6] DEBUG o.s.security.web.FilterChainProxy - Securing GET /api/v1/categories
2025-11-13 00:28:46 [http-nio-8088-exec-2] DEBUG o.s.security.web.FilterChainProxy - Securing GET /api/v1/files/5f0d97d1-f3b4-431e-99dd-ad80499705ba.jpg
2025-11-13 00:28:46 [http-nio-8088-exec-9] DEBUG o.s.security.web.FilterChainProxy - Securing GET /api/v1/files/76508bcc-516c-4520-b640-75df6df6a0ca.jpg
2025-11-13 00:28:46 [http-nio-8088-exec-3] DEBUG o.s.s.w.a.AnonymousAuthenticationFilter - Set SecurityContextHolder to anonymous SecurityContext
2025-11-13 00:28:46 [http-nio-8088-exec-2] DEBUG o.s.s.w.a.AnonymousAuthenticationFilter - Set SecurityContextHolder to anonymous SecurityContext
2025-11-13 00:28:46 [http-nio-8088-exec-2] DEBUG o.s.security.web.FilterChainProxy - Secured GET /api/v1/files/5f0d97d1-f3b4-431e-99dd-ad80499705ba.jpg
2025-11-13 00:28:46 [http-nio-8088-exec-9] DEBUG o.s.s.w.a.AnonymousAuthenticationFilter - Set SecurityContextHolder to anonymous SecurityContext
2025-11-13 00:28:46 [http-nio-8088-exec-2] DEBUG c.g.c.controller.FileController - Downloading file: 5f0d97d1-f3b4-431e-99dd-ad80499705ba.jpg
2025-11-13 00:28:46 [http-nio-8088-exec-9] DEBUG o.s.security.web.FilterChainProxy - Secured GET /api/v1/files/76508bcc-516c-4520-b640-75df6df6a0ca.jpg
2025-11-13 00:28:46 [http-nio-8088-exec-3] DEBUG o.s.security.web.FilterChainProxy - Secured GET /api/v1/files/399710fc-be76-468d-be99-161396dbd4a4.jpg
2025-11-13 00:28:46 [http-nio-8088-exec-3] DEBUG c.g.c.controller.FileController - Downloading file: 399710fc-be76-468d-be99-161396dbd4a4.jpg
2025-11-13 00:28:46 [http-nio-8088-exec-1] DEBUG o.s.security.web.FilterChainProxy - Securing GET /api/v1/files/3be6958d-8594-4f88-bf4a-caed30cc8686.jpg
2025-11-13 00:28:46 [http-nio-8088-exec-1] DEBUG o.s.s.w.a.AnonymousAuthenticationFilter - Set SecurityContextHolder to anonymous SecurityContext
2025-11-13 00:28:46 [http-nio-8088-exec-1] DEBUG o.s.security.web.FilterChainProxy - Secured GET /api/v1/files/3be6958d-8594-4f88-bf4a-caed30cc8686.jpg
2025-11-13 00:28:46 [http-nio-8088-exec-1] DEBUG c.g.c.controller.FileController - Downloading file: 3be6958d-8594-4f88-bf4a-caed30cc8686.jpg
2025-11-13 00:28:46 [http-nio-8088-exec-7] DEBUG o.s.security.web.FilterChainProxy - Securing GET /api/v1/files/a7ad5fc9-6e6e-4d2d-bf7f-0925fb9237ec.jpg
2025-11-13 00:28:46 [http-nio-8088-exec-7] DEBUG o.s.s.w.a.AnonymousAuthenticationFilter - Set SecurityContextHolder to anonymous SecurityContext
2025-11-13 00:28:46 [http-nio-8088-exec-7] DEBUG o.s.security.web.FilterChainProxy - Secured GET /api/v1/files/a7ad5fc9-6e6e-4d2d-bf7f-0925fb9237ec.jpg
2025-11-13 00:28:46 [http-nio-8088-exec-7] DEBUG c.g.c.controller.FileController - Downloading file: a7ad5fc9-6e6e-4d2d-bf7f-0925fb9237ec.jpg
2025-11-13 00:28:46 [http-nio-8088-exec-9] DEBUG c.g.c.controller.FileController - Downloading file: 76508bcc-516c-4520-b640-75df6df6a0ca.jpg
2025-11-13 00:28:46 [http-nio-8088-exec-4] DEBUG o.s.security.web.FilterChainProxy - Securing GET /api/v1/files/4b9dcaa8-0825-4ee8-badc-86529e305d2a.jpg
2025-11-13 00:28:46 [http-nio-8088-exec-4] DEBUG o.s.s.w.a.AnonymousAuthenticationFilter - Set SecurityContextHolder to anonymous SecurityContext
2025-11-13 00:28:46 [http-nio-8088-exec-4] DEBUG o.s.security.web.FilterChainProxy - Secured GET /api/v1/files/4b9dcaa8-0825-4ee8-badc-86529e305d2a.jpg
2025-11-13 00:28:46 [http-nio-8088-exec-4] DEBUG c.g.c.controller.FileController - Downloading file: 4b9dcaa8-0825-4ee8-badc-86529e305d2a.jpg
2025-11-13 00:28:46 [http-nio-8088-exec-8] DEBUG o.s.security.web.FilterChainProxy - Securing GET /api/v1/files/257f1822-ec96-40c8-850e-a304cffa37fd.jpg
2025-11-13 00:28:46 [http-nio-8088-exec-6] DEBUG org.hibernate.SQL - 
    select
        u1_0.id,
        u1_0.created_at,
        u1_0.email,
        u1_0.full_name,
        u1_0.password,
        u1_0.phone,
        u1_0.status,
        u1_0.updated_at,
        u1_0.username 
    from
        users u1_0 
    where
        u1_0.username=?
2025-11-13 00:28:46 [http-nio-8088-exec-8] DEBUG o.s.s.w.a.AnonymousAuthenticationFilter - Set SecurityContextHolder to anonymous SecurityContext
2025-11-13 00:28:46 [http-nio-8088-exec-8] DEBUG o.s.security.web.FilterChainProxy - Secured GET /api/v1/files/257f1822-ec96-40c8-850e-a304cffa37fd.jpg
2025-11-13 00:28:46 [http-nio-8088-exec-5] DEBUG o.s.security.web.FilterChainProxy - Securing GET /api/v1/files/dc7eea7e-d955-4e82-947f-8f3a275d09c8.jpg
2025-11-13 00:28:46 [http-nio-8088-exec-5] DEBUG o.s.s.w.a.AnonymousAuthenticationFilter - Set SecurityContextHolder to anonymous SecurityContext
2025-11-13 00:28:46 [http-nio-8088-exec-5] DEBUG o.s.security.web.FilterChainProxy - Secured GET /api/v1/files/dc7eea7e-d955-4e82-947f-8f3a275d09c8.jpg
2025-11-13 00:28:46 [http-nio-8088-exec-5] DEBUG c.g.c.controller.FileController - Downloading file: dc7eea7e-d955-4e82-947f-8f3a275d09c8.jpg
2025-11-13 00:28:46 [http-nio-8088-exec-8] DEBUG c.g.c.controller.FileController - Downloading file: 257f1822-ec96-40c8-850e-a304cffa37fd.jpg
2025-11-13 00:28:46 [http-nio-8088-exec-6] DEBUG org.hibernate.SQL - 
    select
        r1_0.user_id,
        r1_1.id,
        r1_1.name 
    from
        user_roles r1_0 
    join
        roles r1_1 
            on r1_1.id=r1_0.role_id 
    where
        r1_0.user_id=?
2025-11-13 00:28:46 [http-nio-8088-exec-6] DEBUG o.s.security.web.FilterChainProxy - Secured GET /api/v1/categories
2025-11-13 00:28:46 [http-nio-8088-exec-6] DEBUG o.s.s.a.m.AuthorizationManagerBeforeMethodInterceptor - Authorizing method invocation ReflectiveMethodInvocation: public org.springframework.http.ResponseEntity com.giapho.coffee_shop_backend.controller.CategoryController.getAllCategories(); target is of class [com.giapho.coffee_shop_backend.controller.CategoryController]
2025-11-13 00:28:46 [http-nio-8088-exec-6] DEBUG o.s.s.a.m.AuthorizationManagerBeforeMethodInterceptor - Authorized method invocation ReflectiveMethodInvocation: public org.springframework.http.ResponseEntity com.giapho.coffee_shop_backend.controller.CategoryController.getAllCategories(); target is of class [com.giapho.coffee_shop_backend.controller.CategoryController]
2025-11-13 00:28:46 [http-nio-8088-exec-6] DEBUG org.hibernate.SQL - 
    select
        c1_0.id,
        c1_0.description,
        c1_0.name 
    from
        categories c1_0
2025-11-13 00:29:04 [http-nio-8088-exec-10] DEBUG o.s.security.web.FilterChainProxy - Securing GET /api/v1/files/587ac1e2-1a65-4144-bbb7-faff4eac57bd.jpg
2025-11-13 00:29:04 [http-nio-8088-exec-2] DEBUG o.s.security.web.FilterChainProxy - Securing GET /api/v1/files/fc284af6-76c3-40fc-b6ab-245bf05af010.jpg
2025-11-13 00:29:04 [http-nio-8088-exec-10] DEBUG o.s.s.w.a.AnonymousAuthenticationFilter - Set SecurityContextHolder to anonymous SecurityContext
2025-11-13 00:29:04 [http-nio-8088-exec-2] DEBUG o.s.s.w.a.AnonymousAuthenticationFilter - Set SecurityContextHolder to anonymous SecurityContext
2025-11-13 00:29:04 [http-nio-8088-exec-10] DEBUG o.s.security.web.FilterChainProxy - Secured GET /api/v1/files/587ac1e2-1a65-4144-bbb7-faff4eac57bd.jpg
2025-11-13 00:29:04 [http-nio-8088-exec-2] DEBUG o.s.security.web.FilterChainProxy - Secured GET /api/v1/files/fc284af6-76c3-40fc-b6ab-245bf05af010.jpg
2025-11-13 00:29:04 [http-nio-8088-exec-10] DEBUG c.g.c.controller.FileController - Downloading file: 587ac1e2-1a65-4144-bbb7-faff4eac57bd.jpg
2025-11-13 00:29:04 [http-nio-8088-exec-7] DEBUG o.s.security.web.FilterChainProxy - Securing GET /api/v1/files/01377e1e-70ed-48ba-bd4a-6379aeff4856.jpg
2025-11-13 00:29:04 [http-nio-8088-exec-7] DEBUG o.s.s.w.a.AnonymousAuthenticationFilter - Set SecurityContextHolder to anonymous SecurityContext
2025-11-13 00:29:04 [http-nio-8088-exec-7] DEBUG o.s.security.web.FilterChainProxy - Secured GET /api/v1/files/01377e1e-70ed-48ba-bd4a-6379aeff4856.jpg
2025-11-13 00:29:04 [http-nio-8088-exec-3] DEBUG o.s.security.web.FilterChainProxy - Securing GET /api/v1/files/a10447e0-1a57-4b12-837d-218f6d3a6706.jpg
2025-11-13 00:29:04 [http-nio-8088-exec-3] DEBUG o.s.s.w.a.AnonymousAuthenticationFilter - Set SecurityContextHolder to anonymous SecurityContext
2025-11-13 00:29:04 [http-nio-8088-exec-3] DEBUG o.s.security.web.FilterChainProxy - Secured GET /api/v1/files/a10447e0-1a57-4b12-837d-218f6d3a6706.jpg
2025-11-13 00:29:04 [http-nio-8088-exec-7] DEBUG c.g.c.controller.FileController - Downloading file: 01377e1e-70ed-48ba-bd4a-6379aeff4856.jpg
2025-11-13 00:29:04 [http-nio-8088-exec-3] DEBUG c.g.c.controller.FileController - Downloading file: a10447e0-1a57-4b12-837d-218f6d3a6706.jpg
2025-11-13 00:29:04 [http-nio-8088-exec-1] DEBUG o.s.security.web.FilterChainProxy - Securing GET /api/v1/files/399710fc-be76-468d-be99-161396dbd4a4.jpg
2025-11-13 00:29:04 [http-nio-8088-exec-1] DEBUG o.s.s.w.a.AnonymousAuthenticationFilter - Set SecurityContextHolder to anonymous SecurityContext
2025-11-13 00:29:04 [http-nio-8088-exec-1] DEBUG o.s.security.web.FilterChainProxy - Secured GET /api/v1/files/399710fc-be76-468d-be99-161396dbd4a4.jpg
2025-11-13 00:29:04 [http-nio-8088-exec-2] DEBUG c.g.c.controller.FileController - Downloading file: fc284af6-76c3-40fc-b6ab-245bf05af010.jpg
2025-11-13 00:29:04 [http-nio-8088-exec-1] DEBUG c.g.c.controller.FileController - Downloading file: 399710fc-be76-468d-be99-161396dbd4a4.jpg
2025-11-13 00:29:04 [http-nio-8088-exec-9] DEBUG o.s.security.web.FilterChainProxy - Securing GET /api/v1/files/76508bcc-516c-4520-b640-75df6df6a0ca.jpg
2025-11-13 00:29:04 [http-nio-8088-exec-9] DEBUG o.s.s.w.a.AnonymousAuthenticationFilter - Set SecurityContextHolder to anonymous SecurityContext
2025-11-13 00:29:04 [http-nio-8088-exec-9] DEBUG o.s.security.web.FilterChainProxy - Secured GET /api/v1/files/76508bcc-516c-4520-b640-75df6df6a0ca.jpg
2025-11-13 00:29:04 [http-nio-8088-exec-9] DEBUG c.g.c.controller.FileController - Downloading file: 76508bcc-516c-4520-b640-75df6df6a0ca.jpg
2025-11-13 00:29:04 [http-nio-8088-exec-10] DEBUG o.s.security.web.FilterChainProxy - Securing GET /api/v1/files/5f0d97d1-f3b4-431e-99dd-ad80499705ba.jpg
2025-11-13 00:29:04 [http-nio-8088-exec-10] DEBUG o.s.s.w.a.AnonymousAuthenticationFilter - Set SecurityContextHolder to anonymous SecurityContext
2025-11-13 00:29:04 [http-nio-8088-exec-10] DEBUG o.s.security.web.FilterChainProxy - Secured GET /api/v1/files/5f0d97d1-f3b4-431e-99dd-ad80499705ba.jpg
2025-11-13 00:29:04 [http-nio-8088-exec-5] DEBUG o.s.security.web.FilterChainProxy - Securing GET /api/v1/files/dc7eea7e-d955-4e82-947f-8f3a275d09c8.jpg
2025-11-13 00:29:04 [http-nio-8088-exec-5] DEBUG o.s.s.w.a.AnonymousAuthenticationFilter - Set SecurityContextHolder to anonymous SecurityContext
2025-11-13 00:29:04 [http-nio-8088-exec-5] DEBUG o.s.security.web.FilterChainProxy - Secured GET /api/v1/files/dc7eea7e-d955-4e82-947f-8f3a275d09c8.jpg
2025-11-13 00:29:04 [http-nio-8088-exec-10] DEBUG c.g.c.controller.FileController - Downloading file: 5f0d97d1-f3b4-431e-99dd-ad80499705ba.jpg
2025-11-13 00:29:04 [http-nio-8088-exec-5] DEBUG c.g.c.controller.FileController - Downloading file: dc7eea7e-d955-4e82-947f-8f3a275d09c8.jpg
2025-11-13 00:29:04 [http-nio-8088-exec-1] DEBUG o.s.security.web.FilterChainProxy - Securing GET /api/v1/files/3be6958d-8594-4f88-bf4a-caed30cc8686.jpg
2025-11-13 00:29:04 [http-nio-8088-exec-1] DEBUG o.s.s.w.a.AnonymousAuthenticationFilter - Set SecurityContextHolder to anonymous SecurityContext
2025-11-13 00:29:04 [http-nio-8088-exec-1] DEBUG o.s.security.web.FilterChainProxy - Secured GET /api/v1/files/3be6958d-8594-4f88-bf4a-caed30cc8686.jpg
2025-11-13 00:29:04 [http-nio-8088-exec-8] DEBUG o.s.security.web.FilterChainProxy - Securing GET /api/v1/files/4b9dcaa8-0825-4ee8-badc-86529e305d2a.jpg
2025-11-13 00:29:04 [http-nio-8088-exec-8] DEBUG o.s.s.w.a.AnonymousAuthenticationFilter - Set SecurityContextHolder to anonymous SecurityContext
2025-11-13 00:29:04 [http-nio-8088-exec-8] DEBUG o.s.security.web.FilterChainProxy - Secured GET /api/v1/files/4b9dcaa8-0825-4ee8-badc-86529e305d2a.jpg
2025-11-13 00:29:04 [http-nio-8088-exec-8] DEBUG c.g.c.controller.FileController - Downloading file: 4b9dcaa8-0825-4ee8-badc-86529e305d2a.jpg
2025-11-13 00:29:04 [http-nio-8088-exec-1] DEBUG c.g.c.controller.FileController - Downloading file: 3be6958d-8594-4f88-bf4a-caed30cc8686.jpg
2025-11-13 00:29:04 [http-nio-8088-exec-6] DEBUG o.s.security.web.FilterChainProxy - Securing GET /api/v1/files/257f1822-ec96-40c8-850e-a304cffa37fd.jpg
2025-11-13 00:29:04 [http-nio-8088-exec-6] DEBUG o.s.s.w.a.AnonymousAuthenticationFilter - Set SecurityContextHolder to anonymous SecurityContext
2025-11-13 00:29:04 [http-nio-8088-exec-6] DEBUG o.s.security.web.FilterChainProxy - Secured GET /api/v1/files/257f1822-ec96-40c8-850e-a304cffa37fd.jpg
2025-11-13 00:29:04 [http-nio-8088-exec-6] DEBUG c.g.c.controller.FileController - Downloading file: 257f1822-ec96-40c8-850e-a304cffa37fd.jpg
2025-11-13 00:29:04 [http-nio-8088-exec-2] DEBUG o.s.security.web.FilterChainProxy - Securing GET /api/v1/files/a7ad5fc9-6e6e-4d2d-bf7f-0925fb9237ec.jpg
2025-11-13 00:29:04 [http-nio-8088-exec-2] DEBUG o.s.s.w.a.AnonymousAuthenticationFilter - Set SecurityContextHolder to anonymous SecurityContext
2025-11-13 00:29:04 [http-nio-8088-exec-2] DEBUG o.s.security.web.FilterChainProxy - Secured GET /api/v1/files/a7ad5fc9-6e6e-4d2d-bf7f-0925fb9237ec.jpg
2025-11-13 00:29:04 [http-nio-8088-exec-2] DEBUG c.g.c.controller.FileController - Downloading file: a7ad5fc9-6e6e-4d2d-bf7f-0925fb9237ec.jpg
2025-11-13 00:29:10 [http-nio-8088-exec-4] DEBUG o.s.security.web.FilterChainProxy - Securing OPTIONS /api/v1/users/9
2025-11-13 00:29:10 [http-nio-8088-exec-3] DEBUG o.s.security.web.FilterChainProxy - Securing GET /api/v1/users/9
2025-11-13 00:29:10 [http-nio-8088-exec-3] DEBUG org.hibernate.SQL - 
    select
        u1_0.id,
        u1_0.created_at,
        u1_0.email,
        u1_0.full_name,
        u1_0.password,
        u1_0.phone,
        u1_0.status,
        u1_0.updated_at,
        u1_0.username 
    from
        users u1_0 
    where
        u1_0.username=?
2025-11-13 00:29:10 [http-nio-8088-exec-3] DEBUG org.hibernate.SQL - 
    select
        r1_0.user_id,
        r1_1.id,
        r1_1.name 
    from
        user_roles r1_0 
    join
        roles r1_1 
            on r1_1.id=r1_0.role_id 
    where
        r1_0.user_id=?
2025-11-13 00:29:10 [http-nio-8088-exec-3] DEBUG o.s.security.web.FilterChainProxy - Secured GET /api/v1/users/9
2025-11-13 00:29:10 [http-nio-8088-exec-3] DEBUG o.s.s.a.m.AuthorizationManagerBeforeMethodInterceptor - Authorizing method invocation ReflectiveMethodInvocation: public org.springframework.http.ResponseEntity com.giapho.coffee_shop_backend.controller.UserController.getUserById(java.lang.Long); target is of class [com.giapho.coffee_shop_backend.controller.UserController]
2025-11-13 00:29:10 [http-nio-8088-exec-3] DEBUG o.s.s.a.m.AuthorizationManagerBeforeMethodInterceptor - Authorized method invocation ReflectiveMethodInvocation: public org.springframework.http.ResponseEntity com.giapho.coffee_shop_backend.controller.UserController.getUserById(java.lang.Long); target is of class [com.giapho.coffee_shop_backend.controller.UserController]
2025-11-13 00:29:10 [http-nio-8088-exec-3] DEBUG org.hibernate.SQL - 
    select
        u1_0.id,
        u1_0.created_at,
        u1_0.email,
        u1_0.full_name,
        u1_0.password,
        u1_0.phone,
        r1_0.user_id,
        r1_1.id,
        r1_1.name,
        u1_0.status,
        u1_0.updated_at,
        u1_0.username 
    from
        users u1_0 
    left join
        user_roles r1_0 
            on u1_0.id=r1_0.user_id 
    left join
        roles r1_1 
            on r1_1.id=r1_0.role_id 
    where
        u1_0.id=?
2025-11-13 00:29:24 [http-nio-8088-exec-7] DEBUG o.s.security.web.FilterChainProxy - Securing POST /api/v1/auth/login
2025-11-13 00:29:24 [http-nio-8088-exec-7] DEBUG o.s.s.w.a.AnonymousAuthenticationFilter - Set SecurityContextHolder to anonymous SecurityContext
2025-11-13 00:29:24 [http-nio-8088-exec-7] DEBUG o.s.security.web.FilterChainProxy - Secured POST /api/v1/auth/login
2025-11-13 00:29:24 [http-nio-8088-exec-7] WARN  c.g.c.e.GlobalExceptionHandler - Validation failed - Path: /api/v1/auth/login
2025-11-13 00:29:24 [http-nio-8088-exec-7] DEBUG c.g.c.e.GlobalExceptionHandler - Field validation error - password: Password is required
2025-11-13 00:29:30 [http-nio-8088-exec-9] DEBUG o.s.security.web.FilterChainProxy - Securing POST /api/v1/auth/login
2025-11-13 00:29:30 [http-nio-8088-exec-9] DEBUG o.s.s.w.a.AnonymousAuthenticationFilter - Set SecurityContextHolder to anonymous SecurityContext
2025-11-13 00:29:30 [http-nio-8088-exec-9] DEBUG o.s.security.web.FilterChainProxy - Secured POST /api/v1/auth/login
2025-11-13 00:29:30 [http-nio-8088-exec-9] DEBUG org.hibernate.SQL - 
    select
        u1_0.id,
        u1_0.created_at,
        u1_0.email,
        u1_0.full_name,
        u1_0.password,
        u1_0.phone,
        u1_0.status,
        u1_0.updated_at,
        u1_0.username 
    from
        users u1_0 
    where
        u1_0.username=?
2025-11-13 00:29:30 [http-nio-8088-exec-9] DEBUG org.hibernate.SQL - 
    select
        r1_0.user_id,
        r1_1.id,
        r1_1.name 
    from
        user_roles r1_0 
    join
        roles r1_1 
            on r1_1.id=r1_0.role_id 
    where
        r1_0.user_id=?
2025-11-13 00:29:30 [http-nio-8088-exec-9] DEBUG o.s.s.a.d.DaoAuthenticationProvider - Authenticated user
2025-11-13 00:29:30 [http-nio-8088-exec-9] DEBUG org.hibernate.SQL - 
    select
        u1_0.id,
        u1_0.created_at,
        u1_0.email,
        u1_0.full_name,
        u1_0.password,
        u1_0.phone,
        u1_0.status,
        u1_0.updated_at,
        u1_0.username 
    from
        users u1_0 
    where
        u1_0.username=?
2025-11-13 00:29:30 [http-nio-8088-exec-9] DEBUG org.hibernate.SQL - 
    insert 
    into
        login_history
        (ip_address, login_at, message, success, user_id, user_agent, username) 
    values
        (?, ?, ?, ?, ?, ?, ?)
2025-11-13 00:29:30 [http-nio-8088-exec-5] DEBUG o.s.security.web.FilterChainProxy - Securing GET /api/v1/reports/profit?startDate=2025-10-14&endDate=2025-11-13
2025-11-13 00:29:30 [http-nio-8088-exec-5] DEBUG org.hibernate.SQL - 
    select
        u1_0.id,
        u1_0.created_at,
        u1_0.email,
        u1_0.full_name,
        u1_0.password,
        u1_0.phone,
        u1_0.status,
        u1_0.updated_at,
        u1_0.username 
    from
        users u1_0 
    where
        u1_0.username=?
2025-11-13 00:29:30 [http-nio-8088-exec-5] DEBUG org.hibernate.SQL - 
    select
        r1_0.user_id,
        r1_1.id,
        r1_1.name 
    from
        user_roles r1_0 
    join
        roles r1_1 
            on r1_1.id=r1_0.role_id 
    where
        r1_0.user_id=?
2025-11-13 00:29:30 [http-nio-8088-exec-5] DEBUG o.s.security.web.FilterChainProxy - Secured GET /api/v1/reports/profit?startDate=2025-10-14&endDate=2025-11-13
2025-11-13 00:29:30 [http-nio-8088-exec-5] DEBUG o.s.s.a.m.AuthorizationManagerBeforeMethodInterceptor - Authorizing method invocation ReflectiveMethodInvocation: public org.springframework.http.ResponseEntity com.giapho.coffee_shop_backend.controller.ReportController.getProfitReport(java.time.LocalDate,java.time.LocalDate); target is of class [com.giapho.coffee_shop_backend.controller.ReportController]
2025-11-13 00:29:30 [http-nio-8088-exec-5] DEBUG o.s.s.a.m.AuthorizationManagerBeforeMethodInterceptor - Failed to authorize ReflectiveMethodInvocation: public org.springframework.http.ResponseEntity com.giapho.coffee_shop_backend.controller.ReportController.getProfitReport(java.time.LocalDate,java.time.LocalDate); target is of class [com.giapho.coffee_shop_backend.controller.ReportController] with authorization manager org.springframework.security.authorization.method.PreAuthorizeAuthorizationManager@70d76581 and result ExpressionAuthorizationDecision [granted=false, expressionAttribute=hasAnyRole('MANAGER', 'ADMIN')]
2025-11-13 00:29:30 [http-nio-8088-exec-5] WARN  c.g.c.e.GlobalExceptionHandler - Access denied - Path: /api/v1/reports/profit - User: khanhphung
2025-11-13 00:29:30 [http-nio-8088-exec-10] DEBUG o.s.security.web.FilterChainProxy - Securing GET /api/v1/reports/revenue-by-date?startDate=2025-10-14&endDate=2025-11-13
2025-11-13 00:29:30 [http-nio-8088-exec-10] DEBUG org.hibernate.SQL - 
    select
        u1_0.id,
        u1_0.created_at,
        u1_0.email,
        u1_0.full_name,
        u1_0.password,
        u1_0.phone,
        u1_0.status,
        u1_0.updated_at,
        u1_0.username 
    from
        users u1_0 
    where
        u1_0.username=?
2025-11-13 00:29:30 [http-nio-8088-exec-10] DEBUG org.hibernate.SQL - 
    select
        r1_0.user_id,
        r1_1.id,
        r1_1.name 
    from
        user_roles r1_0 
    join
        roles r1_1 
            on r1_1.id=r1_0.role_id 
    where
        r1_0.user_id=?
2025-11-13 00:29:30 [http-nio-8088-exec-10] DEBUG o.s.security.web.FilterChainProxy - Secured GET /api/v1/reports/revenue-by-date?startDate=2025-10-14&endDate=2025-11-13
2025-11-13 00:29:30 [http-nio-8088-exec-10] DEBUG o.s.s.a.m.AuthorizationManagerBeforeMethodInterceptor - Authorizing method invocation ReflectiveMethodInvocation: public org.springframework.http.ResponseEntity com.giapho.coffee_shop_backend.controller.ReportController.getRevenueByDateRange(java.time.LocalDate,java.time.LocalDate); target is of class [com.giapho.coffee_shop_backend.controller.ReportController]
2025-11-13 00:29:30 [http-nio-8088-exec-10] DEBUG o.s.s.a.m.AuthorizationManagerBeforeMethodInterceptor - Failed to authorize ReflectiveMethodInvocation: public org.springframework.http.ResponseEntity com.giapho.coffee_shop_backend.controller.ReportController.getRevenueByDateRange(java.time.LocalDate,java.time.LocalDate); target is of class [com.giapho.coffee_shop_backend.controller.ReportController] with authorization manager org.springframework.security.authorization.method.PreAuthorizeAuthorizationManager@70d76581 and result ExpressionAuthorizationDecision [granted=false, expressionAttribute=hasAnyRole('MANAGER', 'ADMIN')]
2025-11-13 00:29:30 [http-nio-8088-exec-10] WARN  c.g.c.e.GlobalExceptionHandler - Access denied - Path: /api/v1/reports/revenue-by-date - User: khanhphung
2025-11-13 00:29:30 [http-nio-8088-exec-6] DEBUG o.s.security.web.FilterChainProxy - Securing GET /api/v1/reports/best-sellers?startDate=2025-10-14&endDate=2025-11-13&top=5&sortBy=revenue
2025-11-13 00:29:30 [http-nio-8088-exec-6] DEBUG org.hibernate.SQL - 
    select
        u1_0.id,
        u1_0.created_at,
        u1_0.email,
        u1_0.full_name,
        u1_0.password,
        u1_0.phone,
        u1_0.status,
        u1_0.updated_at,
        u1_0.username 
    from
        users u1_0 
    where
        u1_0.username=?
2025-11-13 00:29:30 [http-nio-8088-exec-6] DEBUG org.hibernate.SQL - 
    select
        r1_0.user_id,
        r1_1.id,
        r1_1.name 
    from
        user_roles r1_0 
    join
        roles r1_1 
            on r1_1.id=r1_0.role_id 
    where
        r1_0.user_id=?
2025-11-13 00:29:30 [http-nio-8088-exec-6] DEBUG o.s.security.web.FilterChainProxy - Secured GET /api/v1/reports/best-sellers?startDate=2025-10-14&endDate=2025-11-13&top=5&sortBy=revenue
2025-11-13 00:29:30 [http-nio-8088-exec-6] DEBUG o.s.s.a.m.AuthorizationManagerBeforeMethodInterceptor - Authorizing method invocation ReflectiveMethodInvocation: public org.springframework.http.ResponseEntity com.giapho.coffee_shop_backend.controller.ReportController.getBestSellers(java.time.LocalDate,java.time.LocalDate,int,java.lang.String); target is of class [com.giapho.coffee_shop_backend.controller.ReportController]
2025-11-13 00:29:30 [http-nio-8088-exec-6] DEBUG o.s.s.a.m.AuthorizationManagerBeforeMethodInterceptor - Failed to authorize ReflectiveMethodInvocation: public org.springframework.http.ResponseEntity com.giapho.coffee_shop_backend.controller.ReportController.getBestSellers(java.time.LocalDate,java.time.LocalDate,int,java.lang.String); target is of class [com.giapho.coffee_shop_backend.controller.ReportController] with authorization manager org.springframework.security.authorization.method.PreAuthorizeAuthorizationManager@70d76581 and result ExpressionAuthorizationDecision [granted=false, expressionAttribute=hasAnyRole('MANAGER', 'ADMIN')]
2025-11-13 00:29:30 [http-nio-8088-exec-6] WARN  c.g.c.e.GlobalExceptionHandler - Access denied - Path: /api/v1/reports/best-sellers - User: khanhphung
2025-11-13 00:29:31 [http-nio-8088-exec-1] DEBUG o.s.security.web.FilterChainProxy - Securing GET /api/v1/tables
2025-11-13 00:29:31 [http-nio-8088-exec-8] DEBUG o.s.security.web.FilterChainProxy - Securing GET /api/v1/products?page=0&size=1000
2025-11-13 00:29:31 [http-nio-8088-exec-2] DEBUG o.s.security.web.FilterChainProxy - Securing GET /api/v1/customers?page=0&size=1000
2025-11-13 00:29:31 [http-nio-8088-exec-1] DEBUG org.hibernate.SQL - 
    select
        u1_0.id,
        u1_0.created_at,
        u1_0.email,
        u1_0.full_name,
        u1_0.password,
        u1_0.phone,
        u1_0.status,
        u1_0.updated_at,
        u1_0.username 
    from
        users u1_0 
    where
        u1_0.username=?
2025-11-13 00:29:31 [http-nio-8088-exec-8] DEBUG org.hibernate.SQL - 
    select
        u1_0.id,
        u1_0.created_at,
        u1_0.email,
        u1_0.full_name,
        u1_0.password,
        u1_0.phone,
        u1_0.status,
        u1_0.updated_at,
        u1_0.username 
    from
        users u1_0 
    where
        u1_0.username=?
2025-11-13 00:29:31 [http-nio-8088-exec-2] DEBUG org.hibernate.SQL - 
    select
        u1_0.id,
        u1_0.created_at,
        u1_0.email,
        u1_0.full_name,
        u1_0.password,
        u1_0.phone,
        u1_0.status,
        u1_0.updated_at,
        u1_0.username 
    from
        users u1_0 
    where
        u1_0.username=?
2025-11-13 00:29:31 [http-nio-8088-exec-1] DEBUG org.hibernate.SQL - 
    select
        r1_0.user_id,
        r1_1.id,
        r1_1.name 
    from
        user_roles r1_0 
    join
        roles r1_1 
            on r1_1.id=r1_0.role_id 
    where
        r1_0.user_id=?
2025-11-13 00:29:31 [http-nio-8088-exec-8] DEBUG org.hibernate.SQL - 
    select
        r1_0.user_id,
        r1_1.id,
        r1_1.name 
    from
        user_roles r1_0 
    join
        roles r1_1 
            on r1_1.id=r1_0.role_id 
    where
        r1_0.user_id=?
2025-11-13 00:29:31 [http-nio-8088-exec-2] DEBUG org.hibernate.SQL - 
    select
        r1_0.user_id,
        r1_1.id,
        r1_1.name 
    from
        user_roles r1_0 
    join
        roles r1_1 
            on r1_1.id=r1_0.role_id 
    where
        r1_0.user_id=?
2025-11-13 00:29:31 [http-nio-8088-exec-1] DEBUG o.s.security.web.FilterChainProxy - Secured GET /api/v1/tables
2025-11-13 00:29:31 [http-nio-8088-exec-1] DEBUG o.s.s.a.m.AuthorizationManagerBeforeMethodInterceptor - Authorizing method invocation ReflectiveMethodInvocation: public org.springframework.http.ResponseEntity com.giapho.coffee_shop_backend.controller.CafeTableController.getAllTables(); target is of class [com.giapho.coffee_shop_backend.controller.CafeTableController]
2025-11-13 00:29:31 [http-nio-8088-exec-1] DEBUG o.s.s.a.m.AuthorizationManagerBeforeMethodInterceptor - Authorized method invocation ReflectiveMethodInvocation: public org.springframework.http.ResponseEntity com.giapho.coffee_shop_backend.controller.CafeTableController.getAllTables(); target is of class [com.giapho.coffee_shop_backend.controller.CafeTableController]
2025-11-13 00:29:31 [http-nio-8088-exec-8] DEBUG o.s.security.web.FilterChainProxy - Secured GET /api/v1/products?page=0&size=1000
2025-11-13 00:29:31 [http-nio-8088-exec-8] DEBUG o.s.s.a.m.AuthorizationManagerBeforeMethodInterceptor - Authorizing method invocation ReflectiveMethodInvocation: public org.springframework.http.ResponseEntity com.giapho.coffee_shop_backend.controller.ProductController.getAllProducts(java.lang.String,java.lang.Long,org.springframework.data.domain.Pageable); target is of class [com.giapho.coffee_shop_backend.controller.ProductController]
2025-11-13 00:29:31 [http-nio-8088-exec-8] DEBUG o.s.s.a.m.AuthorizationManagerBeforeMethodInterceptor - Authorized method invocation ReflectiveMethodInvocation: public org.springframework.http.ResponseEntity com.giapho.coffee_shop_backend.controller.ProductController.getAllProducts(java.lang.String,java.lang.Long,org.springframework.data.domain.Pageable); target is of class [com.giapho.coffee_shop_backend.controller.ProductController]
2025-11-13 00:29:31 [http-nio-8088-exec-2] DEBUG o.s.security.web.FilterChainProxy - Secured GET /api/v1/customers?page=0&size=1000
2025-11-13 00:29:31 [http-nio-8088-exec-2] DEBUG o.s.s.a.m.AuthorizationManagerBeforeMethodInterceptor - Authorizing method invocation ReflectiveMethodInvocation: public org.springframework.http.ResponseEntity com.giapho.coffee_shop_backend.controller.CustomerController.searchCustomers(java.lang.String,org.springframework.data.domain.Pageable); target is of class [com.giapho.coffee_shop_backend.controller.CustomerController]
2025-11-13 00:29:31 [http-nio-8088-exec-1] DEBUG org.hibernate.SQL - 
    select
        ct1_0.id,
        ct1_0.capacity,
        ct1_0.name,
        ct1_0.status 
    from
        tables ct1_0
2025-11-13 00:29:31 [http-nio-8088-exec-2] DEBUG o.s.s.a.m.AuthorizationManagerBeforeMethodInterceptor - Authorized method invocation ReflectiveMethodInvocation: public org.springframework.http.ResponseEntity com.giapho.coffee_shop_backend.controller.CustomerController.searchCustomers(java.lang.String,org.springframework.data.domain.Pageable); target is of class [com.giapho.coffee_shop_backend.controller.CustomerController]
2025-11-13 00:29:31 [http-nio-8088-exec-8] DEBUG org.hibernate.SQL - 
    select
        p1_0.id,
        p1_0.category_id,
        c1_0.id,
        c1_0.description,
        c1_0.name,
        p1_0.code,
        p1_0.cost,
        p1_0.created_at,
        p1_0.description,
        p1_0.image_url,
        p1_0.is_available,
        p1_0.name,
        p1_0.price,
        p1_0.updated_at 
    from
        products p1_0 
    join
        categories c1_0 
            on c1_0.id=p1_0.category_id 
    limit
        ?, ?
2025-11-13 00:29:31 [http-nio-8088-exec-2] DEBUG org.hibernate.SQL - 
    select
        c1_0.id,
        c1_0.created_at,
        c1_0.email,
        c1_0.full_name,
        c1_0.loyalty_points,
        c1_0.phone,
        c1_0.updated_at 
    from
        customers c1_0 
    order by
        c1_0.full_name 
    limit
        ?, ?
2025-11-13 00:29:31 [http-nio-8088-exec-4] DEBUG o.s.security.web.FilterChainProxy - Securing GET /api/v1/files/82b4818b-f0d2-4206-bfa5-298f7111d20c.jpg
2025-11-13 00:29:31 [http-nio-8088-exec-4] DEBUG o.s.s.w.a.AnonymousAuthenticationFilter - Set SecurityContextHolder to anonymous SecurityContext
2025-11-13 00:29:31 [http-nio-8088-exec-4] DEBUG o.s.security.web.FilterChainProxy - Secured GET /api/v1/files/82b4818b-f0d2-4206-bfa5-298f7111d20c.jpg
2025-11-13 00:29:31 [http-nio-8088-exec-4] DEBUG c.g.c.controller.FileController - Downloading file: 82b4818b-f0d2-4206-bfa5-298f7111d20c.jpg
2025-11-13 00:29:31 [http-nio-8088-exec-7] DEBUG o.s.security.web.FilterChainProxy - Securing GET /api/v1/files/e267ade1-780a-4a34-adf1-ecb1b2948e21.jpg
2025-11-13 00:29:31 [http-nio-8088-exec-7] DEBUG o.s.s.w.a.AnonymousAuthenticationFilter - Set SecurityContextHolder to anonymous SecurityContext
2025-11-13 00:29:31 [http-nio-8088-exec-7] DEBUG o.s.security.web.FilterChainProxy - Secured GET /api/v1/files/e267ade1-780a-4a34-adf1-ecb1b2948e21.jpg
2025-11-13 00:29:31 [http-nio-8088-exec-3] DEBUG o.s.security.web.FilterChainProxy - Securing GET /api/v1/files/56de7c12-082e-4eb3-b6cb-d84d8cc38775.jpg
2025-11-13 00:29:31 [http-nio-8088-exec-7] DEBUG c.g.c.controller.FileController - Downloading file: e267ade1-780a-4a34-adf1-ecb1b2948e21.jpg
2025-11-13 00:29:31 [http-nio-8088-exec-3] DEBUG o.s.s.w.a.AnonymousAuthenticationFilter - Set SecurityContextHolder to anonymous SecurityContext
2025-11-13 00:29:31 [http-nio-8088-exec-9] DEBUG o.s.security.web.FilterChainProxy - Securing GET /api/v1/files/b0fcea8f-74ab-4ff1-bd62-6557e0ccb1f2.jpg
2025-11-13 00:29:31 [http-nio-8088-exec-9] DEBUG o.s.s.w.a.AnonymousAuthenticationFilter - Set SecurityContextHolder to anonymous SecurityContext
2025-11-13 00:29:31 [http-nio-8088-exec-9] DEBUG o.s.security.web.FilterChainProxy - Secured GET /api/v1/files/b0fcea8f-74ab-4ff1-bd62-6557e0ccb1f2.jpg
2025-11-13 00:29:31 [http-nio-8088-exec-9] DEBUG c.g.c.controller.FileController - Downloading file: b0fcea8f-74ab-4ff1-bd62-6557e0ccb1f2.jpg
2025-11-13 00:29:31 [http-nio-8088-exec-5] DEBUG o.s.security.web.FilterChainProxy - Securing GET /api/v1/files/80cf5e3d-5d4c-4d1b-9e7d-0a0b8bfa00eb.jpg
2025-11-13 00:29:31 [http-nio-8088-exec-5] DEBUG o.s.s.w.a.AnonymousAuthenticationFilter - Set SecurityContextHolder to anonymous SecurityContext
2025-11-13 00:29:31 [http-nio-8088-exec-5] DEBUG o.s.security.web.FilterChainProxy - Secured GET /api/v1/files/80cf5e3d-5d4c-4d1b-9e7d-0a0b8bfa00eb.jpg
2025-11-13 00:29:31 [http-nio-8088-exec-3] DEBUG o.s.security.web.FilterChainProxy - Secured GET /api/v1/files/56de7c12-082e-4eb3-b6cb-d84d8cc38775.jpg
2025-11-13 00:29:31 [http-nio-8088-exec-5] DEBUG c.g.c.controller.FileController - Downloading file: 80cf5e3d-5d4c-4d1b-9e7d-0a0b8bfa00eb.jpg
2025-11-13 00:29:31 [http-nio-8088-exec-3] DEBUG c.g.c.controller.FileController - Downloading file: 56de7c12-082e-4eb3-b6cb-d84d8cc38775.jpg
2025-11-13 00:29:31 [http-nio-8088-exec-10] DEBUG o.s.security.web.FilterChainProxy - Securing GET /api/v1/files/358e5aef-6b26-4cb1-a997-97ac999d9dc1.jpg
2025-11-13 00:29:31 [http-nio-8088-exec-10] DEBUG o.s.s.w.a.AnonymousAuthenticationFilter - Set SecurityContextHolder to anonymous SecurityContext
2025-11-13 00:29:31 [http-nio-8088-exec-10] DEBUG o.s.security.web.FilterChainProxy - Secured GET /api/v1/files/358e5aef-6b26-4cb1-a997-97ac999d9dc1.jpg
2025-11-13 00:29:31 [http-nio-8088-exec-10] DEBUG c.g.c.controller.FileController - Downloading file: 358e5aef-6b26-4cb1-a997-97ac999d9dc1.jpg
2025-11-13 00:29:31 [http-nio-8088-exec-6] DEBUG o.s.security.web.FilterChainProxy - Securing GET /api/v1/categories
2025-11-13 00:29:31 [http-nio-8088-exec-1] DEBUG o.s.security.web.FilterChainProxy - Securing GET /api/v1/files/5f0d97d1-f3b4-431e-99dd-ad80499705ba.jpg
2025-11-13 00:29:31 [http-nio-8088-exec-1] DEBUG o.s.s.w.a.AnonymousAuthenticationFilter - Set SecurityContextHolder to anonymous SecurityContext
2025-11-13 00:29:31 [http-nio-8088-exec-1] DEBUG o.s.security.web.FilterChainProxy - Secured GET /api/v1/files/5f0d97d1-f3b4-431e-99dd-ad80499705ba.jpg
2025-11-13 00:29:31 [http-nio-8088-exec-1] DEBUG c.g.c.controller.FileController - Downloading file: 5f0d97d1-f3b4-431e-99dd-ad80499705ba.jpg
2025-11-13 00:29:31 [http-nio-8088-exec-2] DEBUG o.s.security.web.FilterChainProxy - Securing GET /api/v1/files/fc284af6-76c3-40fc-b6ab-245bf05af010.jpg
2025-11-13 00:29:31 [http-nio-8088-exec-9] DEBUG o.s.security.web.FilterChainProxy - Securing GET /api/v1/files/587ac1e2-1a65-4144-bbb7-faff4eac57bd.jpg
2025-11-13 00:29:31 [http-nio-8088-exec-3] DEBUG o.s.security.web.FilterChainProxy - Securing GET /api/v1/files/399710fc-be76-468d-be99-161396dbd4a4.jpg
2025-11-13 00:29:31 [http-nio-8088-exec-9] DEBUG o.s.s.w.a.AnonymousAuthenticationFilter - Set SecurityContextHolder to anonymous SecurityContext
2025-11-13 00:29:31 [http-nio-8088-exec-9] DEBUG o.s.security.web.FilterChainProxy - Secured GET /api/v1/files/587ac1e2-1a65-4144-bbb7-faff4eac57bd.jpg
2025-11-13 00:29:31 [http-nio-8088-exec-2] DEBUG o.s.s.w.a.AnonymousAuthenticationFilter - Set SecurityContextHolder to anonymous SecurityContext
2025-11-13 00:29:31 [http-nio-8088-exec-2] DEBUG o.s.security.web.FilterChainProxy - Secured GET /api/v1/files/fc284af6-76c3-40fc-b6ab-245bf05af010.jpg
2025-11-13 00:29:31 [http-nio-8088-exec-2] DEBUG c.g.c.controller.FileController - Downloading file: fc284af6-76c3-40fc-b6ab-245bf05af010.jpg
2025-11-13 00:29:31 [http-nio-8088-exec-6] DEBUG org.hibernate.SQL - 
    select
        u1_0.id,
        u1_0.created_at,
        u1_0.email,
        u1_0.full_name,
        u1_0.password,
        u1_0.phone,
        u1_0.status,
        u1_0.updated_at,
        u1_0.username 
    from
        users u1_0 
    where
        u1_0.username=?
2025-11-13 00:29:31 [http-nio-8088-exec-4] DEBUG o.s.security.web.FilterChainProxy - Securing GET /api/v1/files/01377e1e-70ed-48ba-bd4a-6379aeff4856.jpg
2025-11-13 00:29:31 [http-nio-8088-exec-8] DEBUG o.s.security.web.FilterChainProxy - Securing GET /api/v1/files/a10447e0-1a57-4b12-837d-218f6d3a6706.jpg
2025-11-13 00:29:31 [http-nio-8088-exec-8] DEBUG o.s.s.w.a.AnonymousAuthenticationFilter - Set SecurityContextHolder to anonymous SecurityContext
2025-11-13 00:29:31 [http-nio-8088-exec-8] DEBUG o.s.security.web.FilterChainProxy - Secured GET /api/v1/files/a10447e0-1a57-4b12-837d-218f6d3a6706.jpg
2025-11-13 00:29:31 [http-nio-8088-exec-8] DEBUG c.g.c.controller.FileController - Downloading file: a10447e0-1a57-4b12-837d-218f6d3a6706.jpg
2025-11-13 00:29:31 [http-nio-8088-exec-4] DEBUG o.s.s.w.a.AnonymousAuthenticationFilter - Set SecurityContextHolder to anonymous SecurityContext
2025-11-13 00:29:31 [http-nio-8088-exec-4] DEBUG o.s.security.web.FilterChainProxy - Secured GET /api/v1/files/01377e1e-70ed-48ba-bd4a-6379aeff4856.jpg
2025-11-13 00:29:31 [http-nio-8088-exec-4] DEBUG c.g.c.controller.FileController - Downloading file: 01377e1e-70ed-48ba-bd4a-6379aeff4856.jpg
2025-11-13 00:29:31 [http-nio-8088-exec-9] DEBUG c.g.c.controller.FileController - Downloading file: 587ac1e2-1a65-4144-bbb7-faff4eac57bd.jpg
2025-11-13 00:29:31 [http-nio-8088-exec-3] DEBUG o.s.s.w.a.AnonymousAuthenticationFilter - Set SecurityContextHolder to anonymous SecurityContext
2025-11-13 00:29:31 [http-nio-8088-exec-3] DEBUG o.s.security.web.FilterChainProxy - Secured GET /api/v1/files/399710fc-be76-468d-be99-161396dbd4a4.jpg
2025-11-13 00:29:31 [http-nio-8088-exec-3] DEBUG c.g.c.controller.FileController - Downloading file: 399710fc-be76-468d-be99-161396dbd4a4.jpg
2025-11-13 00:29:31 [http-nio-8088-exec-7] DEBUG o.s.security.web.FilterChainProxy - Securing GET /api/v1/files/76508bcc-516c-4520-b640-75df6df6a0ca.jpg
2025-11-13 00:29:31 [http-nio-8088-exec-7] DEBUG o.s.s.w.a.AnonymousAuthenticationFilter - Set SecurityContextHolder to anonymous SecurityContext
2025-11-13 00:29:31 [http-nio-8088-exec-7] DEBUG o.s.security.web.FilterChainProxy - Secured GET /api/v1/files/76508bcc-516c-4520-b640-75df6df6a0ca.jpg
2025-11-13 00:29:31 [http-nio-8088-exec-7] DEBUG c.g.c.controller.FileController - Downloading file: 76508bcc-516c-4520-b640-75df6df6a0ca.jpg
2025-11-13 00:29:31 [http-nio-8088-exec-5] DEBUG o.s.security.web.FilterChainProxy - Securing GET /api/v1/files/a7ad5fc9-6e6e-4d2d-bf7f-0925fb9237ec.jpg
2025-11-13 00:29:31 [http-nio-8088-exec-5] DEBUG o.s.s.w.a.AnonymousAuthenticationFilter - Set SecurityContextHolder to anonymous SecurityContext
2025-11-13 00:29:31 [http-nio-8088-exec-5] DEBUG o.s.security.web.FilterChainProxy - Secured GET /api/v1/files/a7ad5fc9-6e6e-4d2d-bf7f-0925fb9237ec.jpg
2025-11-13 00:29:31 [http-nio-8088-exec-10] DEBUG o.s.security.web.FilterChainProxy - Securing GET /api/v1/files/3be6958d-8594-4f88-bf4a-caed30cc8686.jpg
2025-11-13 00:29:31 [http-nio-8088-exec-10] DEBUG o.s.s.w.a.AnonymousAuthenticationFilter - Set SecurityContextHolder to anonymous SecurityContext
2025-11-13 00:29:31 [http-nio-8088-exec-5] DEBUG c.g.c.controller.FileController - Downloading file: a7ad5fc9-6e6e-4d2d-bf7f-0925fb9237ec.jpg
2025-11-13 00:29:31 [http-nio-8088-exec-10] DEBUG o.s.security.web.FilterChainProxy - Secured GET /api/v1/files/3be6958d-8594-4f88-bf4a-caed30cc8686.jpg
2025-11-13 00:29:31 [http-nio-8088-exec-1] DEBUG o.s.security.web.FilterChainProxy - Securing GET /api/v1/files/4b9dcaa8-0825-4ee8-badc-86529e305d2a.jpg
2025-11-13 00:29:31 [http-nio-8088-exec-1] DEBUG o.s.s.w.a.AnonymousAuthenticationFilter - Set SecurityContextHolder to anonymous SecurityContext
2025-11-13 00:29:31 [http-nio-8088-exec-1] DEBUG o.s.security.web.FilterChainProxy - Secured GET /api/v1/files/4b9dcaa8-0825-4ee8-badc-86529e305d2a.jpg
2025-11-13 00:29:31 [http-nio-8088-exec-10] DEBUG c.g.c.controller.FileController - Downloading file: 3be6958d-8594-4f88-bf4a-caed30cc8686.jpg
2025-11-13 00:29:31 [http-nio-8088-exec-1] DEBUG c.g.c.controller.FileController - Downloading file: 4b9dcaa8-0825-4ee8-badc-86529e305d2a.jpg
2025-11-13 00:29:31 [http-nio-8088-exec-4] DEBUG o.s.security.web.FilterChainProxy - Securing GET /api/v1/files/dc7eea7e-d955-4e82-947f-8f3a275d09c8.jpg
2025-11-13 00:29:31 [http-nio-8088-exec-4] DEBUG o.s.s.w.a.AnonymousAuthenticationFilter - Set SecurityContextHolder to anonymous SecurityContext
2025-11-13 00:29:31 [http-nio-8088-exec-4] DEBUG o.s.security.web.FilterChainProxy - Secured GET /api/v1/files/dc7eea7e-d955-4e82-947f-8f3a275d09c8.jpg
2025-11-13 00:29:31 [http-nio-8088-exec-6] DEBUG org.hibernate.SQL - 
    select
        r1_0.user_id,
        r1_1.id,
        r1_1.name 
    from
        user_roles r1_0 
    join
        roles r1_1 
            on r1_1.id=r1_0.role_id 
    where
        r1_0.user_id=?
2025-11-13 00:29:31 [http-nio-8088-exec-4] DEBUG c.g.c.controller.FileController - Downloading file: dc7eea7e-d955-4e82-947f-8f3a275d09c8.jpg
2025-11-13 00:29:31 [http-nio-8088-exec-8] DEBUG o.s.security.web.FilterChainProxy - Securing GET /api/v1/files/257f1822-ec96-40c8-850e-a304cffa37fd.jpg
2025-11-13 00:29:31 [http-nio-8088-exec-8] DEBUG o.s.s.w.a.AnonymousAuthenticationFilter - Set SecurityContextHolder to anonymous SecurityContext
2025-11-13 00:29:31 [http-nio-8088-exec-8] DEBUG o.s.security.web.FilterChainProxy - Secured GET /api/v1/files/257f1822-ec96-40c8-850e-a304cffa37fd.jpg
2025-11-13 00:29:31 [http-nio-8088-exec-8] DEBUG c.g.c.controller.FileController - Downloading file: 257f1822-ec96-40c8-850e-a304cffa37fd.jpg
2025-11-13 00:29:31 [http-nio-8088-exec-6] DEBUG o.s.security.web.FilterChainProxy - Secured GET /api/v1/categories
2025-11-13 00:29:31 [http-nio-8088-exec-6] DEBUG o.s.s.a.m.AuthorizationManagerBeforeMethodInterceptor - Authorizing method invocation ReflectiveMethodInvocation: public org.springframework.http.ResponseEntity com.giapho.coffee_shop_backend.controller.CategoryController.getAllCategories(); target is of class [com.giapho.coffee_shop_backend.controller.CategoryController]
2025-11-13 00:29:31 [http-nio-8088-exec-6] DEBUG o.s.s.a.m.AuthorizationManagerBeforeMethodInterceptor - Authorized method invocation ReflectiveMethodInvocation: public org.springframework.http.ResponseEntity com.giapho.coffee_shop_backend.controller.CategoryController.getAllCategories(); target is of class [com.giapho.coffee_shop_backend.controller.CategoryController]
2025-11-13 00:29:32 [http-nio-8088-exec-6] DEBUG org.hibernate.SQL - 
    select
        c1_0.id,
        c1_0.description,
        c1_0.name 
    from
        categories c1_0
2025-11-13 00:30:01 [http-nio-8088-exec-2] DEBUG o.s.security.web.FilterChainProxy - Securing GET /api/v1/tables
2025-11-13 00:30:01 [http-nio-8088-exec-9] DEBUG o.s.security.web.FilterChainProxy - Securing GET /api/v1/customers?page=0&size=1000
2025-11-13 00:30:01 [http-nio-8088-exec-3] DEBUG o.s.security.web.FilterChainProxy - Securing GET /api/v1/products?page=0&size=1000
2025-11-13 00:30:01 [http-nio-8088-exec-9] DEBUG org.hibernate.SQL - 
    select
        u1_0.id,
        u1_0.created_at,
        u1_0.email,
        u1_0.full_name,
        u1_0.password,
        u1_0.phone,
        u1_0.status,
        u1_0.updated_at,
        u1_0.username 
    from
        users u1_0 
    where
        u1_0.username=?
2025-11-13 00:30:01 [http-nio-8088-exec-2] DEBUG org.hibernate.SQL - 
    select
        u1_0.id,
        u1_0.created_at,
        u1_0.email,
        u1_0.full_name,
        u1_0.password,
        u1_0.phone,
        u1_0.status,
        u1_0.updated_at,
        u1_0.username 
    from
        users u1_0 
    where
        u1_0.username=?
2025-11-13 00:30:01 [http-nio-8088-exec-3] DEBUG org.hibernate.SQL - 
    select
        u1_0.id,
        u1_0.created_at,
        u1_0.email,
        u1_0.full_name,
        u1_0.password,
        u1_0.phone,
        u1_0.status,
        u1_0.updated_at,
        u1_0.username 
    from
        users u1_0 
    where
        u1_0.username=?
2025-11-13 00:30:01 [http-nio-8088-exec-2] DEBUG org.hibernate.SQL - 
    select
        r1_0.user_id,
        r1_1.id,
        r1_1.name 
    from
        user_roles r1_0 
    join
        roles r1_1 
            on r1_1.id=r1_0.role_id 
    where
        r1_0.user_id=?
2025-11-13 00:30:01 [http-nio-8088-exec-9] DEBUG org.hibernate.SQL - 
    select
        r1_0.user_id,
        r1_1.id,
        r1_1.name 
    from
        user_roles r1_0 
    join
        roles r1_1 
            on r1_1.id=r1_0.role_id 
    where
        r1_0.user_id=?
2025-11-13 00:30:01 [http-nio-8088-exec-3] DEBUG org.hibernate.SQL - 
    select
        r1_0.user_id,
        r1_1.id,
        r1_1.name 
    from
        user_roles r1_0 
    join
        roles r1_1 
            on r1_1.id=r1_0.role_id 
    where
        r1_0.user_id=?
2025-11-13 00:30:01 [http-nio-8088-exec-9] DEBUG o.s.security.web.FilterChainProxy - Secured GET /api/v1/customers?page=0&size=1000
2025-11-13 00:30:01 [http-nio-8088-exec-2] DEBUG o.s.security.web.FilterChainProxy - Secured GET /api/v1/tables
2025-11-13 00:30:01 [http-nio-8088-exec-2] DEBUG o.s.s.a.m.AuthorizationManagerBeforeMethodInterceptor - Authorizing method invocation ReflectiveMethodInvocation: public org.springframework.http.ResponseEntity com.giapho.coffee_shop_backend.controller.CafeTableController.getAllTables(); target is of class [com.giapho.coffee_shop_backend.controller.CafeTableController]
2025-11-13 00:30:01 [http-nio-8088-exec-2] DEBUG o.s.s.a.m.AuthorizationManagerBeforeMethodInterceptor - Authorized method invocation ReflectiveMethodInvocation: public org.springframework.http.ResponseEntity com.giapho.coffee_shop_backend.controller.CafeTableController.getAllTables(); target is of class [com.giapho.coffee_shop_backend.controller.CafeTableController]
2025-11-13 00:30:01 [http-nio-8088-exec-9] DEBUG o.s.s.a.m.AuthorizationManagerBeforeMethodInterceptor - Authorizing method invocation ReflectiveMethodInvocation: public org.springframework.http.ResponseEntity com.giapho.coffee_shop_backend.controller.CustomerController.searchCustomers(java.lang.String,org.springframework.data.domain.Pageable); target is of class [com.giapho.coffee_shop_backend.controller.CustomerController]
2025-11-13 00:30:01 [http-nio-8088-exec-9] DEBUG o.s.s.a.m.AuthorizationManagerBeforeMethodInterceptor - Authorized method invocation ReflectiveMethodInvocation: public org.springframework.http.ResponseEntity com.giapho.coffee_shop_backend.controller.CustomerController.searchCustomers(java.lang.String,org.springframework.data.domain.Pageable); target is of class [com.giapho.coffee_shop_backend.controller.CustomerController]
2025-11-13 00:30:01 [http-nio-8088-exec-2] DEBUG org.hibernate.SQL - 
    select
        ct1_0.id,
        ct1_0.capacity,
        ct1_0.name,
        ct1_0.status 
    from
        tables ct1_0
2025-11-13 00:30:01 [http-nio-8088-exec-9] DEBUG org.hibernate.SQL - 
    select
        c1_0.id,
        c1_0.created_at,
        c1_0.email,
        c1_0.full_name,
        c1_0.loyalty_points,
        c1_0.phone,
        c1_0.updated_at 
    from
        customers c1_0 
    order by
        c1_0.full_name 
    limit
        ?, ?
2025-11-13 00:30:01 [http-nio-8088-exec-3] DEBUG o.s.security.web.FilterChainProxy - Secured GET /api/v1/products?page=0&size=1000
2025-11-13 00:30:01 [http-nio-8088-exec-3] DEBUG o.s.s.a.m.AuthorizationManagerBeforeMethodInterceptor - Authorizing method invocation ReflectiveMethodInvocation: public org.springframework.http.ResponseEntity com.giapho.coffee_shop_backend.controller.ProductController.getAllProducts(java.lang.String,java.lang.Long,org.springframework.data.domain.Pageable); target is of class [com.giapho.coffee_shop_backend.controller.ProductController]
2025-11-13 00:30:01 [http-nio-8088-exec-3] DEBUG o.s.s.a.m.AuthorizationManagerBeforeMethodInterceptor - Authorized method invocation ReflectiveMethodInvocation: public org.springframework.http.ResponseEntity com.giapho.coffee_shop_backend.controller.ProductController.getAllProducts(java.lang.String,java.lang.Long,org.springframework.data.domain.Pageable); target is of class [com.giapho.coffee_shop_backend.controller.ProductController]
2025-11-13 00:30:01 [http-nio-8088-exec-3] DEBUG org.hibernate.SQL - 
    select
        p1_0.id,
        p1_0.category_id,
        c1_0.id,
        c1_0.description,
        c1_0.name,
        p1_0.code,
        p1_0.cost,
        p1_0.created_at,
        p1_0.description,
        p1_0.image_url,
        p1_0.is_available,
        p1_0.name,
        p1_0.price,
        p1_0.updated_at 
    from
        products p1_0 
    join
        categories c1_0 
            on c1_0.id=p1_0.category_id 
    limit
        ?, ?
2025-11-13 00:30:01 [http-nio-8088-exec-7] DEBUG o.s.security.web.FilterChainProxy - Securing GET /api/v1/files/82b4818b-f0d2-4206-bfa5-298f7111d20c.jpg
2025-11-13 00:30:01 [http-nio-8088-exec-7] DEBUG o.s.s.w.a.AnonymousAuthenticationFilter - Set SecurityContextHolder to anonymous SecurityContext
2025-11-13 00:30:01 [http-nio-8088-exec-7] DEBUG o.s.security.web.FilterChainProxy - Secured GET /api/v1/files/82b4818b-f0d2-4206-bfa5-298f7111d20c.jpg
2025-11-13 00:30:01 [http-nio-8088-exec-5] DEBUG o.s.security.web.FilterChainProxy - Securing GET /api/v1/files/56de7c12-082e-4eb3-b6cb-d84d8cc38775.jpg
2025-11-13 00:30:01 [http-nio-8088-exec-1] DEBUG o.s.security.web.FilterChainProxy - Securing GET /api/v1/files/b0fcea8f-74ab-4ff1-bd62-6557e0ccb1f2.jpg
2025-11-13 00:30:01 [http-nio-8088-exec-1] DEBUG o.s.s.w.a.AnonymousAuthenticationFilter - Set SecurityContextHolder to anonymous SecurityContext
2025-11-13 00:30:01 [http-nio-8088-exec-1] DEBUG o.s.security.web.FilterChainProxy - Secured GET /api/v1/files/b0fcea8f-74ab-4ff1-bd62-6557e0ccb1f2.jpg
2025-11-13 00:30:01 [http-nio-8088-exec-5] DEBUG o.s.s.w.a.AnonymousAuthenticationFilter - Set SecurityContextHolder to anonymous SecurityContext
2025-11-13 00:30:01 [http-nio-8088-exec-5] DEBUG o.s.security.web.FilterChainProxy - Secured GET /api/v1/files/56de7c12-082e-4eb3-b6cb-d84d8cc38775.jpg
2025-11-13 00:30:01 [http-nio-8088-exec-7] DEBUG c.g.c.controller.FileController - Downloading file: 82b4818b-f0d2-4206-bfa5-298f7111d20c.jpg
2025-11-13 00:30:01 [http-nio-8088-exec-1] DEBUG c.g.c.controller.FileController - Downloading file: b0fcea8f-74ab-4ff1-bd62-6557e0ccb1f2.jpg
2025-11-13 00:30:01 [http-nio-8088-exec-10] DEBUG o.s.security.web.FilterChainProxy - Securing GET /api/v1/files/358e5aef-6b26-4cb1-a997-97ac999d9dc1.jpg
2025-11-13 00:30:01 [http-nio-8088-exec-10] DEBUG o.s.s.w.a.AnonymousAuthenticationFilter - Set SecurityContextHolder to anonymous SecurityContext
2025-11-13 00:30:01 [http-nio-8088-exec-10] DEBUG o.s.security.web.FilterChainProxy - Secured GET /api/v1/files/358e5aef-6b26-4cb1-a997-97ac999d9dc1.jpg
2025-11-13 00:30:01 [http-nio-8088-exec-10] DEBUG c.g.c.controller.FileController - Downloading file: 358e5aef-6b26-4cb1-a997-97ac999d9dc1.jpg
2025-11-13 00:30:01 [http-nio-8088-exec-8] DEBUG o.s.security.web.FilterChainProxy - Securing GET /api/v1/files/80cf5e3d-5d4c-4d1b-9e7d-0a0b8bfa00eb.jpg
2025-11-13 00:30:01 [http-nio-8088-exec-8] DEBUG o.s.s.w.a.AnonymousAuthenticationFilter - Set SecurityContextHolder to anonymous SecurityContext
2025-11-13 00:30:01 [http-nio-8088-exec-8] DEBUG o.s.security.web.FilterChainProxy - Secured GET /api/v1/files/80cf5e3d-5d4c-4d1b-9e7d-0a0b8bfa00eb.jpg
2025-11-13 00:30:01 [http-nio-8088-exec-5] DEBUG c.g.c.controller.FileController - Downloading file: 56de7c12-082e-4eb3-b6cb-d84d8cc38775.jpg
2025-11-13 00:30:01 [http-nio-8088-exec-8] DEBUG c.g.c.controller.FileController - Downloading file: 80cf5e3d-5d4c-4d1b-9e7d-0a0b8bfa00eb.jpg
2025-11-13 00:30:01 [http-nio-8088-exec-4] DEBUG o.s.security.web.FilterChainProxy - Securing GET /api/v1/files/e267ade1-780a-4a34-adf1-ecb1b2948e21.jpg
2025-11-13 00:30:01 [http-nio-8088-exec-4] DEBUG o.s.s.w.a.AnonymousAuthenticationFilter - Set SecurityContextHolder to anonymous SecurityContext
2025-11-13 00:30:01 [http-nio-8088-exec-4] DEBUG o.s.security.web.FilterChainProxy - Secured GET /api/v1/files/e267ade1-780a-4a34-adf1-ecb1b2948e21.jpg
2025-11-13 00:30:01 [http-nio-8088-exec-4] DEBUG c.g.c.controller.FileController - Downloading file: e267ade1-780a-4a34-adf1-ecb1b2948e21.jpg
2025-11-13 00:30:01 [http-nio-8088-exec-2] DEBUG o.s.security.web.FilterChainProxy - Securing GET /api/v1/files/587ac1e2-1a65-4144-bbb7-faff4eac57bd.jpg
2025-11-13 00:30:01 [http-nio-8088-exec-2] DEBUG o.s.s.w.a.AnonymousAuthenticationFilter - Set SecurityContextHolder to anonymous SecurityContext
2025-11-13 00:30:01 [http-nio-8088-exec-2] DEBUG o.s.security.web.FilterChainProxy - Secured GET /api/v1/files/587ac1e2-1a65-4144-bbb7-faff4eac57bd.jpg
2025-11-13 00:30:01 [http-nio-8088-exec-4] DEBUG o.s.security.web.FilterChainProxy - Securing GET /api/v1/files/fc284af6-76c3-40fc-b6ab-245bf05af010.jpg
2025-11-13 00:30:01 [http-nio-8088-exec-4] DEBUG o.s.s.w.a.AnonymousAuthenticationFilter - Set SecurityContextHolder to anonymous SecurityContext
2025-11-13 00:30:01 [http-nio-8088-exec-4] DEBUG o.s.security.web.FilterChainProxy - Secured GET /api/v1/files/fc284af6-76c3-40fc-b6ab-245bf05af010.jpg
2025-11-13 00:30:01 [http-nio-8088-exec-2] DEBUG c.g.c.controller.FileController - Downloading file: 587ac1e2-1a65-4144-bbb7-faff4eac57bd.jpg
2025-11-13 00:30:01 [http-nio-8088-exec-3] DEBUG o.s.security.web.FilterChainProxy - Securing GET /api/v1/files/a10447e0-1a57-4b12-837d-218f6d3a6706.jpg
2025-11-13 00:30:01 [http-nio-8088-exec-3] DEBUG o.s.s.w.a.AnonymousAuthenticationFilter - Set SecurityContextHolder to anonymous SecurityContext
2025-11-13 00:30:01 [http-nio-8088-exec-3] DEBUG o.s.security.web.FilterChainProxy - Secured GET /api/v1/files/a10447e0-1a57-4b12-837d-218f6d3a6706.jpg
2025-11-13 00:30:01 [http-nio-8088-exec-3] DEBUG c.g.c.controller.FileController - Downloading file: a10447e0-1a57-4b12-837d-218f6d3a6706.jpg
2025-11-13 00:30:01 [http-nio-8088-exec-1] DEBUG o.s.security.web.FilterChainProxy - Securing GET /api/v1/categories
2025-11-13 00:30:01 [http-nio-8088-exec-5] DEBUG o.s.security.web.FilterChainProxy - Securing GET /api/v1/files/01377e1e-70ed-48ba-bd4a-6379aeff4856.jpg
2025-11-13 00:30:01 [http-nio-8088-exec-5] DEBUG o.s.s.w.a.AnonymousAuthenticationFilter - Set SecurityContextHolder to anonymous SecurityContext
2025-11-13 00:30:01 [http-nio-8088-exec-5] DEBUG o.s.security.web.FilterChainProxy - Secured GET /api/v1/files/01377e1e-70ed-48ba-bd4a-6379aeff4856.jpg
2025-11-13 00:30:01 [http-nio-8088-exec-4] DEBUG c.g.c.controller.FileController - Downloading file: fc284af6-76c3-40fc-b6ab-245bf05af010.jpg
2025-11-13 00:30:01 [http-nio-8088-exec-8] DEBUG o.s.security.web.FilterChainProxy - Securing GET /api/v1/files/399710fc-be76-468d-be99-161396dbd4a4.jpg
2025-11-13 00:30:01 [http-nio-8088-exec-8] DEBUG o.s.s.w.a.AnonymousAuthenticationFilter - Set SecurityContextHolder to anonymous SecurityContext
2025-11-13 00:30:01 [http-nio-8088-exec-8] DEBUG o.s.security.web.FilterChainProxy - Secured GET /api/v1/files/399710fc-be76-468d-be99-161396dbd4a4.jpg
2025-11-13 00:30:01 [http-nio-8088-exec-3] DEBUG o.s.security.web.FilterChainProxy - Securing GET /api/v1/files/5f0d97d1-f3b4-431e-99dd-ad80499705ba.jpg
2025-11-13 00:30:01 [http-nio-8088-exec-3] DEBUG o.s.s.w.a.AnonymousAuthenticationFilter - Set SecurityContextHolder to anonymous SecurityContext
2025-11-13 00:30:01 [http-nio-8088-exec-3] DEBUG o.s.security.web.FilterChainProxy - Secured GET /api/v1/files/5f0d97d1-f3b4-431e-99dd-ad80499705ba.jpg
2025-11-13 00:30:01 [http-nio-8088-exec-3] DEBUG c.g.c.controller.FileController - Downloading file: 5f0d97d1-f3b4-431e-99dd-ad80499705ba.jpg
2025-11-13 00:30:01 [http-nio-8088-exec-5] DEBUG c.g.c.controller.FileController - Downloading file: 01377e1e-70ed-48ba-bd4a-6379aeff4856.jpg
2025-11-13 00:30:01 [http-nio-8088-exec-8] DEBUG c.g.c.controller.FileController - Downloading file: 399710fc-be76-468d-be99-161396dbd4a4.jpg
2025-11-13 00:30:01 [http-nio-8088-exec-4] DEBUG o.s.security.web.FilterChainProxy - Securing GET /api/v1/files/3be6958d-8594-4f88-bf4a-caed30cc8686.jpg
2025-11-13 00:30:01 [http-nio-8088-exec-4] DEBUG o.s.s.w.a.AnonymousAuthenticationFilter - Set SecurityContextHolder to anonymous SecurityContext
2025-11-13 00:30:01 [http-nio-8088-exec-4] DEBUG o.s.security.web.FilterChainProxy - Secured GET /api/v1/files/3be6958d-8594-4f88-bf4a-caed30cc8686.jpg
2025-11-13 00:30:01 [http-nio-8088-exec-4] DEBUG c.g.c.controller.FileController - Downloading file: 3be6958d-8594-4f88-bf4a-caed30cc8686.jpg
2025-11-13 00:30:01 [http-nio-8088-exec-3] DEBUG o.s.security.web.FilterChainProxy - Securing GET /api/v1/files/a7ad5fc9-6e6e-4d2d-bf7f-0925fb9237ec.jpg
2025-11-13 00:30:01 [http-nio-8088-exec-3] DEBUG o.s.s.w.a.AnonymousAuthenticationFilter - Set SecurityContextHolder to anonymous SecurityContext
2025-11-13 00:30:01 [http-nio-8088-exec-3] DEBUG o.s.security.web.FilterChainProxy - Secured GET /api/v1/files/a7ad5fc9-6e6e-4d2d-bf7f-0925fb9237ec.jpg
2025-11-13 00:30:01 [http-nio-8088-exec-8] DEBUG o.s.security.web.FilterChainProxy - Securing GET /api/v1/files/76508bcc-516c-4520-b640-75df6df6a0ca.jpg
2025-11-13 00:30:01 [http-nio-8088-exec-3] DEBUG c.g.c.controller.FileController - Downloading file: a7ad5fc9-6e6e-4d2d-bf7f-0925fb9237ec.jpg
2025-11-13 00:30:01 [http-nio-8088-exec-8] DEBUG o.s.s.w.a.AnonymousAuthenticationFilter - Set SecurityContextHolder to anonymous SecurityContext
2025-11-13 00:30:01 [http-nio-8088-exec-8] DEBUG o.s.security.web.FilterChainProxy - Secured GET /api/v1/files/76508bcc-516c-4520-b640-75df6df6a0ca.jpg
2025-11-13 00:30:01 [http-nio-8088-exec-8] DEBUG c.g.c.controller.FileController - Downloading file: 76508bcc-516c-4520-b640-75df6df6a0ca.jpg
2025-11-13 00:30:01 [http-nio-8088-exec-1] DEBUG org.hibernate.SQL - 
    select
        u1_0.id,
        u1_0.created_at,
        u1_0.email,
        u1_0.full_name,
        u1_0.password,
        u1_0.phone,
        u1_0.status,
        u1_0.updated_at,
        u1_0.username 
    from
        users u1_0 
    where
        u1_0.username=?
2025-11-13 00:30:01 [http-nio-8088-exec-9] DEBUG o.s.security.web.FilterChainProxy - Securing GET /api/v1/files/4b9dcaa8-0825-4ee8-badc-86529e305d2a.jpg
2025-11-13 00:30:01 [http-nio-8088-exec-9] DEBUG o.s.s.w.a.AnonymousAuthenticationFilter - Set SecurityContextHolder to anonymous SecurityContext
2025-11-13 00:30:01 [http-nio-8088-exec-9] DEBUG o.s.security.web.FilterChainProxy - Secured GET /api/v1/files/4b9dcaa8-0825-4ee8-badc-86529e305d2a.jpg
2025-11-13 00:30:01 [http-nio-8088-exec-9] DEBUG c.g.c.controller.FileController - Downloading file: 4b9dcaa8-0825-4ee8-badc-86529e305d2a.jpg
2025-11-13 00:30:01 [http-nio-8088-exec-10] DEBUG o.s.security.web.FilterChainProxy - Securing GET /api/v1/files/dc7eea7e-d955-4e82-947f-8f3a275d09c8.jpg
2025-11-13 00:30:01 [http-nio-8088-exec-10] DEBUG o.s.s.w.a.AnonymousAuthenticationFilter - Set SecurityContextHolder to anonymous SecurityContext
2025-11-13 00:30:01 [http-nio-8088-exec-10] DEBUG o.s.security.web.FilterChainProxy - Secured GET /api/v1/files/dc7eea7e-d955-4e82-947f-8f3a275d09c8.jpg
2025-11-13 00:30:01 [http-nio-8088-exec-10] DEBUG c.g.c.controller.FileController - Downloading file: dc7eea7e-d955-4e82-947f-8f3a275d09c8.jpg
2025-11-13 00:30:01 [http-nio-8088-exec-8] DEBUG o.s.security.web.FilterChainProxy - Securing GET /api/v1/files/257f1822-ec96-40c8-850e-a304cffa37fd.jpg
2025-11-13 00:30:01 [http-nio-8088-exec-8] DEBUG o.s.s.w.a.AnonymousAuthenticationFilter - Set SecurityContextHolder to anonymous SecurityContext
2025-11-13 00:30:01 [http-nio-8088-exec-8] DEBUG o.s.security.web.FilterChainProxy - Secured GET /api/v1/files/257f1822-ec96-40c8-850e-a304cffa37fd.jpg
2025-11-13 00:30:01 [http-nio-8088-exec-8] DEBUG c.g.c.controller.FileController - Downloading file: 257f1822-ec96-40c8-850e-a304cffa37fd.jpg
2025-11-13 00:30:01 [http-nio-8088-exec-1] DEBUG org.hibernate.SQL - 
    select
        r1_0.user_id,
        r1_1.id,
        r1_1.name 
    from
        user_roles r1_0 
    join
        roles r1_1 
            on r1_1.id=r1_0.role_id 
    where
        r1_0.user_id=?
2025-11-13 00:30:01 [http-nio-8088-exec-1] DEBUG o.s.security.web.FilterChainProxy - Secured GET /api/v1/categories
2025-11-13 00:30:01 [http-nio-8088-exec-1] DEBUG o.s.s.a.m.AuthorizationManagerBeforeMethodInterceptor - Authorizing method invocation ReflectiveMethodInvocation: public org.springframework.http.ResponseEntity com.giapho.coffee_shop_backend.controller.CategoryController.getAllCategories(); target is of class [com.giapho.coffee_shop_backend.controller.CategoryController]
2025-11-13 00:30:01 [http-nio-8088-exec-1] DEBUG o.s.s.a.m.AuthorizationManagerBeforeMethodInterceptor - Authorized method invocation ReflectiveMethodInvocation: public org.springframework.http.ResponseEntity com.giapho.coffee_shop_backend.controller.CategoryController.getAllCategories(); target is of class [com.giapho.coffee_shop_backend.controller.CategoryController]
2025-11-13 00:30:01 [http-nio-8088-exec-1] DEBUG org.hibernate.SQL - 
    select
        c1_0.id,
        c1_0.description,
        c1_0.name 
    from
        categories c1_0
2025-11-13 00:31:23 [http-nio-8088-exec-1] DEBUG o.s.security.web.FilterChainProxy - Securing GET /api/v1/reports/profit?startDate=2025-10-14&endDate=2025-11-13
2025-11-13 00:31:23 [http-nio-8088-exec-1] DEBUG org.hibernate.SQL - 
    select
        u1_0.id,
        u1_0.created_at,
        u1_0.email,
        u1_0.full_name,
        u1_0.password,
        u1_0.phone,
        u1_0.status,
        u1_0.updated_at,
        u1_0.username 
    from
        users u1_0 
    where
        u1_0.username=?
2025-11-13 00:31:23 [http-nio-8088-exec-1] DEBUG org.hibernate.SQL - 
    select
        r1_0.user_id,
        r1_1.id,
        r1_1.name 
    from
        user_roles r1_0 
    join
        roles r1_1 
            on r1_1.id=r1_0.role_id 
    where
        r1_0.user_id=?
2025-11-13 00:31:23 [http-nio-8088-exec-1] DEBUG o.s.security.web.FilterChainProxy - Secured GET /api/v1/reports/profit?startDate=2025-10-14&endDate=2025-11-13
2025-11-13 00:31:23 [http-nio-8088-exec-1] DEBUG o.s.s.a.m.AuthorizationManagerBeforeMethodInterceptor - Authorizing method invocation ReflectiveMethodInvocation: public org.springframework.http.ResponseEntity com.giapho.coffee_shop_backend.controller.ReportController.getProfitReport(java.time.LocalDate,java.time.LocalDate); target is of class [com.giapho.coffee_shop_backend.controller.ReportController]
2025-11-13 00:31:23 [http-nio-8088-exec-1] DEBUG o.s.s.a.m.AuthorizationManagerBeforeMethodInterceptor - Failed to authorize ReflectiveMethodInvocation: public org.springframework.http.ResponseEntity com.giapho.coffee_shop_backend.controller.ReportController.getProfitReport(java.time.LocalDate,java.time.LocalDate); target is of class [com.giapho.coffee_shop_backend.controller.ReportController] with authorization manager org.springframework.security.authorization.method.PreAuthorizeAuthorizationManager@70d76581 and result ExpressionAuthorizationDecision [granted=false, expressionAttribute=hasAnyRole('MANAGER', 'ADMIN')]
2025-11-13 00:31:23 [http-nio-8088-exec-1] WARN  c.g.c.e.GlobalExceptionHandler - Access denied - Path: /api/v1/reports/profit - User: khanhphung
2025-11-13 00:31:23 [http-nio-8088-exec-4] DEBUG o.s.security.web.FilterChainProxy - Securing GET /api/v1/reports/revenue-by-date?startDate=2025-10-14&endDate=2025-11-13
2025-11-13 00:31:23 [http-nio-8088-exec-4] DEBUG org.hibernate.SQL - 
    select
        u1_0.id,
        u1_0.created_at,
        u1_0.email,
        u1_0.full_name,
        u1_0.password,
        u1_0.phone,
        u1_0.status,
        u1_0.updated_at,
        u1_0.username 
    from
        users u1_0 
    where
        u1_0.username=?
2025-11-13 00:31:23 [http-nio-8088-exec-4] DEBUG org.hibernate.SQL - 
    select
        r1_0.user_id,
        r1_1.id,
        r1_1.name 
    from
        user_roles r1_0 
    join
        roles r1_1 
            on r1_1.id=r1_0.role_id 
    where
        r1_0.user_id=?
2025-11-13 00:31:23 [http-nio-8088-exec-4] DEBUG o.s.security.web.FilterChainProxy - Secured GET /api/v1/reports/revenue-by-date?startDate=2025-10-14&endDate=2025-11-13
2025-11-13 00:31:23 [http-nio-8088-exec-4] DEBUG o.s.s.a.m.AuthorizationManagerBeforeMethodInterceptor - Authorizing method invocation ReflectiveMethodInvocation: public org.springframework.http.ResponseEntity com.giapho.coffee_shop_backend.controller.ReportController.getRevenueByDateRange(java.time.LocalDate,java.time.LocalDate); target is of class [com.giapho.coffee_shop_backend.controller.ReportController]
2025-11-13 00:31:23 [http-nio-8088-exec-4] DEBUG o.s.s.a.m.AuthorizationManagerBeforeMethodInterceptor - Failed to authorize ReflectiveMethodInvocation: public org.springframework.http.ResponseEntity com.giapho.coffee_shop_backend.controller.ReportController.getRevenueByDateRange(java.time.LocalDate,java.time.LocalDate); target is of class [com.giapho.coffee_shop_backend.controller.ReportController] with authorization manager org.springframework.security.authorization.method.PreAuthorizeAuthorizationManager@70d76581 and result ExpressionAuthorizationDecision [granted=false, expressionAttribute=hasAnyRole('MANAGER', 'ADMIN')]
2025-11-13 00:31:23 [http-nio-8088-exec-4] WARN  c.g.c.e.GlobalExceptionHandler - Access denied - Path: /api/v1/reports/revenue-by-date - User: khanhphung
2025-11-13 00:31:23 [http-nio-8088-exec-2] DEBUG o.s.security.web.FilterChainProxy - Securing GET /api/v1/reports/best-sellers?startDate=2025-10-14&endDate=2025-11-13&top=5&sortBy=revenue
2025-11-13 00:31:23 [http-nio-8088-exec-2] DEBUG org.hibernate.SQL - 
    select
        u1_0.id,
        u1_0.created_at,
        u1_0.email,
        u1_0.full_name,
        u1_0.password,
        u1_0.phone,
        u1_0.status,
        u1_0.updated_at,
        u1_0.username 
    from
        users u1_0 
    where
        u1_0.username=?
2025-11-13 00:31:23 [http-nio-8088-exec-2] DEBUG org.hibernate.SQL - 
    select
        r1_0.user_id,
        r1_1.id,
        r1_1.name 
    from
        user_roles r1_0 
    join
        roles r1_1 
            on r1_1.id=r1_0.role_id 
    where
        r1_0.user_id=?
2025-11-13 00:31:23 [http-nio-8088-exec-2] DEBUG o.s.security.web.FilterChainProxy - Secured GET /api/v1/reports/best-sellers?startDate=2025-10-14&endDate=2025-11-13&top=5&sortBy=revenue
2025-11-13 00:31:23 [http-nio-8088-exec-2] DEBUG o.s.s.a.m.AuthorizationManagerBeforeMethodInterceptor - Authorizing method invocation ReflectiveMethodInvocation: public org.springframework.http.ResponseEntity com.giapho.coffee_shop_backend.controller.ReportController.getBestSellers(java.time.LocalDate,java.time.LocalDate,int,java.lang.String); target is of class [com.giapho.coffee_shop_backend.controller.ReportController]
2025-11-13 00:31:23 [http-nio-8088-exec-2] DEBUG o.s.s.a.m.AuthorizationManagerBeforeMethodInterceptor - Failed to authorize ReflectiveMethodInvocation: public org.springframework.http.ResponseEntity com.giapho.coffee_shop_backend.controller.ReportController.getBestSellers(java.time.LocalDate,java.time.LocalDate,int,java.lang.String); target is of class [com.giapho.coffee_shop_backend.controller.ReportController] with authorization manager org.springframework.security.authorization.method.PreAuthorizeAuthorizationManager@70d76581 and result ExpressionAuthorizationDecision [granted=false, expressionAttribute=hasAnyRole('MANAGER', 'ADMIN')]
2025-11-13 00:31:23 [http-nio-8088-exec-2] WARN  c.g.c.e.GlobalExceptionHandler - Access denied - Path: /api/v1/reports/best-sellers - User: khanhphung
2025-11-13 00:31:34 [http-nio-8088-exec-6] DEBUG o.s.security.web.FilterChainProxy - Securing POST /api/v1/auth/login
2025-11-13 00:31:34 [http-nio-8088-exec-6] DEBUG o.s.s.w.a.AnonymousAuthenticationFilter - Set SecurityContextHolder to anonymous SecurityContext
2025-11-13 00:31:34 [http-nio-8088-exec-6] DEBUG o.s.security.web.FilterChainProxy - Secured POST /api/v1/auth/login
2025-11-13 00:31:34 [http-nio-8088-exec-6] DEBUG org.hibernate.SQL - 
    select
        u1_0.id,
        u1_0.created_at,
        u1_0.email,
        u1_0.full_name,
        u1_0.password,
        u1_0.phone,
        u1_0.status,
        u1_0.updated_at,
        u1_0.username 
    from
        users u1_0 
    where
        u1_0.username=?
2025-11-13 00:31:34 [http-nio-8088-exec-6] DEBUG org.hibernate.SQL - 
    select
        r1_0.user_id,
        r1_1.id,
        r1_1.name 
    from
        user_roles r1_0 
    join
        roles r1_1 
            on r1_1.id=r1_0.role_id 
    where
        r1_0.user_id=?
2025-11-13 00:31:34 [http-nio-8088-exec-6] DEBUG o.s.s.a.d.DaoAuthenticationProvider - Failed to authenticate since password does not match stored value
2025-11-13 00:31:34 [http-nio-8088-exec-6] DEBUG o.s.s.authentication.ProviderManager - Authentication failed with provider DaoAuthenticationProvider since Bad credentials
2025-11-13 00:31:34 [http-nio-8088-exec-6] DEBUG org.hibernate.SQL - 
    select
        u1_0.id,
        u1_0.created_at,
        u1_0.email,
        u1_0.full_name,
        u1_0.password,
        u1_0.phone,
        u1_0.status,
        u1_0.updated_at,
        u1_0.username 
    from
        users u1_0 
    where
        u1_0.username=?
2025-11-13 00:31:34 [http-nio-8088-exec-6] DEBUG org.hibernate.SQL - 
    insert 
    into
        login_history
        (ip_address, login_at, message, success, user_id, user_agent, username) 
    values
        (?, ?, ?, ?, ?, ?, ?)
2025-11-13 00:31:34 [http-nio-8088-exec-6] WARN  c.g.c.e.GlobalExceptionHandler - Entity not found: Invalid username or password - Path: /api/v1/auth/login
2025-11-13 00:31:40 [http-nio-8088-exec-7] DEBUG o.s.security.web.FilterChainProxy - Securing POST /api/v1/auth/login
2025-11-13 00:31:40 [http-nio-8088-exec-7] DEBUG o.s.s.w.a.AnonymousAuthenticationFilter - Set SecurityContextHolder to anonymous SecurityContext
2025-11-13 00:31:40 [http-nio-8088-exec-7] DEBUG o.s.security.web.FilterChainProxy - Secured POST /api/v1/auth/login
2025-11-13 00:31:40 [http-nio-8088-exec-7] DEBUG org.hibernate.SQL - 
    select
        u1_0.id,
        u1_0.created_at,
        u1_0.email,
        u1_0.full_name,
        u1_0.password,
        u1_0.phone,
        u1_0.status,
        u1_0.updated_at,
        u1_0.username 
    from
        users u1_0 
    where
        u1_0.username=?
2025-11-13 00:31:40 [http-nio-8088-exec-7] DEBUG o.s.s.a.d.DaoAuthenticationProvider - Failed to find user 'khanhphungphung'
2025-11-13 00:31:40 [http-nio-8088-exec-7] DEBUG o.s.s.authentication.ProviderManager - Authentication failed with provider DaoAuthenticationProvider since Bad credentials
2025-11-13 00:31:40 [http-nio-8088-exec-7] DEBUG org.hibernate.SQL - 
    select
        u1_0.id,
        u1_0.created_at,
        u1_0.email,
        u1_0.full_name,
        u1_0.password,
        u1_0.phone,
        u1_0.status,
        u1_0.updated_at,
        u1_0.username 
    from
        users u1_0 
    where
        u1_0.username=?
2025-11-13 00:31:40 [http-nio-8088-exec-7] DEBUG org.hibernate.SQL - 
    insert 
    into
        login_history
        (ip_address, login_at, message, success, user_id, user_agent, username) 
    values
        (?, ?, ?, ?, ?, ?, ?)
2025-11-13 00:31:40 [http-nio-8088-exec-7] WARN  c.g.c.e.GlobalExceptionHandler - Entity not found: Invalid username or password - Path: /api/v1/auth/login
2025-11-13 00:34:59 [http-nio-8088-exec-9] DEBUG o.s.security.web.FilterChainProxy - Securing OPTIONS /api/v1/auth/login
2025-11-13 00:34:59 [http-nio-8088-exec-5] DEBUG o.s.security.web.FilterChainProxy - Securing POST /api/v1/auth/login
2025-11-13 00:34:59 [http-nio-8088-exec-5] DEBUG o.s.s.w.a.AnonymousAuthenticationFilter - Set SecurityContextHolder to anonymous SecurityContext
2025-11-13 00:34:59 [http-nio-8088-exec-5] DEBUG o.s.security.web.FilterChainProxy - Secured POST /api/v1/auth/login
2025-11-13 00:34:59 [http-nio-8088-exec-5] DEBUG org.hibernate.SQL - 
    select
        u1_0.id,
        u1_0.created_at,
        u1_0.email,
        u1_0.full_name,
        u1_0.password,
        u1_0.phone,
        u1_0.status,
        u1_0.updated_at,
        u1_0.username 
    from
        users u1_0 
    where
        u1_0.username=?
2025-11-13 00:34:59 [http-nio-8088-exec-5] DEBUG org.hibernate.SQL - 
    select
        r1_0.user_id,
        r1_1.id,
        r1_1.name 
    from
        user_roles r1_0 
    join
        roles r1_1 
            on r1_1.id=r1_0.role_id 
    where
        r1_0.user_id=?
2025-11-13 00:34:59 [http-nio-8088-exec-5] DEBUG o.s.s.a.d.DaoAuthenticationProvider - Failed to authenticate since password does not match stored value
2025-11-13 00:34:59 [http-nio-8088-exec-5] DEBUG o.s.s.authentication.ProviderManager - Authentication failed with provider DaoAuthenticationProvider since Bad credentials
2025-11-13 00:34:59 [http-nio-8088-exec-5] DEBUG org.hibernate.SQL - 
    select
        u1_0.id,
        u1_0.created_at,
        u1_0.email,
        u1_0.full_name,
        u1_0.password,
        u1_0.phone,
        u1_0.status,
        u1_0.updated_at,
        u1_0.username 
    from
        users u1_0 
    where
        u1_0.username=?
2025-11-13 00:34:59 [http-nio-8088-exec-5] DEBUG org.hibernate.SQL - 
    insert 
    into
        login_history
        (ip_address, login_at, message, success, user_id, user_agent, username) 
    values
        (?, ?, ?, ?, ?, ?, ?)
2025-11-13 00:34:59 [http-nio-8088-exec-5] WARN  c.g.c.e.GlobalExceptionHandler - Entity not found: Invalid username or password - Path: /api/v1/auth/login
2025-11-13 00:36:44 [http-nio-8088-exec-8] DEBUG o.s.security.web.FilterChainProxy - Securing OPTIONS /api/v1/auth/login
2025-11-13 00:36:44 [http-nio-8088-exec-1] DEBUG o.s.security.web.FilterChainProxy - Securing POST /api/v1/auth/login
2025-11-13 00:36:44 [http-nio-8088-exec-1] DEBUG o.s.s.w.a.AnonymousAuthenticationFilter - Set SecurityContextHolder to anonymous SecurityContext
2025-11-13 00:36:44 [http-nio-8088-exec-1] DEBUG o.s.security.web.FilterChainProxy - Secured POST /api/v1/auth/login
2025-11-13 00:36:44 [http-nio-8088-exec-1] DEBUG org.hibernate.SQL - 
    select
        u1_0.id,
        u1_0.created_at,
        u1_0.email,
        u1_0.full_name,
        u1_0.password,
        u1_0.phone,
        u1_0.status,
        u1_0.updated_at,
        u1_0.username 
    from
        users u1_0 
    where
        u1_0.username=?
2025-11-13 00:36:44 [http-nio-8088-exec-1] DEBUG org.hibernate.SQL - 
    select
        r1_0.user_id,
        r1_1.id,
        r1_1.name 
    from
        user_roles r1_0 
    join
        roles r1_1 
            on r1_1.id=r1_0.role_id 
    where
        r1_0.user_id=?
2025-11-13 00:36:44 [http-nio-8088-exec-1] DEBUG o.s.s.a.d.DaoAuthenticationProvider - Failed to authenticate since password does not match stored value
2025-11-13 00:36:44 [http-nio-8088-exec-1] DEBUG o.s.s.authentication.ProviderManager - Authentication failed with provider DaoAuthenticationProvider since Bad credentials
2025-11-13 00:36:44 [http-nio-8088-exec-1] DEBUG org.hibernate.SQL - 
    select
        u1_0.id,
        u1_0.created_at,
        u1_0.email,
        u1_0.full_name,
        u1_0.password,
        u1_0.phone,
        u1_0.status,
        u1_0.updated_at,
        u1_0.username 
    from
        users u1_0 
    where
        u1_0.username=?
2025-11-13 00:36:44 [http-nio-8088-exec-1] DEBUG org.hibernate.SQL - 
    insert 
    into
        login_history
        (ip_address, login_at, message, success, user_id, user_agent, username) 
    values
        (?, ?, ?, ?, ?, ?, ?)
2025-11-13 00:36:44 [http-nio-8088-exec-1] WARN  c.g.c.e.GlobalExceptionHandler - Entity not found: Invalid username or password - Path: /api/v1/auth/login
2025-11-13 00:38:17 [http-nio-8088-exec-2] DEBUG o.s.security.web.FilterChainProxy - Securing POST /api/v1/auth/login
2025-11-13 00:38:17 [http-nio-8088-exec-2] DEBUG o.s.s.w.a.AnonymousAuthenticationFilter - Set SecurityContextHolder to anonymous SecurityContext
2025-11-13 00:38:17 [http-nio-8088-exec-2] DEBUG o.s.security.web.FilterChainProxy - Secured POST /api/v1/auth/login
2025-11-13 00:38:17 [http-nio-8088-exec-2] DEBUG org.hibernate.SQL - 
    select
        u1_0.id,
        u1_0.created_at,
        u1_0.email,
        u1_0.full_name,
        u1_0.password,
        u1_0.phone,
        u1_0.status,
        u1_0.updated_at,
        u1_0.username 
    from
        users u1_0 
    where
        u1_0.username=?
2025-11-13 00:38:17 [http-nio-8088-exec-2] DEBUG org.hibernate.SQL - 
    select
        r1_0.user_id,
        r1_1.id,
        r1_1.name 
    from
        user_roles r1_0 
    join
        roles r1_1 
            on r1_1.id=r1_0.role_id 
    where
        r1_0.user_id=?
2025-11-13 00:38:17 [http-nio-8088-exec-2] DEBUG o.s.s.a.d.DaoAuthenticationProvider - Failed to authenticate since password does not match stored value
2025-11-13 00:38:17 [http-nio-8088-exec-2] DEBUG o.s.s.authentication.ProviderManager - Authentication failed with provider DaoAuthenticationProvider since Bad credentials
2025-11-13 00:38:17 [http-nio-8088-exec-2] DEBUG org.hibernate.SQL - 
    select
        u1_0.id,
        u1_0.created_at,
        u1_0.email,
        u1_0.full_name,
        u1_0.password,
        u1_0.phone,
        u1_0.status,
        u1_0.updated_at,
        u1_0.username 
    from
        users u1_0 
    where
        u1_0.username=?
2025-11-13 00:38:17 [http-nio-8088-exec-2] DEBUG org.hibernate.SQL - 
    insert 
    into
        login_history
        (ip_address, login_at, message, success, user_id, user_agent, username) 
    values
        (?, ?, ?, ?, ?, ?, ?)
2025-11-13 00:38:17 [http-nio-8088-exec-2] WARN  c.g.c.e.GlobalExceptionHandler - Entity not found: Invalid username or password - Path: /api/v1/auth/login
2025-11-13 00:38:25 [http-nio-8088-exec-6] DEBUG o.s.security.web.FilterChainProxy - Securing POST /api/v1/auth/login
2025-11-13 00:38:25 [http-nio-8088-exec-6] DEBUG o.s.s.w.a.AnonymousAuthenticationFilter - Set SecurityContextHolder to anonymous SecurityContext
2025-11-13 00:38:25 [http-nio-8088-exec-6] DEBUG o.s.security.web.FilterChainProxy - Secured POST /api/v1/auth/login
2025-11-13 00:38:25 [http-nio-8088-exec-6] WARN  c.g.c.e.GlobalExceptionHandler - Validation failed - Path: /api/v1/auth/login
2025-11-13 00:38:25 [http-nio-8088-exec-6] DEBUG c.g.c.e.GlobalExceptionHandler - Field validation error - password: Password is required
2025-11-13 00:38:25 [http-nio-8088-exec-6] DEBUG c.g.c.e.GlobalExceptionHandler - Field validation error - username: Username is required
2025-11-13 00:38:28 [http-nio-8088-exec-7] DEBUG o.s.security.web.FilterChainProxy - Securing POST /api/v1/auth/login
2025-11-13 00:38:28 [http-nio-8088-exec-7] DEBUG o.s.s.w.a.AnonymousAuthenticationFilter - Set SecurityContextHolder to anonymous SecurityContext
2025-11-13 00:38:28 [http-nio-8088-exec-7] DEBUG o.s.security.web.FilterChainProxy - Secured POST /api/v1/auth/login
2025-11-13 00:38:28 [http-nio-8088-exec-7] DEBUG org.hibernate.SQL - 
    select
        u1_0.id,
        u1_0.created_at,
        u1_0.email,
        u1_0.full_name,
        u1_0.password,
        u1_0.phone,
        u1_0.status,
        u1_0.updated_at,
        u1_0.username 
    from
        users u1_0 
    where
        u1_0.username=?
2025-11-13 00:38:28 [http-nio-8088-exec-7] DEBUG o.s.s.a.d.DaoAuthenticationProvider - Failed to find user 'ấ'
2025-11-13 00:38:28 [http-nio-8088-exec-7] DEBUG o.s.s.authentication.ProviderManager - Authentication failed with provider DaoAuthenticationProvider since Bad credentials
2025-11-13 00:38:28 [http-nio-8088-exec-7] DEBUG org.hibernate.SQL - 
    select
        u1_0.id,
        u1_0.created_at,
        u1_0.email,
        u1_0.full_name,
        u1_0.password,
        u1_0.phone,
        u1_0.status,
        u1_0.updated_at,
        u1_0.username 
    from
        users u1_0 
    where
        u1_0.username=?
2025-11-13 00:38:28 [http-nio-8088-exec-7] DEBUG org.hibernate.SQL - 
    insert 
    into
        login_history
        (ip_address, login_at, message, success, user_id, user_agent, username) 
    values
        (?, ?, ?, ?, ?, ?, ?)
2025-11-13 00:38:28 [http-nio-8088-exec-7] WARN  c.g.c.e.GlobalExceptionHandler - Entity not found: Invalid username or password - Path: /api/v1/auth/login
2025-11-13 00:38:34 [http-nio-8088-exec-10] DEBUG o.s.security.web.FilterChainProxy - Securing POST /api/v1/auth/login
2025-11-13 00:38:34 [http-nio-8088-exec-10] DEBUG o.s.s.w.a.AnonymousAuthenticationFilter - Set SecurityContextHolder to anonymous SecurityContext
2025-11-13 00:38:34 [http-nio-8088-exec-10] DEBUG o.s.security.web.FilterChainProxy - Secured POST /api/v1/auth/login
2025-11-13 00:38:34 [http-nio-8088-exec-10] DEBUG org.hibernate.SQL - 
    select
        u1_0.id,
        u1_0.created_at,
        u1_0.email,
        u1_0.full_name,
        u1_0.password,
        u1_0.phone,
        u1_0.status,
        u1_0.updated_at,
        u1_0.username 
    from
        users u1_0 
    where
        u1_0.username=?
2025-11-13 00:38:34 [http-nio-8088-exec-10] DEBUG o.s.s.a.d.DaoAuthenticationProvider - Failed to find user 'ấphung'
2025-11-13 00:38:34 [http-nio-8088-exec-10] DEBUG o.s.s.authentication.ProviderManager - Authentication failed with provider DaoAuthenticationProvider since Bad credentials
2025-11-13 00:38:34 [http-nio-8088-exec-10] DEBUG org.hibernate.SQL - 
    select
        u1_0.id,
        u1_0.created_at,
        u1_0.email,
        u1_0.full_name,
        u1_0.password,
        u1_0.phone,
        u1_0.status,
        u1_0.updated_at,
        u1_0.username 
    from
        users u1_0 
    where
        u1_0.username=?
2025-11-13 00:38:34 [http-nio-8088-exec-10] DEBUG org.hibernate.SQL - 
    insert 
    into
        login_history
        (ip_address, login_at, message, success, user_id, user_agent, username) 
    values
        (?, ?, ?, ?, ?, ?, ?)
2025-11-13 00:38:34 [http-nio-8088-exec-10] WARN  c.g.c.e.GlobalExceptionHandler - Entity not found: Invalid username or password - Path: /api/v1/auth/login
2025-11-13 00:38:40 [http-nio-8088-exec-9] DEBUG o.s.security.web.FilterChainProxy - Securing POST /api/v1/auth/login
2025-11-13 00:38:40 [http-nio-8088-exec-9] DEBUG o.s.s.w.a.AnonymousAuthenticationFilter - Set SecurityContextHolder to anonymous SecurityContext
2025-11-13 00:38:40 [http-nio-8088-exec-9] DEBUG o.s.security.web.FilterChainProxy - Secured POST /api/v1/auth/login
2025-11-13 00:38:40 [http-nio-8088-exec-9] DEBUG org.hibernate.SQL - 
    select
        u1_0.id,
        u1_0.created_at,
        u1_0.email,
        u1_0.full_name,
        u1_0.password,
        u1_0.phone,
        u1_0.status,
        u1_0.updated_at,
        u1_0.username 
    from
        users u1_0 
    where
        u1_0.username=?
2025-11-13 00:38:40 [http-nio-8088-exec-9] DEBUG o.s.s.a.d.DaoAuthenticationProvider - Failed to find user 'ấphungkhanhphung'
2025-11-13 00:38:40 [http-nio-8088-exec-9] DEBUG o.s.s.authentication.ProviderManager - Authentication failed with provider DaoAuthenticationProvider since Bad credentials
2025-11-13 00:38:40 [http-nio-8088-exec-9] DEBUG org.hibernate.SQL - 
    select
        u1_0.id,
        u1_0.created_at,
        u1_0.email,
        u1_0.full_name,
        u1_0.password,
        u1_0.phone,
        u1_0.status,
        u1_0.updated_at,
        u1_0.username 
    from
        users u1_0 
    where
        u1_0.username=?
2025-11-13 00:38:40 [http-nio-8088-exec-9] DEBUG org.hibernate.SQL - 
    insert 
    into
        login_history
        (ip_address, login_at, message, success, user_id, user_agent, username) 
    values
        (?, ?, ?, ?, ?, ?, ?)
2025-11-13 00:38:40 [http-nio-8088-exec-9] WARN  c.g.c.e.GlobalExceptionHandler - Entity not found: Invalid username or password - Path: /api/v1/auth/login
2025-11-13 02:23:17 [http-nio-8088-exec-3] DEBUG o.s.security.web.FilterChainProxy - Securing OPTIONS /api/v1/auth/login
2025-11-13 02:23:17 [http-nio-8088-exec-8] DEBUG o.s.security.web.FilterChainProxy - Securing POST /api/v1/auth/login
2025-11-13 02:23:17 [http-nio-8088-exec-8] DEBUG o.s.s.w.a.AnonymousAuthenticationFilter - Set SecurityContextHolder to anonymous SecurityContext
2025-11-13 02:23:17 [http-nio-8088-exec-8] DEBUG o.s.security.web.FilterChainProxy - Secured POST /api/v1/auth/login
2025-11-13 02:23:17 [http-nio-8088-exec-8] DEBUG org.hibernate.SQL - 
    select
        u1_0.id,
        u1_0.created_at,
        u1_0.email,
        u1_0.full_name,
        u1_0.password,
        u1_0.phone,
        u1_0.status,
        u1_0.updated_at,
        u1_0.username 
    from
        users u1_0 
    where
        u1_0.username=?
2025-11-13 02:23:17 [http-nio-8088-exec-8] DEBUG org.hibernate.SQL - 
    select
        r1_0.user_id,
        r1_1.id,
        r1_1.name 
    from
        user_roles r1_0 
    join
        roles r1_1 
            on r1_1.id=r1_0.role_id 
    where
        r1_0.user_id=?
2025-11-13 02:23:17 [http-nio-8088-exec-8] DEBUG o.s.s.a.d.DaoAuthenticationProvider - Authenticated user
2025-11-13 02:23:17 [http-nio-8088-exec-8] DEBUG org.hibernate.SQL - 
    select
        u1_0.id,
        u1_0.created_at,
        u1_0.email,
        u1_0.full_name,
        u1_0.password,
        u1_0.phone,
        u1_0.status,
        u1_0.updated_at,
        u1_0.username 
    from
        users u1_0 
    where
        u1_0.username=?
2025-11-13 02:23:17 [http-nio-8088-exec-8] DEBUG org.hibernate.SQL - 
    insert 
    into
        login_history
        (ip_address, login_at, message, success, user_id, user_agent, username) 
    values
        (?, ?, ?, ?, ?, ?, ?)
2025-11-13 02:23:18 [http-nio-8088-exec-1] DEBUG o.s.security.web.FilterChainProxy - Securing OPTIONS /api/v1/reports/profit?startDate=2025-10-14&endDate=2025-11-13
2025-11-13 02:23:18 [http-nio-8088-exec-4] DEBUG o.s.security.web.FilterChainProxy - Securing GET /api/v1/reports/profit?startDate=2025-10-14&endDate=2025-11-13
2025-11-13 02:23:18 [http-nio-8088-exec-4] DEBUG org.hibernate.SQL - 
    select
        u1_0.id,
        u1_0.created_at,
        u1_0.email,
        u1_0.full_name,
        u1_0.password,
        u1_0.phone,
        u1_0.status,
        u1_0.updated_at,
        u1_0.username 
    from
        users u1_0 
    where
        u1_0.username=?
2025-11-13 02:23:18 [http-nio-8088-exec-4] DEBUG org.hibernate.SQL - 
    select
        r1_0.user_id,
        r1_1.id,
        r1_1.name 
    from
        user_roles r1_0 
    join
        roles r1_1 
            on r1_1.id=r1_0.role_id 
    where
        r1_0.user_id=?
2025-11-13 02:23:18 [http-nio-8088-exec-4] DEBUG o.s.security.web.FilterChainProxy - Secured GET /api/v1/reports/profit?startDate=2025-10-14&endDate=2025-11-13
2025-11-13 02:23:18 [http-nio-8088-exec-4] DEBUG o.s.s.a.m.AuthorizationManagerBeforeMethodInterceptor - Authorizing method invocation ReflectiveMethodInvocation: public org.springframework.http.ResponseEntity com.giapho.coffee_shop_backend.controller.ReportController.getProfitReport(java.time.LocalDate,java.time.LocalDate); target is of class [com.giapho.coffee_shop_backend.controller.ReportController]
2025-11-13 02:23:18 [http-nio-8088-exec-4] DEBUG o.s.s.a.m.AuthorizationManagerBeforeMethodInterceptor - Authorized method invocation ReflectiveMethodInvocation: public org.springframework.http.ResponseEntity com.giapho.coffee_shop_backend.controller.ReportController.getProfitReport(java.time.LocalDate,java.time.LocalDate); target is of class [com.giapho.coffee_shop_backend.controller.ReportController]
2025-11-13 02:23:18 [http-nio-8088-exec-4] DEBUG org.hibernate.SQL - 
    select
        coalesce(sum(o1_0.total_amount), 0) 
    from
        orders o1_0 
    where
        o1_0.status='PAID' 
        and o1_0.paid_at>=? 
        and o1_0.paid_at<?
2025-11-13 02:23:18 [http-nio-8088-exec-4] DEBUG org.hibernate.SQL - 
    select
        od1_0.id,
        od1_0.notes,
        od1_0.order_id,
        od1_0.price_at_order,
        od1_0.product_id,
        p1_0.id,
        p1_0.category_id,
        p1_0.code,
        p1_0.cost,
        p1_0.created_at,
        p1_0.description,
        p1_0.image_url,
        p1_0.is_available,
        p1_0.name,
        p1_0.price,
        p1_0.updated_at,
        od1_0.quantity 
    from
        order_details od1_0 
    join
        products p1_0 
            on p1_0.id=od1_0.product_id 
    join
        orders o1_0 
            on o1_0.id=od1_0.order_id 
    where
        o1_0.status='PAID' 
        and o1_0.paid_at between ? and ?
2025-11-13 02:23:18 [http-nio-8088-exec-2] DEBUG o.s.security.web.FilterChainProxy - Securing OPTIONS /api/v1/reports/revenue-by-date?startDate=2025-10-14&endDate=2025-11-13
2025-11-13 02:23:18 [http-nio-8088-exec-6] DEBUG o.s.security.web.FilterChainProxy - Securing GET /api/v1/reports/revenue-by-date?startDate=2025-10-14&endDate=2025-11-13
2025-11-13 02:23:18 [http-nio-8088-exec-6] DEBUG org.hibernate.SQL - 
    select
        u1_0.id,
        u1_0.created_at,
        u1_0.email,
        u1_0.full_name,
        u1_0.password,
        u1_0.phone,
        u1_0.status,
        u1_0.updated_at,
        u1_0.username 
    from
        users u1_0 
    where
        u1_0.username=?
2025-11-13 02:23:18 [http-nio-8088-exec-6] DEBUG org.hibernate.SQL - 
    select
        r1_0.user_id,
        r1_1.id,
        r1_1.name 
    from
        user_roles r1_0 
    join
        roles r1_1 
            on r1_1.id=r1_0.role_id 
    where
        r1_0.user_id=?
2025-11-13 02:23:18 [http-nio-8088-exec-6] DEBUG o.s.security.web.FilterChainProxy - Secured GET /api/v1/reports/revenue-by-date?startDate=2025-10-14&endDate=2025-11-13
2025-11-13 02:23:18 [http-nio-8088-exec-6] DEBUG o.s.s.a.m.AuthorizationManagerBeforeMethodInterceptor - Authorizing method invocation ReflectiveMethodInvocation: public org.springframework.http.ResponseEntity com.giapho.coffee_shop_backend.controller.ReportController.getRevenueByDateRange(java.time.LocalDate,java.time.LocalDate); target is of class [com.giapho.coffee_shop_backend.controller.ReportController]
2025-11-13 02:23:18 [http-nio-8088-exec-6] DEBUG o.s.s.a.m.AuthorizationManagerBeforeMethodInterceptor - Authorized method invocation ReflectiveMethodInvocation: public org.springframework.http.ResponseEntity com.giapho.coffee_shop_backend.controller.ReportController.getRevenueByDateRange(java.time.LocalDate,java.time.LocalDate); target is of class [com.giapho.coffee_shop_backend.controller.ReportController]
2025-11-13 02:23:18 [http-nio-8088-exec-6] DEBUG org.hibernate.SQL - 
    select
        o1_0.id,
        o1_0.voucher_id,
        o1_0.table_id,
        o1_0.created_at,
        o1_0.customer_id,
        o1_0.discount_amount,
        o1_0.paid_at,
        o1_0.payment_method,
        o1_0.status,
        o1_0.sub_total,
        o1_0.total_amount,
        o1_0.type,
        o1_0.user_id,
        o1_0.voucher_code 
    from
        orders o1_0 
    where
        o1_0.status=? 
        and o1_0.paid_at between ? and ?
2025-11-13 02:23:18 [http-nio-8088-exec-7] DEBUG o.s.security.web.FilterChainProxy - Securing OPTIONS /api/v1/reports/best-sellers?startDate=2025-10-14&endDate=2025-11-13&top=5&sortBy=revenue
2025-11-13 02:23:18 [http-nio-8088-exec-10] DEBUG o.s.security.web.FilterChainProxy - Securing GET /api/v1/reports/best-sellers?startDate=2025-10-14&endDate=2025-11-13&top=5&sortBy=revenue
2025-11-13 02:23:18 [http-nio-8088-exec-10] DEBUG org.hibernate.SQL - 
    select
        u1_0.id,
        u1_0.created_at,
        u1_0.email,
        u1_0.full_name,
        u1_0.password,
        u1_0.phone,
        u1_0.status,
        u1_0.updated_at,
        u1_0.username 
    from
        users u1_0 
    where
        u1_0.username=?
2025-11-13 02:23:18 [http-nio-8088-exec-10] DEBUG org.hibernate.SQL - 
    select
        r1_0.user_id,
        r1_1.id,
        r1_1.name 
    from
        user_roles r1_0 
    join
        roles r1_1 
            on r1_1.id=r1_0.role_id 
    where
        r1_0.user_id=?
2025-11-13 02:23:18 [http-nio-8088-exec-10] DEBUG o.s.security.web.FilterChainProxy - Secured GET /api/v1/reports/best-sellers?startDate=2025-10-14&endDate=2025-11-13&top=5&sortBy=revenue
2025-11-13 02:23:18 [http-nio-8088-exec-10] DEBUG o.s.s.a.m.AuthorizationManagerBeforeMethodInterceptor - Authorizing method invocation ReflectiveMethodInvocation: public org.springframework.http.ResponseEntity com.giapho.coffee_shop_backend.controller.ReportController.getBestSellers(java.time.LocalDate,java.time.LocalDate,int,java.lang.String); target is of class [com.giapho.coffee_shop_backend.controller.ReportController]
2025-11-13 02:23:18 [http-nio-8088-exec-10] DEBUG o.s.s.a.m.AuthorizationManagerBeforeMethodInterceptor - Authorized method invocation ReflectiveMethodInvocation: public org.springframework.http.ResponseEntity com.giapho.coffee_shop_backend.controller.ReportController.getBestSellers(java.time.LocalDate,java.time.LocalDate,int,java.lang.String); target is of class [com.giapho.coffee_shop_backend.controller.ReportController]
2025-11-13 02:23:18 [http-nio-8088-exec-10] DEBUG org.hibernate.SQL - 
    select
        od1_0.product_id,
        p1_0.name,
        sum(od1_0.quantity),
        sum((od1_0.quantity*od1_0.price_at_order)) 
    from
        order_details od1_0 
    join
        orders o1_0 
            on o1_0.id=od1_0.order_id 
    join
        products p1_0 
            on p1_0.id=od1_0.product_id 
    where
        o1_0.status='PAID' 
        and o1_0.paid_at between ? and ? 
    group by
        od1_0.product_id,
        p1_0.name 
    order by
        4 desc 
    limit
        ?
2025-11-13 02:23:22 [http-nio-8088-exec-9] DEBUG o.s.security.web.FilterChainProxy - Securing OPTIONS /api/v1/users/7
2025-11-13 02:23:22 [http-nio-8088-exec-5] DEBUG o.s.security.web.FilterChainProxy - Securing GET /api/v1/users/7
2025-11-13 02:23:22 [http-nio-8088-exec-5] DEBUG org.hibernate.SQL - 
    select
        u1_0.id,
        u1_0.created_at,
        u1_0.email,
        u1_0.full_name,
        u1_0.password,
        u1_0.phone,
        u1_0.status,
        u1_0.updated_at,
        u1_0.username 
    from
        users u1_0 
    where
        u1_0.username=?
2025-11-13 02:23:22 [http-nio-8088-exec-5] DEBUG org.hibernate.SQL - 
    select
        r1_0.user_id,
        r1_1.id,
        r1_1.name 
    from
        user_roles r1_0 
    join
        roles r1_1 
            on r1_1.id=r1_0.role_id 
    where
        r1_0.user_id=?
2025-11-13 02:23:22 [http-nio-8088-exec-5] DEBUG o.s.security.web.FilterChainProxy - Secured GET /api/v1/users/7
2025-11-13 02:23:22 [http-nio-8088-exec-5] DEBUG o.s.s.a.m.AuthorizationManagerBeforeMethodInterceptor - Authorizing method invocation ReflectiveMethodInvocation: public org.springframework.http.ResponseEntity com.giapho.coffee_shop_backend.controller.UserController.getUserById(java.lang.Long); target is of class [com.giapho.coffee_shop_backend.controller.UserController]
2025-11-13 02:23:22 [http-nio-8088-exec-5] DEBUG o.s.s.a.m.AuthorizationManagerBeforeMethodInterceptor - Authorized method invocation ReflectiveMethodInvocation: public org.springframework.http.ResponseEntity com.giapho.coffee_shop_backend.controller.UserController.getUserById(java.lang.Long); target is of class [com.giapho.coffee_shop_backend.controller.UserController]
2025-11-13 02:23:22 [http-nio-8088-exec-5] DEBUG org.hibernate.SQL - 
    select
        u1_0.id,
        u1_0.created_at,
        u1_0.email,
        u1_0.full_name,
        u1_0.password,
        u1_0.phone,
        r1_0.user_id,
        r1_1.id,
        r1_1.name,
        u1_0.status,
        u1_0.updated_at,
        u1_0.username 
    from
        users u1_0 
    left join
        user_roles r1_0 
            on u1_0.id=r1_0.user_id 
    left join
        roles r1_1 
            on r1_1.id=r1_0.role_id 
    where
        u1_0.id=?
2025-11-13 02:23:28 [http-nio-8088-exec-3] DEBUG o.s.security.web.FilterChainProxy - Securing OPTIONS /api/v1/users?page=0&size=10&sort=username,asc
2025-11-13 02:23:28 [http-nio-8088-exec-8] DEBUG o.s.security.web.FilterChainProxy - Securing GET /api/v1/users?page=0&size=10&sort=username,asc
2025-11-13 02:23:28 [http-nio-8088-exec-8] DEBUG org.hibernate.SQL - 
    select
        u1_0.id,
        u1_0.created_at,
        u1_0.email,
        u1_0.full_name,
        u1_0.password,
        u1_0.phone,
        u1_0.status,
        u1_0.updated_at,
        u1_0.username 
    from
        users u1_0 
    where
        u1_0.username=?
2025-11-13 02:23:28 [http-nio-8088-exec-8] DEBUG org.hibernate.SQL - 
    select
        r1_0.user_id,
        r1_1.id,
        r1_1.name 
    from
        user_roles r1_0 
    join
        roles r1_1 
            on r1_1.id=r1_0.role_id 
    where
        r1_0.user_id=?
2025-11-13 02:23:28 [http-nio-8088-exec-8] DEBUG o.s.security.web.FilterChainProxy - Secured GET /api/v1/users?page=0&size=10&sort=username,asc
2025-11-13 02:23:28 [http-nio-8088-exec-8] DEBUG o.s.s.a.m.AuthorizationManagerBeforeMethodInterceptor - Authorizing method invocation ReflectiveMethodInvocation: public org.springframework.http.ResponseEntity com.giapho.coffee_shop_backend.controller.UserController.getAllUsers(org.springframework.data.domain.Pageable); target is of class [com.giapho.coffee_shop_backend.controller.UserController]
2025-11-13 02:23:28 [http-nio-8088-exec-8] DEBUG o.s.s.a.m.AuthorizationManagerBeforeMethodInterceptor - Authorized method invocation ReflectiveMethodInvocation: public org.springframework.http.ResponseEntity com.giapho.coffee_shop_backend.controller.UserController.getAllUsers(org.springframework.data.domain.Pageable); target is of class [com.giapho.coffee_shop_backend.controller.UserController]
2025-11-13 02:23:28 [http-nio-8088-exec-8] DEBUG org.hibernate.SQL - 
    select
        u1_0.id,
        u1_0.created_at,
        u1_0.email,
        u1_0.full_name,
        u1_0.password,
        u1_0.phone,
        u1_0.status,
        u1_0.updated_at,
        u1_0.username 
    from
        users u1_0 
    order by
        u1_0.username 
    limit
        ?, ?
2025-11-13 02:23:28 [http-nio-8088-exec-8] DEBUG org.hibernate.SQL - 
    select
        r1_0.user_id,
        r1_1.id,
        r1_1.name 
    from
        user_roles r1_0 
    join
        roles r1_1 
            on r1_1.id=r1_0.role_id 
    where
        r1_0.user_id=?
2025-11-13 02:23:28 [http-nio-8088-exec-8] DEBUG org.hibernate.SQL - 
    select
        r1_0.user_id,
        r1_1.id,
        r1_1.name 
    from
        user_roles r1_0 
    join
        roles r1_1 
            on r1_1.id=r1_0.role_id 
    where
        r1_0.user_id=?
2025-11-13 02:23:28 [http-nio-8088-exec-8] DEBUG org.hibernate.SQL - 
    select
        r1_0.user_id,
        r1_1.id,
        r1_1.name 
    from
        user_roles r1_0 
    join
        roles r1_1 
            on r1_1.id=r1_0.role_id 
    where
        r1_0.user_id=?
2025-11-13 02:23:28 [http-nio-8088-exec-8] DEBUG org.hibernate.SQL - 
    select
        r1_0.user_id,
        r1_1.id,
        r1_1.name 
    from
        user_roles r1_0 
    join
        roles r1_1 
            on r1_1.id=r1_0.role_id 
    where
        r1_0.user_id=?
2025-11-13 02:23:28 [http-nio-8088-exec-8] DEBUG org.hibernate.SQL - 
    select
        r1_0.user_id,
        r1_1.id,
        r1_1.name 
    from
        user_roles r1_0 
    join
        roles r1_1 
            on r1_1.id=r1_0.role_id 
    where
        r1_0.user_id=?
2025-11-13 02:23:28 [http-nio-8088-exec-8] DEBUG org.hibernate.SQL - 
    select
        r1_0.user_id,
        r1_1.id,
        r1_1.name 
    from
        user_roles r1_0 
    join
        roles r1_1 
            on r1_1.id=r1_0.role_id 
    where
        r1_0.user_id=?
2025-11-13 02:23:29 [http-nio-8088-exec-1] DEBUG o.s.security.web.FilterChainProxy - Securing OPTIONS /api/v1/login-history?page=0&size=10&sort=loginAt,desc
2025-11-13 02:23:29 [http-nio-8088-exec-4] DEBUG o.s.security.web.FilterChainProxy - Securing GET /api/v1/login-history?page=0&size=10&sort=loginAt,desc
2025-11-13 02:23:29 [http-nio-8088-exec-4] DEBUG org.hibernate.SQL - 
    select
        u1_0.id,
        u1_0.created_at,
        u1_0.email,
        u1_0.full_name,
        u1_0.password,
        u1_0.phone,
        u1_0.status,
        u1_0.updated_at,
        u1_0.username 
    from
        users u1_0 
    where
        u1_0.username=?
2025-11-13 02:23:29 [http-nio-8088-exec-4] DEBUG org.hibernate.SQL - 
    select
        r1_0.user_id,
        r1_1.id,
        r1_1.name 
    from
        user_roles r1_0 
    join
        roles r1_1 
            on r1_1.id=r1_0.role_id 
    where
        r1_0.user_id=?
2025-11-13 02:23:29 [http-nio-8088-exec-4] DEBUG o.s.security.web.FilterChainProxy - Secured GET /api/v1/login-history?page=0&size=10&sort=loginAt,desc
2025-11-13 02:23:29 [http-nio-8088-exec-4] DEBUG o.s.s.a.m.AuthorizationManagerBeforeMethodInterceptor - Authorizing method invocation ReflectiveMethodInvocation: public org.springframework.http.ResponseEntity com.giapho.coffee_shop_backend.controller.LoginHistoryController.getLoginHistory(java.lang.String,java.lang.Boolean,java.time.LocalDateTime,java.time.LocalDateTime,org.springframework.data.domain.Pageable); target is of class [com.giapho.coffee_shop_backend.controller.LoginHistoryController]
2025-11-13 02:23:29 [http-nio-8088-exec-4] DEBUG o.s.s.a.m.AuthorizationManagerBeforeMethodInterceptor - Authorized method invocation ReflectiveMethodInvocation: public org.springframework.http.ResponseEntity com.giapho.coffee_shop_backend.controller.LoginHistoryController.getLoginHistory(java.lang.String,java.lang.Boolean,java.time.LocalDateTime,java.time.LocalDateTime,org.springframework.data.domain.Pageable); target is of class [com.giapho.coffee_shop_backend.controller.LoginHistoryController]
2025-11-13 02:23:29 [http-nio-8088-exec-4] DEBUG org.hibernate.SQL - 
    select
        lh1_0.id,
        lh1_0.ip_address,
        lh1_0.login_at,
        lh1_0.message,
        lh1_0.success,
        lh1_0.user_id,
        lh1_0.user_agent,
        lh1_0.username 
    from
        login_history lh1_0 
    where
        1=1 
    order by
        lh1_0.login_at desc 
    limit
        ?, ?
2025-11-13 02:23:29 [http-nio-8088-exec-4] DEBUG org.hibernate.SQL - 
    select
        count(lh1_0.id) 
    from
        login_history lh1_0 
    where
        1=1
2025-11-13 02:23:29 [http-nio-8088-exec-4] DEBUG org.hibernate.SQL - 
    select
        u1_0.id,
        u1_0.created_at,
        u1_0.email,
        u1_0.full_name,
        u1_0.password,
        u1_0.phone,
        r1_0.user_id,
        r1_1.id,
        r1_1.name,
        u1_0.status,
        u1_0.updated_at,
        u1_0.username 
    from
        users u1_0 
    left join
        user_roles r1_0 
            on u1_0.id=r1_0.user_id 
    left join
        roles r1_1 
            on r1_1.id=r1_0.role_id 
    where
        u1_0.id=?
2025-11-13 02:23:29 [http-nio-8088-exec-4] DEBUG org.hibernate.SQL - 
    select
        u1_0.id,
        u1_0.created_at,
        u1_0.email,
        u1_0.full_name,
        u1_0.password,
        u1_0.phone,
        r1_0.user_id,
        r1_1.id,
        r1_1.name,
        u1_0.status,
        u1_0.updated_at,
        u1_0.username 
    from
        users u1_0 
    left join
        user_roles r1_0 
            on u1_0.id=r1_0.user_id 
    left join
        roles r1_1 
            on r1_1.id=r1_0.role_id 
    where
        u1_0.id=?
2025-11-13 02:23:32 [http-nio-8088-exec-2] DEBUG o.s.security.web.FilterChainProxy - Securing OPTIONS /api/v1/login-history?page=6&size=10&sort=loginAt,desc
2025-11-13 02:23:32 [http-nio-8088-exec-6] DEBUG o.s.security.web.FilterChainProxy - Securing GET /api/v1/login-history?page=6&size=10&sort=loginAt,desc
2025-11-13 02:23:32 [http-nio-8088-exec-6] DEBUG org.hibernate.SQL - 
    select
        u1_0.id,
        u1_0.created_at,
        u1_0.email,
        u1_0.full_name,
        u1_0.password,
        u1_0.phone,
        u1_0.status,
        u1_0.updated_at,
        u1_0.username 
    from
        users u1_0 
    where
        u1_0.username=?
2025-11-13 02:23:32 [http-nio-8088-exec-6] DEBUG org.hibernate.SQL - 
    select
        r1_0.user_id,
        r1_1.id,
        r1_1.name 
    from
        user_roles r1_0 
    join
        roles r1_1 
            on r1_1.id=r1_0.role_id 
    where
        r1_0.user_id=?
2025-11-13 02:23:32 [http-nio-8088-exec-6] DEBUG o.s.security.web.FilterChainProxy - Secured GET /api/v1/login-history?page=6&size=10&sort=loginAt,desc
2025-11-13 02:23:32 [http-nio-8088-exec-6] DEBUG o.s.s.a.m.AuthorizationManagerBeforeMethodInterceptor - Authorizing method invocation ReflectiveMethodInvocation: public org.springframework.http.ResponseEntity com.giapho.coffee_shop_backend.controller.LoginHistoryController.getLoginHistory(java.lang.String,java.lang.Boolean,java.time.LocalDateTime,java.time.LocalDateTime,org.springframework.data.domain.Pageable); target is of class [com.giapho.coffee_shop_backend.controller.LoginHistoryController]
2025-11-13 02:23:32 [http-nio-8088-exec-6] DEBUG o.s.s.a.m.AuthorizationManagerBeforeMethodInterceptor - Authorized method invocation ReflectiveMethodInvocation: public org.springframework.http.ResponseEntity com.giapho.coffee_shop_backend.controller.LoginHistoryController.getLoginHistory(java.lang.String,java.lang.Boolean,java.time.LocalDateTime,java.time.LocalDateTime,org.springframework.data.domain.Pageable); target is of class [com.giapho.coffee_shop_backend.controller.LoginHistoryController]
2025-11-13 02:23:32 [http-nio-8088-exec-6] DEBUG org.hibernate.SQL - 
    select
        lh1_0.id,
        lh1_0.ip_address,
        lh1_0.login_at,
        lh1_0.message,
        lh1_0.success,
        lh1_0.user_id,
        lh1_0.user_agent,
        lh1_0.username 
    from
        login_history lh1_0 
    where
        1=1 
    order by
        lh1_0.login_at desc 
    limit
        ?, ?
2025-11-13 02:23:32 [http-nio-8088-exec-6] DEBUG org.hibernate.SQL - 
    select
        u1_0.id,
        u1_0.created_at,
        u1_0.email,
        u1_0.full_name,
        u1_0.password,
        u1_0.phone,
        r1_0.user_id,
        r1_1.id,
        r1_1.name,
        u1_0.status,
        u1_0.updated_at,
        u1_0.username 
    from
        users u1_0 
    left join
        user_roles r1_0 
            on u1_0.id=r1_0.user_id 
    left join
        roles r1_1 
            on r1_1.id=r1_0.role_id 
    where
        u1_0.id=?
2025-11-13 02:23:32 [http-nio-8088-exec-6] DEBUG org.hibernate.SQL - 
    select
        u1_0.id,
        u1_0.created_at,
        u1_0.email,
        u1_0.full_name,
        u1_0.password,
        u1_0.phone,
        r1_0.user_id,
        r1_1.id,
        r1_1.name,
        u1_0.status,
        u1_0.updated_at,
        u1_0.username 
    from
        users u1_0 
    left join
        user_roles r1_0 
            on u1_0.id=r1_0.user_id 
    left join
        roles r1_1 
            on r1_1.id=r1_0.role_id 
    where
        u1_0.id=?
2025-11-13 02:23:33 [http-nio-8088-exec-7] DEBUG o.s.security.web.FilterChainProxy - Securing GET /api/v1/login-history?page=0&size=10&sort=loginAt,desc
2025-11-13 02:23:33 [http-nio-8088-exec-7] DEBUG org.hibernate.SQL - 
    select
        u1_0.id,
        u1_0.created_at,
        u1_0.email,
        u1_0.full_name,
        u1_0.password,
        u1_0.phone,
        u1_0.status,
        u1_0.updated_at,
        u1_0.username 
    from
        users u1_0 
    where
        u1_0.username=?
2025-11-13 02:23:33 [http-nio-8088-exec-7] DEBUG org.hibernate.SQL - 
    select
        r1_0.user_id,
        r1_1.id,
        r1_1.name 
    from
        user_roles r1_0 
    join
        roles r1_1 
            on r1_1.id=r1_0.role_id 
    where
        r1_0.user_id=?
2025-11-13 02:23:33 [http-nio-8088-exec-7] DEBUG o.s.security.web.FilterChainProxy - Secured GET /api/v1/login-history?page=0&size=10&sort=loginAt,desc
2025-11-13 02:23:33 [http-nio-8088-exec-7] DEBUG o.s.s.a.m.AuthorizationManagerBeforeMethodInterceptor - Authorizing method invocation ReflectiveMethodInvocation: public org.springframework.http.ResponseEntity com.giapho.coffee_shop_backend.controller.LoginHistoryController.getLoginHistory(java.lang.String,java.lang.Boolean,java.time.LocalDateTime,java.time.LocalDateTime,org.springframework.data.domain.Pageable); target is of class [com.giapho.coffee_shop_backend.controller.LoginHistoryController]
2025-11-13 02:23:33 [http-nio-8088-exec-7] DEBUG o.s.s.a.m.AuthorizationManagerBeforeMethodInterceptor - Authorized method invocation ReflectiveMethodInvocation: public org.springframework.http.ResponseEntity com.giapho.coffee_shop_backend.controller.LoginHistoryController.getLoginHistory(java.lang.String,java.lang.Boolean,java.time.LocalDateTime,java.time.LocalDateTime,org.springframework.data.domain.Pageable); target is of class [com.giapho.coffee_shop_backend.controller.LoginHistoryController]
2025-11-13 02:23:33 [http-nio-8088-exec-7] DEBUG org.hibernate.SQL - 
    select
        lh1_0.id,
        lh1_0.ip_address,
        lh1_0.login_at,
        lh1_0.message,
        lh1_0.success,
        lh1_0.user_id,
        lh1_0.user_agent,
        lh1_0.username 
    from
        login_history lh1_0 
    where
        1=1 
    order by
        lh1_0.login_at desc 
    limit
        ?, ?
2025-11-13 02:23:33 [http-nio-8088-exec-7] DEBUG org.hibernate.SQL - 
    select
        count(lh1_0.id) 
    from
        login_history lh1_0 
    where
        1=1
2025-11-13 02:23:33 [http-nio-8088-exec-7] DEBUG org.hibernate.SQL - 
    select
        u1_0.id,
        u1_0.created_at,
        u1_0.email,
        u1_0.full_name,
        u1_0.password,
        u1_0.phone,
        r1_0.user_id,
        r1_1.id,
        r1_1.name,
        u1_0.status,
        u1_0.updated_at,
        u1_0.username 
    from
        users u1_0 
    left join
        user_roles r1_0 
            on u1_0.id=r1_0.user_id 
    left join
        roles r1_1 
            on r1_1.id=r1_0.role_id 
    where
        u1_0.id=?
2025-11-13 02:23:33 [http-nio-8088-exec-7] DEBUG org.hibernate.SQL - 
    select
        u1_0.id,
        u1_0.created_at,
        u1_0.email,
        u1_0.full_name,
        u1_0.password,
        u1_0.phone,
        r1_0.user_id,
        r1_1.id,
        r1_1.name,
        u1_0.status,
        u1_0.updated_at,
        u1_0.username 
    from
        users u1_0 
    left join
        user_roles r1_0 
            on u1_0.id=r1_0.user_id 
    left join
        roles r1_1 
            on r1_1.id=r1_0.role_id 
    where
        u1_0.id=?
2025-11-13 02:23:40 [http-nio-8088-exec-10] DEBUG o.s.security.web.FilterChainProxy - Securing OPTIONS /api/v1/login-history?page=1&size=10&sort=loginAt,desc
2025-11-13 02:23:40 [http-nio-8088-exec-9] DEBUG o.s.security.web.FilterChainProxy - Securing GET /api/v1/login-history?page=1&size=10&sort=loginAt,desc
2025-11-13 02:23:40 [http-nio-8088-exec-9] DEBUG org.hibernate.SQL - 
    select
        u1_0.id,
        u1_0.created_at,
        u1_0.email,
        u1_0.full_name,
        u1_0.password,
        u1_0.phone,
        u1_0.status,
        u1_0.updated_at,
        u1_0.username 
    from
        users u1_0 
    where
        u1_0.username=?
2025-11-13 02:23:40 [http-nio-8088-exec-9] DEBUG org.hibernate.SQL - 
    select
        r1_0.user_id,
        r1_1.id,
        r1_1.name 
    from
        user_roles r1_0 
    join
        roles r1_1 
            on r1_1.id=r1_0.role_id 
    where
        r1_0.user_id=?
2025-11-13 02:23:40 [http-nio-8088-exec-9] DEBUG o.s.security.web.FilterChainProxy - Secured GET /api/v1/login-history?page=1&size=10&sort=loginAt,desc
2025-11-13 02:23:40 [http-nio-8088-exec-9] DEBUG o.s.s.a.m.AuthorizationManagerBeforeMethodInterceptor - Authorizing method invocation ReflectiveMethodInvocation: public org.springframework.http.ResponseEntity com.giapho.coffee_shop_backend.controller.LoginHistoryController.getLoginHistory(java.lang.String,java.lang.Boolean,java.time.LocalDateTime,java.time.LocalDateTime,org.springframework.data.domain.Pageable); target is of class [com.giapho.coffee_shop_backend.controller.LoginHistoryController]
2025-11-13 02:23:40 [http-nio-8088-exec-9] DEBUG o.s.s.a.m.AuthorizationManagerBeforeMethodInterceptor - Authorized method invocation ReflectiveMethodInvocation: public org.springframework.http.ResponseEntity com.giapho.coffee_shop_backend.controller.LoginHistoryController.getLoginHistory(java.lang.String,java.lang.Boolean,java.time.LocalDateTime,java.time.LocalDateTime,org.springframework.data.domain.Pageable); target is of class [com.giapho.coffee_shop_backend.controller.LoginHistoryController]
2025-11-13 02:23:40 [http-nio-8088-exec-9] DEBUG org.hibernate.SQL - 
    select
        lh1_0.id,
        lh1_0.ip_address,
        lh1_0.login_at,
        lh1_0.message,
        lh1_0.success,
        lh1_0.user_id,
        lh1_0.user_agent,
        lh1_0.username 
    from
        login_history lh1_0 
    where
        1=1 
    order by
        lh1_0.login_at desc 
    limit
        ?, ?
2025-11-13 02:23:40 [http-nio-8088-exec-9] DEBUG org.hibernate.SQL - 
    select
        count(lh1_0.id) 
    from
        login_history lh1_0 
    where
        1=1
2025-11-13 02:23:40 [http-nio-8088-exec-9] DEBUG org.hibernate.SQL - 
    select
        u1_0.id,
        u1_0.created_at,
        u1_0.email,
        u1_0.full_name,
        u1_0.password,
        u1_0.phone,
        r1_0.user_id,
        r1_1.id,
        r1_1.name,
        u1_0.status,
        u1_0.updated_at,
        u1_0.username 
    from
        users u1_0 
    left join
        user_roles r1_0 
            on u1_0.id=r1_0.user_id 
    left join
        roles r1_1 
            on r1_1.id=r1_0.role_id 
    where
        u1_0.id=?
2025-11-13 02:23:40 [http-nio-8088-exec-9] DEBUG org.hibernate.SQL - 
    select
        u1_0.id,
        u1_0.created_at,
        u1_0.email,
        u1_0.full_name,
        u1_0.password,
        u1_0.phone,
        r1_0.user_id,
        r1_1.id,
        r1_1.name,
        u1_0.status,
        u1_0.updated_at,
        u1_0.username 
    from
        users u1_0 
    left join
        user_roles r1_0 
            on u1_0.id=r1_0.user_id 
    left join
        roles r1_1 
            on r1_1.id=r1_0.role_id 
    where
        u1_0.id=?
2025-11-13 02:23:43 [http-nio-8088-exec-5] DEBUG o.s.security.web.FilterChainProxy - Securing OPTIONS /api/v1/login-history?page=2&size=10&sort=loginAt,desc
2025-11-13 02:23:43 [http-nio-8088-exec-3] DEBUG o.s.security.web.FilterChainProxy - Securing GET /api/v1/login-history?page=2&size=10&sort=loginAt,desc
2025-11-13 02:23:43 [http-nio-8088-exec-3] DEBUG org.hibernate.SQL - 
    select
        u1_0.id,
        u1_0.created_at,
        u1_0.email,
        u1_0.full_name,
        u1_0.password,
        u1_0.phone,
        u1_0.status,
        u1_0.updated_at,
        u1_0.username 
    from
        users u1_0 
    where
        u1_0.username=?
2025-11-13 02:23:43 [http-nio-8088-exec-3] DEBUG org.hibernate.SQL - 
    select
        r1_0.user_id,
        r1_1.id,
        r1_1.name 
    from
        user_roles r1_0 
    join
        roles r1_1 
            on r1_1.id=r1_0.role_id 
    where
        r1_0.user_id=?
2025-11-13 02:23:43 [http-nio-8088-exec-3] DEBUG o.s.security.web.FilterChainProxy - Secured GET /api/v1/login-history?page=2&size=10&sort=loginAt,desc
2025-11-13 02:23:43 [http-nio-8088-exec-3] DEBUG o.s.s.a.m.AuthorizationManagerBeforeMethodInterceptor - Authorizing method invocation ReflectiveMethodInvocation: public org.springframework.http.ResponseEntity com.giapho.coffee_shop_backend.controller.LoginHistoryController.getLoginHistory(java.lang.String,java.lang.Boolean,java.time.LocalDateTime,java.time.LocalDateTime,org.springframework.data.domain.Pageable); target is of class [com.giapho.coffee_shop_backend.controller.LoginHistoryController]
2025-11-13 02:23:43 [http-nio-8088-exec-3] DEBUG o.s.s.a.m.AuthorizationManagerBeforeMethodInterceptor - Authorized method invocation ReflectiveMethodInvocation: public org.springframework.http.ResponseEntity com.giapho.coffee_shop_backend.controller.LoginHistoryController.getLoginHistory(java.lang.String,java.lang.Boolean,java.time.LocalDateTime,java.time.LocalDateTime,org.springframework.data.domain.Pageable); target is of class [com.giapho.coffee_shop_backend.controller.LoginHistoryController]
2025-11-13 02:23:43 [http-nio-8088-exec-3] DEBUG org.hibernate.SQL - 
    select
        lh1_0.id,
        lh1_0.ip_address,
        lh1_0.login_at,
        lh1_0.message,
        lh1_0.success,
        lh1_0.user_id,
        lh1_0.user_agent,
        lh1_0.username 
    from
        login_history lh1_0 
    where
        1=1 
    order by
        lh1_0.login_at desc 
    limit
        ?, ?
2025-11-13 02:23:43 [http-nio-8088-exec-3] DEBUG org.hibernate.SQL - 
    select
        count(lh1_0.id) 
    from
        login_history lh1_0 
    where
        1=1
2025-11-13 02:23:43 [http-nio-8088-exec-3] DEBUG org.hibernate.SQL - 
    select
        u1_0.id,
        u1_0.created_at,
        u1_0.email,
        u1_0.full_name,
        u1_0.password,
        u1_0.phone,
        r1_0.user_id,
        r1_1.id,
        r1_1.name,
        u1_0.status,
        u1_0.updated_at,
        u1_0.username 
    from
        users u1_0 
    left join
        user_roles r1_0 
            on u1_0.id=r1_0.user_id 
    left join
        roles r1_1 
            on r1_1.id=r1_0.role_id 
    where
        u1_0.id=?
2025-11-13 02:23:44 [http-nio-8088-exec-8] DEBUG o.s.security.web.FilterChainProxy - Securing OPTIONS /api/v1/login-history?page=3&size=10&sort=loginAt,desc
2025-11-13 02:23:44 [http-nio-8088-exec-1] DEBUG o.s.security.web.FilterChainProxy - Securing GET /api/v1/login-history?page=3&size=10&sort=loginAt,desc
2025-11-13 02:23:44 [http-nio-8088-exec-1] DEBUG org.hibernate.SQL - 
    select
        u1_0.id,
        u1_0.created_at,
        u1_0.email,
        u1_0.full_name,
        u1_0.password,
        u1_0.phone,
        u1_0.status,
        u1_0.updated_at,
        u1_0.username 
    from
        users u1_0 
    where
        u1_0.username=?
2025-11-13 02:23:44 [http-nio-8088-exec-1] DEBUG org.hibernate.SQL - 
    select
        r1_0.user_id,
        r1_1.id,
        r1_1.name 
    from
        user_roles r1_0 
    join
        roles r1_1 
            on r1_1.id=r1_0.role_id 
    where
        r1_0.user_id=?
2025-11-13 02:23:44 [http-nio-8088-exec-1] DEBUG o.s.security.web.FilterChainProxy - Secured GET /api/v1/login-history?page=3&size=10&sort=loginAt,desc
2025-11-13 02:23:44 [http-nio-8088-exec-1] DEBUG o.s.s.a.m.AuthorizationManagerBeforeMethodInterceptor - Authorizing method invocation ReflectiveMethodInvocation: public org.springframework.http.ResponseEntity com.giapho.coffee_shop_backend.controller.LoginHistoryController.getLoginHistory(java.lang.String,java.lang.Boolean,java.time.LocalDateTime,java.time.LocalDateTime,org.springframework.data.domain.Pageable); target is of class [com.giapho.coffee_shop_backend.controller.LoginHistoryController]
2025-11-13 02:23:44 [http-nio-8088-exec-1] DEBUG o.s.s.a.m.AuthorizationManagerBeforeMethodInterceptor - Authorized method invocation ReflectiveMethodInvocation: public org.springframework.http.ResponseEntity com.giapho.coffee_shop_backend.controller.LoginHistoryController.getLoginHistory(java.lang.String,java.lang.Boolean,java.time.LocalDateTime,java.time.LocalDateTime,org.springframework.data.domain.Pageable); target is of class [com.giapho.coffee_shop_backend.controller.LoginHistoryController]
2025-11-13 02:23:44 [http-nio-8088-exec-1] DEBUG org.hibernate.SQL - 
    select
        lh1_0.id,
        lh1_0.ip_address,
        lh1_0.login_at,
        lh1_0.message,
        lh1_0.success,
        lh1_0.user_id,
        lh1_0.user_agent,
        lh1_0.username 
    from
        login_history lh1_0 
    where
        1=1 
    order by
        lh1_0.login_at desc 
    limit
        ?, ?
2025-11-13 02:23:44 [http-nio-8088-exec-1] DEBUG org.hibernate.SQL - 
    select
        count(lh1_0.id) 
    from
        login_history lh1_0 
    where
        1=1
2025-11-13 02:23:44 [http-nio-8088-exec-1] DEBUG org.hibernate.SQL - 
    select
        u1_0.id,
        u1_0.created_at,
        u1_0.email,
        u1_0.full_name,
        u1_0.password,
        u1_0.phone,
        r1_0.user_id,
        r1_1.id,
        r1_1.name,
        u1_0.status,
        u1_0.updated_at,
        u1_0.username 
    from
        users u1_0 
    left join
        user_roles r1_0 
            on u1_0.id=r1_0.user_id 
    left join
        roles r1_1 
            on r1_1.id=r1_0.role_id 
    where
        u1_0.id=?
2025-11-13 02:23:44 [http-nio-8088-exec-1] DEBUG org.hibernate.SQL - 
    select
        u1_0.id,
        u1_0.created_at,
        u1_0.email,
        u1_0.full_name,
        u1_0.password,
        u1_0.phone,
        r1_0.user_id,
        r1_1.id,
        r1_1.name,
        u1_0.status,
        u1_0.updated_at,
        u1_0.username 
    from
        users u1_0 
    left join
        user_roles r1_0 
            on u1_0.id=r1_0.user_id 
    left join
        roles r1_1 
            on r1_1.id=r1_0.role_id 
    where
        u1_0.id=?
2025-11-13 02:23:46 [http-nio-8088-exec-4] DEBUG o.s.security.web.FilterChainProxy - Securing OPTIONS /api/v1/login-history?page=4&size=10&sort=loginAt,desc
2025-11-13 02:23:46 [http-nio-8088-exec-2] DEBUG o.s.security.web.FilterChainProxy - Securing GET /api/v1/login-history?page=4&size=10&sort=loginAt,desc
2025-11-13 02:23:46 [http-nio-8088-exec-2] DEBUG org.hibernate.SQL - 
    select
        u1_0.id,
        u1_0.created_at,
        u1_0.email,
        u1_0.full_name,
        u1_0.password,
        u1_0.phone,
        u1_0.status,
        u1_0.updated_at,
        u1_0.username 
    from
        users u1_0 
    where
        u1_0.username=?
2025-11-13 02:23:46 [http-nio-8088-exec-2] DEBUG org.hibernate.SQL - 
    select
        r1_0.user_id,
        r1_1.id,
        r1_1.name 
    from
        user_roles r1_0 
    join
        roles r1_1 
            on r1_1.id=r1_0.role_id 
    where
        r1_0.user_id=?
2025-11-13 02:23:46 [http-nio-8088-exec-2] DEBUG o.s.security.web.FilterChainProxy - Secured GET /api/v1/login-history?page=4&size=10&sort=loginAt,desc
2025-11-13 02:23:46 [http-nio-8088-exec-2] DEBUG o.s.s.a.m.AuthorizationManagerBeforeMethodInterceptor - Authorizing method invocation ReflectiveMethodInvocation: public org.springframework.http.ResponseEntity com.giapho.coffee_shop_backend.controller.LoginHistoryController.getLoginHistory(java.lang.String,java.lang.Boolean,java.time.LocalDateTime,java.time.LocalDateTime,org.springframework.data.domain.Pageable); target is of class [com.giapho.coffee_shop_backend.controller.LoginHistoryController]
2025-11-13 02:23:46 [http-nio-8088-exec-2] DEBUG o.s.s.a.m.AuthorizationManagerBeforeMethodInterceptor - Authorized method invocation ReflectiveMethodInvocation: public org.springframework.http.ResponseEntity com.giapho.coffee_shop_backend.controller.LoginHistoryController.getLoginHistory(java.lang.String,java.lang.Boolean,java.time.LocalDateTime,java.time.LocalDateTime,org.springframework.data.domain.Pageable); target is of class [com.giapho.coffee_shop_backend.controller.LoginHistoryController]
2025-11-13 02:23:46 [http-nio-8088-exec-2] DEBUG org.hibernate.SQL - 
    select
        lh1_0.id,
        lh1_0.ip_address,
        lh1_0.login_at,
        lh1_0.message,
        lh1_0.success,
        lh1_0.user_id,
        lh1_0.user_agent,
        lh1_0.username 
    from
        login_history lh1_0 
    where
        1=1 
    order by
        lh1_0.login_at desc 
    limit
        ?, ?
2025-11-13 02:23:46 [http-nio-8088-exec-2] DEBUG org.hibernate.SQL - 
    select
        count(lh1_0.id) 
    from
        login_history lh1_0 
    where
        1=1
2025-11-13 02:23:46 [http-nio-8088-exec-2] DEBUG org.hibernate.SQL - 
    select
        u1_0.id,
        u1_0.created_at,
        u1_0.email,
        u1_0.full_name,
        u1_0.password,
        u1_0.phone,
        r1_0.user_id,
        r1_1.id,
        r1_1.name,
        u1_0.status,
        u1_0.updated_at,
        u1_0.username 
    from
        users u1_0 
    left join
        user_roles r1_0 
            on u1_0.id=r1_0.user_id 
    left join
        roles r1_1 
            on r1_1.id=r1_0.role_id 
    where
        u1_0.id=?
2025-11-13 02:23:46 [http-nio-8088-exec-2] DEBUG org.hibernate.SQL - 
    select
        u1_0.id,
        u1_0.created_at,
        u1_0.email,
        u1_0.full_name,
        u1_0.password,
        u1_0.phone,
        r1_0.user_id,
        r1_1.id,
        r1_1.name,
        u1_0.status,
        u1_0.updated_at,
        u1_0.username 
    from
        users u1_0 
    left join
        user_roles r1_0 
            on u1_0.id=r1_0.user_id 
    left join
        roles r1_1 
            on r1_1.id=r1_0.role_id 
    where
        u1_0.id=?
2025-11-13 02:23:47 [http-nio-8088-exec-6] DEBUG o.s.security.web.FilterChainProxy - Securing GET /api/v1/login-history?page=0&size=10&sort=loginAt,desc
2025-11-13 02:23:47 [http-nio-8088-exec-6] DEBUG org.hibernate.SQL - 
    select
        u1_0.id,
        u1_0.created_at,
        u1_0.email,
        u1_0.full_name,
        u1_0.password,
        u1_0.phone,
        u1_0.status,
        u1_0.updated_at,
        u1_0.username 
    from
        users u1_0 
    where
        u1_0.username=?
2025-11-13 02:23:47 [http-nio-8088-exec-6] DEBUG org.hibernate.SQL - 
    select
        r1_0.user_id,
        r1_1.id,
        r1_1.name 
    from
        user_roles r1_0 
    join
        roles r1_1 
            on r1_1.id=r1_0.role_id 
    where
        r1_0.user_id=?
2025-11-13 02:23:47 [http-nio-8088-exec-6] DEBUG o.s.security.web.FilterChainProxy - Secured GET /api/v1/login-history?page=0&size=10&sort=loginAt,desc
2025-11-13 02:23:47 [http-nio-8088-exec-6] DEBUG o.s.s.a.m.AuthorizationManagerBeforeMethodInterceptor - Authorizing method invocation ReflectiveMethodInvocation: public org.springframework.http.ResponseEntity com.giapho.coffee_shop_backend.controller.LoginHistoryController.getLoginHistory(java.lang.String,java.lang.Boolean,java.time.LocalDateTime,java.time.LocalDateTime,org.springframework.data.domain.Pageable); target is of class [com.giapho.coffee_shop_backend.controller.LoginHistoryController]
2025-11-13 02:23:47 [http-nio-8088-exec-6] DEBUG o.s.s.a.m.AuthorizationManagerBeforeMethodInterceptor - Authorized method invocation ReflectiveMethodInvocation: public org.springframework.http.ResponseEntity com.giapho.coffee_shop_backend.controller.LoginHistoryController.getLoginHistory(java.lang.String,java.lang.Boolean,java.time.LocalDateTime,java.time.LocalDateTime,org.springframework.data.domain.Pageable); target is of class [com.giapho.coffee_shop_backend.controller.LoginHistoryController]
2025-11-13 02:23:47 [http-nio-8088-exec-6] DEBUG org.hibernate.SQL - 
    select
        lh1_0.id,
        lh1_0.ip_address,
        lh1_0.login_at,
        lh1_0.message,
        lh1_0.success,
        lh1_0.user_id,
        lh1_0.user_agent,
        lh1_0.username 
    from
        login_history lh1_0 
    where
        1=1 
    order by
        lh1_0.login_at desc 
    limit
        ?, ?
2025-11-13 02:23:47 [http-nio-8088-exec-6] DEBUG org.hibernate.SQL - 
    select
        count(lh1_0.id) 
    from
        login_history lh1_0 
    where
        1=1
2025-11-13 02:23:47 [http-nio-8088-exec-6] DEBUG org.hibernate.SQL - 
    select
        u1_0.id,
        u1_0.created_at,
        u1_0.email,
        u1_0.full_name,
        u1_0.password,
        u1_0.phone,
        r1_0.user_id,
        r1_1.id,
        r1_1.name,
        u1_0.status,
        u1_0.updated_at,
        u1_0.username 
    from
        users u1_0 
    left join
        user_roles r1_0 
            on u1_0.id=r1_0.user_id 
    left join
        roles r1_1 
            on r1_1.id=r1_0.role_id 
    where
        u1_0.id=?
2025-11-13 02:23:47 [http-nio-8088-exec-6] DEBUG org.hibernate.SQL - 
    select
        u1_0.id,
        u1_0.created_at,
        u1_0.email,
        u1_0.full_name,
        u1_0.password,
        u1_0.phone,
        r1_0.user_id,
        r1_1.id,
        r1_1.name,
        u1_0.status,
        u1_0.updated_at,
        u1_0.username 
    from
        users u1_0 
    left join
        user_roles r1_0 
            on u1_0.id=r1_0.user_id 
    left join
        roles r1_1 
            on r1_1.id=r1_0.role_id 
    where
        u1_0.id=?
2025-11-13 02:23:48 [http-nio-8088-exec-7] DEBUG o.s.security.web.FilterChainProxy - Securing GET /api/v1/login-history?page=1&size=10&sort=loginAt,desc
2025-11-13 02:23:48 [http-nio-8088-exec-7] DEBUG org.hibernate.SQL - 
    select
        u1_0.id,
        u1_0.created_at,
        u1_0.email,
        u1_0.full_name,
        u1_0.password,
        u1_0.phone,
        u1_0.status,
        u1_0.updated_at,
        u1_0.username 
    from
        users u1_0 
    where
        u1_0.username=?
2025-11-13 02:23:48 [http-nio-8088-exec-7] DEBUG org.hibernate.SQL - 
    select
        r1_0.user_id,
        r1_1.id,
        r1_1.name 
    from
        user_roles r1_0 
    join
        roles r1_1 
            on r1_1.id=r1_0.role_id 
    where
        r1_0.user_id=?
2025-11-13 02:23:48 [http-nio-8088-exec-7] DEBUG o.s.security.web.FilterChainProxy - Secured GET /api/v1/login-history?page=1&size=10&sort=loginAt,desc
2025-11-13 02:23:48 [http-nio-8088-exec-7] DEBUG o.s.s.a.m.AuthorizationManagerBeforeMethodInterceptor - Authorizing method invocation ReflectiveMethodInvocation: public org.springframework.http.ResponseEntity com.giapho.coffee_shop_backend.controller.LoginHistoryController.getLoginHistory(java.lang.String,java.lang.Boolean,java.time.LocalDateTime,java.time.LocalDateTime,org.springframework.data.domain.Pageable); target is of class [com.giapho.coffee_shop_backend.controller.LoginHistoryController]
2025-11-13 02:23:48 [http-nio-8088-exec-7] DEBUG o.s.s.a.m.AuthorizationManagerBeforeMethodInterceptor - Authorized method invocation ReflectiveMethodInvocation: public org.springframework.http.ResponseEntity com.giapho.coffee_shop_backend.controller.LoginHistoryController.getLoginHistory(java.lang.String,java.lang.Boolean,java.time.LocalDateTime,java.time.LocalDateTime,org.springframework.data.domain.Pageable); target is of class [com.giapho.coffee_shop_backend.controller.LoginHistoryController]
2025-11-13 02:23:48 [http-nio-8088-exec-7] DEBUG org.hibernate.SQL - 
    select
        lh1_0.id,
        lh1_0.ip_address,
        lh1_0.login_at,
        lh1_0.message,
        lh1_0.success,
        lh1_0.user_id,
        lh1_0.user_agent,
        lh1_0.username 
    from
        login_history lh1_0 
    where
        1=1 
    order by
        lh1_0.login_at desc 
    limit
        ?, ?
2025-11-13 02:23:48 [http-nio-8088-exec-7] DEBUG org.hibernate.SQL - 
    select
        count(lh1_0.id) 
    from
        login_history lh1_0 
    where
        1=1
2025-11-13 02:23:48 [http-nio-8088-exec-7] DEBUG org.hibernate.SQL - 
    select
        u1_0.id,
        u1_0.created_at,
        u1_0.email,
        u1_0.full_name,
        u1_0.password,
        u1_0.phone,
        r1_0.user_id,
        r1_1.id,
        r1_1.name,
        u1_0.status,
        u1_0.updated_at,
        u1_0.username 
    from
        users u1_0 
    left join
        user_roles r1_0 
            on u1_0.id=r1_0.user_id 
    left join
        roles r1_1 
            on r1_1.id=r1_0.role_id 
    where
        u1_0.id=?
2025-11-13 02:23:48 [http-nio-8088-exec-7] DEBUG org.hibernate.SQL - 
    select
        u1_0.id,
        u1_0.created_at,
        u1_0.email,
        u1_0.full_name,
        u1_0.password,
        u1_0.phone,
        r1_0.user_id,
        r1_1.id,
        r1_1.name,
        u1_0.status,
        u1_0.updated_at,
        u1_0.username 
    from
        users u1_0 
    left join
        user_roles r1_0 
            on u1_0.id=r1_0.user_id 
    left join
        roles r1_1 
            on r1_1.id=r1_0.role_id 
    where
        u1_0.id=?
